region,period,community_id,n_words,top_words_preview,label,lane,origin,inherited_from
combined,1510-1530,22,126,exercyse; herytages; auaunced; desyrous; warkes; delectacyon; parfeccyon; miserable; laudable; delectable,Worldly Vice and Temptation,Morality: Virtue & Vice,human,
combined,1510-1530,6,216,fyersly; honorably; ioyously; spedde; salued; hermyte; behelde; seneshall; ponthus; apperceyued,Chivalric Romance Narration,"Literature, Drama & Poetic Diction",human,
combined,1510-1530,5,235,turne; obeye; loose; save; resist; parceyue; studye; excuse; prepare; gyve,Infinitive Verb Forms,Structural / Uncertain,human,
combined,1510-1530,12,175,thynk; foly; madde; wery; truely; knew; blame; sothe; fele; perceyue,Verbs of Thinking and Perceiving,Structural / Uncertain,human,
combined,1510-1530,7,214,capitaynes; kyndes; capytaynes; states; sayn; countrees; monasteryes; diseases; mart; bysshoppes,"Estates, Offices and Institutions","Government, Law & Administration",human,
combined,1510-1530,0,302,excellence; worthynesse; conuersacyon; goodnesse; mekenesse; strength; affection; affeccyon; wysedome; confort,Virtues and Excellent Qualities,Morality: Virtue & Vice,human,
combined,1510-1530,25,108,rochell; oppresse; parell; greatter; gyle; fraude; thinge; domage; traueyle; hatred,"Wrongdoing, Fraud and Harm",Morality: Virtue & Vice,human,
combined,1510-1530,13,172,apres; ceo; auera; bref; mez; feme; sur; dit; brefe; cest,Law French Legal Text,Structural / Uncertain,human,
combined,1510-1530,18,151,lyked; fleeth; greueth; loveth; turneth; worketh; receyueth; beholdeth; dredeth; wyst,Third-Person -eth Verb Forms,Structural / Uncertain,human,
combined,1510-1530,9,202,merytes; petycyon; roberte; felycyte; childre; feete; sepulture; noblenes; spouse; sensuall,"Salvation, Merit and Virtue","Religion, Theology & the Church",human,
combined,1510-1530,31,89,northumberlande; lancastre; therle; percy; richarde; stafforde; arundell; wyllyam; edwarde; irlande,English Nobility and Earldoms,"History, Genealogy, Nobility & Kinship",human,
combined,1510-1530,36,68,arryued; mornynge; ester; borde; clocke; aryued; mornyng; laste; dore; souper,Daily Routine and Mealtimes,"Domestic Life, Dress & Household",human,
combined,1510-1530,33,87,vysage; shynynge; amyable; floure; sadde; fresshe; wepyng; lusty; bryght; huge,Poetic Description and Beauty,"Literature, Drama & Poetic Diction",human,
combined,1510-1530,10,190,nostra; patris; propter; suum; dominus; sicut; tuo; quoniam; ista; gratia,Latin Religious Text,Structural / Uncertain,human,
combined,1510-1530,14,168,xj; xviij; xxv; xvii; twenty; iune; xiiij; xiij; score; marche,Roman Numerals and Dates,Structural / Uncertain,human,
combined,1510-1530,20,137,baptyst; gregory; austyn; translacyon; rycharde; confessour; luke; bisshop; martyne; euangelyst,Saints and Apostles,"Religion, Theology & the Church",human,
combined,1510-1530,11,181,strake; helme; ranne; lepte; chayre; sate; felle; smote; mounted; roche,Combat and Action Narration,Military & Warfare,human,
combined,1510-1530,30,96,tourne; dryue; caste; blowe; ronne; fall; lepe; flee; drawe; cut,Base-Form Verbs,Structural / Uncertain,human,
combined,1510-1530,15,160,staple; tena; appell; writ; forfeyt; portes; accyon; damage; accion; tye,Legal Writs and Property Law,"Government, Law & Administration",human,
combined,1510-1530,38,56,gall; vnce; quarter; gote; croked; colour; olyue; feuer; dogge; ounce,Herbal and Animal Remedies,"Medicine, Body & Health",human,
combined,1510-1530,28,105,returned; dysceyued; delyuerd; wonne; stryken; delyuered; loste; deceyued; perysshed; ouerthrowen,"Battle Outcomes, Past Participles",Military & Warfare,human,
combined,1510-1530,2,268,iam; ecclesiae; enim; exemplum; hunc; eam; primi; nunc; alijs; fuerit,Latin Ecclesiastical Text,Structural / Uncertain,human,
combined,1510-1530,8,209,marches; kent; egypt; forest; italy; wales; mount; shyppe; ile; hoost,Place Names and Geographic Terms,Geography & Territory,human,
combined,1510-1530,4,254,roses; vyne; coler; grauell; lynen; cole; barly; hony; plate; yelowe,Household Ingredients and Materials,"Domestic Life, Dress & Household",human,
combined,1510-1530,21,129,perfe; diuerse; neutre; sui; doctus; ritis; ri; iste; ille; factus,Latin Grammar Instruction,"Books, Learning & Scholarship",human,
combined,1510-1530,45,39,bri; pacie; nou; ki; dre; outward; obedye; thin; pacye; yo,Word Fragments,Structural / Uncertain,human,
combined,1510-1530,44,41,neuewe; housbande; syster; empyre; broder; cosyn; moder; mayden; fader; wyf,Family and Kinship Terms,"History, Genealogy, Nobility & Kinship",human,
combined,1510-1530,16,154,potte; guttes; bladder; reynes; venym; brest; tethe; breste; sydes; synewes,Anatomy and Bodily Ailments,"Medicine, Body & Health",human,
combined,1510-1530,34,76,subtile; sodde; drie; spiritis; bludde; fatte; colde; vnclene; eatynge; grosse,Humoral Medicine and Diet,"Medicine, Body & Health",human,
combined,1510-1530,24,112,benygne; sanctite; gloryous; blyssed; excellent; jesu; holynes; gracyous; auncyent; vyrgyn,"Christ, Virgin and Trinity Devotion","Religion, Theology & the Church",human,
combined,1510-1530,1,268,obedience; consciences; merites; trueth; love; riches; evyll; bloud; preach; live,"Faith, Sin and Justification","Religion, Theology & the Church",human,
combined,1510-1530,26,108,singulis; diuisor; uero; unum; loci; figura; fiunt; memoria; uiginti; quemadmodum,Latin Arithmetic and Geometry,"Science, Mathematics & Natural Philosophy",human,
combined,1510-1530,42,47,godt; niet; maer; als; op; een; van; nicht; dat; ist,Dutch and German Text,Structural / Uncertain,human,
combined,1510-1530,41,47,oughtest; wylte; mayste; reioyce; doest; shuldest; haddest; canst; wylt; woldest,Second-Person Verb Forms,Structural / Uncertain,human,
combined,1510-1530,39,53,mytted; mended; maundeme; quered; myt; maundementes; syder; forte; scie; maundeth,"Word Fragments, Suffix Stems",Structural / Uncertain,human,
combined,1510-1530,35,68,confessore; bertram; statut; ep; desce; englo; sermo; engla; robert; libro,Mixed Word Fragments,Structural / Uncertain,human,
combined,1510-1530,32,89,withdrewe; baner; sel; holdynge; sheldes; handys; pages; housholde; ennemys; bowes,Weapons and Battle Gear,Military & Warfare,human,
combined,1510-1530,17,151,penbroke; margarete; eldred; loyes; scotlonde; decessed; romayne; bretayne; saxons; vicount,Royal and Noble Names,"History, Genealogy, Nobility & Kinship",human,
combined,1510-1530,29,104,xxvij; xxxvi; xxij; lvii; xlvi; xlv; xliii; xxxv; lvi; lii,Roman Numerals,Structural / Uncertain,human,
combined,1510-1530,37,56,hattes; alonge; gascoyne; toguyder; valiantly; assaulte; enclosed; shippes; dykes; frenchmen,Military Campaign Narrative,Military & Warfare,human,
combined,1510-1530,19,139,styrre; aunswere; offer; rendre; happely; yeue; mynyster; byndeth; thoght; ordened,Mixed Verb Forms,Structural / Uncertain,human,
combined,1510-1530,43,46,wette; opyned; hedde; lytter; meyny; coste; lettynge; horsebacke; sores; bote,Miscellaneous Narrative Fragments,Structural / Uncertain,human,
combined,1510-1530,23,112,countreys; fotemen; forestes; burgesses; costes; furnysshed; positio; countres; parlement; pyllers,"Parliament, Estates and Nobility","Government, Law & Administration",human,
combined,1510-1530,40,47,newcastell; vsurye; couenaunt; mountayne; poicters; growen; loues; danys; dyke; prouynce,Miscellaneous Narrative Fragments,Structural / Uncertain,human,
combined,1510-1530,27,107,aureos; tertij; uitam; prior; uno; alterum; posse; augustinus; tribus; pecunia,Latin Arithmetic Text,"Science, Mathematics & Natural Philosophy",human,
combined,1510-1530,3,256,dimidium; regulam; differentiam; stell; lucrum; marcell; zelande; blud; greatlye; fleme,Mixed Names and Fragments,Structural / Uncertain,human,
combined,1530-1550,47,132,wodde; lyttell; lytel; littell; dyuers; sondry; sondrie; myche; lyttel; forasmoch,"Battle Outcomes, Past Participles",Military & Warfare,inherited,1510-1530#28
combined,1530-1550,30,284,redempcion; iustificacion; deseruinges; sauyoure; sauior; redempcyon; promises; merite; fayeth; faithe,"Faith, Sin and Justification","Religion, Theology & the Church",inherited,1510-1530#1
combined,1530-1550,0,895,assist; compell; enforce; condemne; resist; condempne; belong; keape; nyl; impute,Infinitive Verb Forms,Structural / Uncertain,inherited,1510-1530#5
combined,1530-1550,46,134,peare; legates; carpenter; monke; shop; seruaunte; magistrate; murtherer; bisshoppe; bishop,Miscellaneous Narrative Fragments,Structural / Uncertain,inherited,1510-1530#43
combined,1530-1550,43,159,deuydeth; whereby; wherby; whilest; trulye; sithens; whereof; whyther; whether; wherfore,Mixed Verb Forms,Structural / Uncertain,inherited,1510-1530#19
combined,1530-1550,42,168,yolke; homicide; adder; onis; hogge; ape; instrumente; egge; lare; aduerbe,Herbal and Animal Remedies,"Medicine, Body & Health",inherited,1510-1530#38
combined,1530-1550,12,416,sauage; dooynges; deceytes; imaginations; noughtye; beastly; perswasions; wyly; supersticio; dise,Worldly Vice and Temptation,Morality: Virtue & Vice,inherited,1510-1530#22
combined,1530-1550,24,319,disquieted; filled; enryched; combred; wounded; furnyshed; consumed; beset; smyten; distroyed,Mixed Names and Fragments,Structural / Uncertain,inherited,1510-1530#3
combined,1530-1550,20,333,vie; val; ni; tiel; della; cose; mae; sono; yw; nyd,Law French Legal Text,Structural / Uncertain,inherited,1510-1530#13
combined,1530-1550,15,386,kene; amyable; fierce; marciall; vehement; pestiferous; sobre; discrete; wexed; perillous,Poetic Description and Beauty,"Literature, Drama & Poetic Diction",inherited,1510-1530#33
combined,1530-1550,10,457,vsages; abbottes; preistes; howses; constitucions; chanons; ceremonyes; deanes; canons; rites,"Estates, Offices and Institutions","Government, Law & Administration",inherited,1510-1530#7
combined,1530-1550,27,299,euydently; plainly; crane; sweter; euidente; lasse; sufficiently; euidently; perfectly; lyghtely,"Wrongdoing, Fraud and Harm",Morality: Virtue & Vice,inherited,1510-1530#25
combined,1530-1550,45,138,doune; down; ayene; incontynent; asyde; flyght; backe; sodeynly; sodaynly; narowe,Combat and Action Narration,Military & Warfare,inherited,1510-1530#11
combined,1530-1550,2,679,benne; slaine; inuaded; amended; mocked; instituted; susteined; subuerted; lamented; confounded,Chivalric Romance Narration,"Literature, Drama & Poetic Diction",inherited,1510-1530#6
combined,1530-1550,31,282,arcyte; thynk; perceiue; perceaue; wyste; wyst; ah; wist; cornix; wot,Verbs of Thinking and Perceiving,Structural / Uncertain,inherited,1510-1530#12
combined,1530-1550,13,402,neighboure; iniquities; enymes; teethe; heartes; doynges; offenses; feblenes; duties; companyons,"Salvation, Merit and Virtue","Religion, Theology & the Church",inherited,1510-1530#9
combined,1530-1550,38,225,westminster; syege; mydnyght; westmynster; dyce; yorke; oxforde; lengthe; rauenna; euensonge,Daily Routine and Mealtimes,"Domestic Life, Dress & Household",inherited,1510-1530#36
combined,1530-1550,4,536,threwe; throwen; cary; chaumbre; pulled; cutteth; carye; plucke; caryed; blowe,Base-Form Verbs,Structural / Uncertain,inherited,1510-1530#30
combined,1530-1550,5,521,guysnes; caleys; liberties; hundredes; archedeacons; castelles; reuenues; marches; countye; pencions,Legal Writs and Property Law,"Government, Law & Administration",inherited,1510-1530#15
combined,1530-1550,19,344,blood; drynkyng; bloode; eter; eating; meat; eatyng; dampnacyon; dampnacion; bodie,"Christ, Virgin and Trinity Devotion","Religion, Theology & the Church",inherited,1510-1530#24
combined,1530-1550,33,277,enormities; studies; perils; religions; sophisters; auctours; artes; vses; vniuersities; testimonies,"Parliament, Estates and Nobility","Government, Law & Administration",inherited,1510-1530#23
combined,1530-1550,44,158,preaching; scri; pture; ministracion; preching; teaching; preachyng; cano; scryptures; canonycall,"Scripture, Doctrine and Preaching","Religion, Theology & the Church",human,
combined,1530-1550,9,464,baith; quhyll; thairof; pychtis; quhil; slauchter; mouit; wiffis; efter; nowmer,Dutch and German Text,Structural / Uncertain,inherited,1510-1530#42
combined,1530-1550,8,484,rekeneth; feareth; rebuketh; fealeth; affirmeth; testifyeth; describeth; regardeth; despiseth; nameth,Third-Person -eth Verb Forms,Structural / Uncertain,inherited,1510-1530#18
combined,1530-1550,16,383,octauius; gallia; discomfited; caius; seuerus; rufus; maximian; lucius; priamus; claudius,Royal and Noble Names,"History, Genealogy, Nobility & Kinship",inherited,1510-1530#17
combined,1530-1550,40,177,doughter; daughter; soonne; heire; elizabeth; vyrgyn; wyfes; mayden; mayde; sister,Family and Kinship Terms,"History, Genealogy, Nobility & Kinship",inherited,1510-1530#44
combined,1530-1550,7,503,benignitie; industrie; humblenes; sincere; sobrenes; mercie; benygne; policie; clemencie; temperaunce,Virtues and Excellent Qualities,Morality: Virtue & Vice,inherited,1510-1530#0
combined,1530-1550,11,420,sleues; browes; toppe; sponge; top; walle; cowe; share; robe; heer,Place Names and Geographic Terms,Geography & Territory,inherited,1510-1530#8
combined,1530-1550,1,701,posuit; princeps; fama; dedit; illius; igitur; mortem; fuerit; quoque; apostoli,Latin Religious Text,Structural / Uncertain,inherited,1510-1530#10
combined,1530-1550,37,228,roger; glocester; roberte; nicolas; raufe; rychard; diademe; willyam; william; robert,English Nobility and Earldoms,"History, Genealogy, Nobility & Kinship",inherited,1510-1530#31
combined,1530-1550,53,71,praysynge; ordinance; election; laudes; honor; praise; honoure; ordinaunce; magnifie; gyuynge,Praise and Worship,"Religion, Theology & the Church",human,
combined,1530-1550,34,257,proposicion; innocentius; matthew; mathew; chapi; chaptre; phrase; hystorye; history; epystle,Latin Grammar Instruction,"Books, Learning & Scholarship",inherited,1510-1530#21
combined,1530-1550,17,379,bankes; woddes; grauell; riuers; ryuers; wynd; tyber; toppes; feldes; dennes,Miscellaneous Narrative Fragments,Structural / Uncertain,inherited,1510-1530#40
combined,1530-1550,14,390,iurisdiccion; affaires; dignities; sleyght; dominions; conseruation; auantage; furtheraunce; offices; administration,"Jurisdiction, Dominion and Office","Government, Law & Administration",human,
combined,1530-1550,29,288,score; lxxx; apryll; twentye; nouember; marche; ianuary; december; october; moneth,Roman Numerals and Dates,Structural / Uncertain,inherited,1510-1530#14
combined,1530-1550,6,511,hennes; fygges; gynger; saffron; blewe; thycke; lekes; suger; browne; borage,Household Ingredients and Materials,"Domestic Life, Dress & Household",inherited,1510-1530#4
combined,1530-1550,32,281,heuynes; myrth; sorowe; infamye; heuynesse; dolour; myserye; wepyng; trybulacyon; mysery,"Grief, Sorrow and Lamentation","Literature, Drama & Poetic Diction",human,
combined,1530-1550,50,114,knoweste; saiest; speakest; iudgest; beleuest; hearest; sawest; shouldest; herest; didest,Second-Person Verb Forms,Structural / Uncertain,inherited,1510-1530#41
combined,1530-1550,39,182,hierome; chrysostome; augustyne; augustyn; seynt; ambrose; ierome; cyprian; bernarde; barnarde,Saints and Apostles,"Religion, Theology & the Church",inherited,1510-1530#20
combined,1530-1550,28,295,abia; antiochus; ioram; phares; genuit; roboam; zorobabel; assur; nahor; manasses,"Biblical Genealogies, Old Testament","Religion, Theology & the Church",human,
combined,1530-1550,23,319,xxvij; capvt; regu; xxviij; psalmus; xxij; amos; romano; xxiij; xxvii,Roman Numerals,Structural / Uncertain,inherited,1510-1530#29
combined,1530-1550,55,47,wro; liui; bei; tiles; stra; iud; emo; tle; ki; accordi,Word Fragments,Structural / Uncertain,human,
combined,1530-1550,56,17,pter; orate; fite; cede; mise; fyte; phet; mysed; myse; cesse,Word Fragments,Structural / Uncertain,human,
combined,1530-1550,54,62,remaine; peryshe; perysshe; abyde; byde; perishe; abide; perisshe; contynue; continue,Verbs of Remaining and Enduring,Structural / Uncertain,human,
combined,1530-1550,21,323,glotony; flesshely; flatery; couetousnesse; filthines; arrogancy; werynes; slouthe; hardynesse; affectes,Humoral Medicine and Diet,"Medicine, Body & Health",inherited,1510-1530#34
combined,1530-1550,49,116,courser; horsebacke; lepe; banke; goate; brydge; flete; shulder; honge; edge,Miscellaneous Word Fragments,Structural / Uncertain,human,
combined,1530-1550,48,120,hermon; seperated; alienate; descendynge; normans; hensforthe; withdrawe; separated; remoue; iudea,Verbs of Separation and Withdrawal,Structural / Uncertain,human,
combined,1530-1550,18,351,baners; sylke; veluet; speres; myxt; myters; rynges; richely; cappes; kyddes,Weapons and Battle Gear,Military & Warfare,inherited,1510-1530#32
combined,1530-1550,52,79,blou; clare; exte; syre; husba; lan; confou; vndersto; thousa; min,Mixed Word Fragments,Structural / Uncertain,inherited,1510-1530#35
combined,1530-1550,35,245,demne; gregacio; demned; cluded; quered; fessyon; fessio; tynually; gregacyon; tinued,"Word Fragments, Suffix Stems",Structural / Uncertain,inherited,1510-1530#39
combined,1530-1550,25,316,uero; tamen; principis; suu; christu; potestate; vna; tantum; ista; facta,Latin Ecclesiastical Text,Structural / Uncertain,inherited,1510-1530#2
combined,1530-1550,22,320,ipsis; fructum; multos; deinde; unus; potius; haeretici; usque; tulit; pcto,Latin Arithmetic and Geometry,"Science, Mathematics & Natural Philosophy",inherited,1510-1530#26
combined,1530-1550,26,313,coler; fome; skyn; bladder; fleume; vryne; melancholy; lunges; vapours; flewme,Anatomy and Bodily Ailments,"Medicine, Body & Health",inherited,1510-1530#16
combined,1530-1550,51,81,walled; citees; villages; cyties; cities; fortresses; prouynces; regions; towres; prouinces,Military Campaign Narrative,Military & Warfare,inherited,1510-1530#37
combined,1530-1550,41,177,penite; agreme; thinte; arroga; augme; suffycye; patie; auncie; stude; eloque,Word Fragments,Structural / Uncertain,inherited,1510-1530#45
combined,1530-1550,36,241,annis; arturij; regni; ecclesiae; hugo; panis; duodecim; videlicet; alio; refert,Latin Arithmetic Text,"Science, Mathematics & Natural Philosophy",inherited,1510-1530#27
combined,1530-1550,3,582,danis; iohne; yair; duabus; recoueries; uocem; maryit; dict; federike; nare,Mixed Names and Fragments,Structural / Uncertain,human,
combined,1550-1570,51,151,wherein; wherby; thoroughe; bycause; bicause; whereby; contynuallye; whylest; whyles; ergo,Mixed Verb Forms,Structural / Uncertain,inherited,1530-1550#43
combined,1550-1570,45,187,profytable; commodious; expedient; sondrie; sundrye; sundry; apte; profitable; necessarye; varietie,"Battle Outcomes, Past Participles",Military & Warfare,inherited,1530-1550#47
combined,1550-1570,28,364,saluacyon; redempcion; mercyful; merite; ryghteousnes; renewing; saluiour; louing; redemptio; faythe,"Faith, Sin and Justification","Religion, Theology & the Church",inherited,1530-1550#30
combined,1550-1570,49,172,apace; backewarde; asyde; doune; forwarde; backward; thether; rescue; down; back,Combat and Action Narration,Military & Warfare,inherited,1530-1550#45
combined,1550-1570,44,191,hereticke; prelat; hypocrite; idolater; adulterer; orator; oke; oratour; infidell; induction,Herbal and Animal Remedies,"Medicine, Body & Health",inherited,1530-1550#42
combined,1550-1570,52,135,colder; greatter; bigger; stronger; surer; richer; harder; hotter; sweter; soner,Praise and Worship,"Religion, Theology & the Church",inherited,1530-1550#53
combined,1550-1570,9,638,haire; iawes; gray; throte; berde; bag; heds; girdle; swords; pype,Place Names and Geographic Terms,Geography & Territory,inherited,1530-1550#11
combined,1550-1570,17,533,beaute; stepmother; auncesters; familiars; palais; predecessors; complices; minds; discretions; predecessours,"Salvation, Merit and Virtue","Religion, Theology & the Church",inherited,1530-1550#13
combined,1550-1570,11,591,annuities; rentes; iurisdictions; castles; tenements; reuenues; commissions; paymentes; fermes; manours,Legal Writs and Property Law,"Government, Law & Administration",inherited,1530-1550#5
combined,1550-1570,1,1158,beten; blamed; encountred; lien; entangled; encombred; vanquished; condempned; warded; stryken,Chivalric Romance Narration,"Literature, Drama & Poetic Diction",inherited,1530-1550#2
combined,1550-1570,42,216,ogyer; turnus; cupid; gentylman; iuliet; theseus; moode; thebes; arthur; cassandra,Family and Kinship Terms,"History, Genealogy, Nobility & Kinship",inherited,1530-1550#40
combined,1550-1570,27,369,participation; syncere; sincere; sacramente; ministracion; sacraments; sacramentall; administration; apostolicall; doctrin,"Christ, Virgin and Trinity Devotion","Religion, Theology & the Church",inherited,1530-1550#19
combined,1550-1570,35,290,dio; sou; tia; sei; reprehe; rou; desce; comprehe; ci; barns,Mixed Word Fragments,Structural / Uncertain,inherited,1530-1550#52
combined,1550-1570,0,1217,constraine; incline; reueale; assayle; compell; assaile; enforce; greue; applye; alledge,Infinitive Verb Forms,Structural / Uncertain,inherited,1530-1550#0
combined,1550-1570,32,304,hung; threwe; ran; ranne; threw; flewe; chased; kissed; draue; casteth,Mixed Names and Fragments,Structural / Uncertain,inherited,1530-1550#24
combined,1550-1570,19,508,throwne; burste; pul; throwen; pluckt; pulled; dryue; lyfted; thruste; plucked,Base-Form Verbs,Structural / Uncertain,inherited,1530-1550#4
combined,1550-1570,37,276,ensure; trow; knaue; beseching; trowe; perceiue; beseech; thynk; syr; careawaye,Verbs of Thinking and Perceiving,Structural / Uncertain,inherited,1530-1550#31
combined,1550-1570,31,324,practises; superstitions; heretical; sclau; persuasions; idolatries; conspiracies; abuses; pelagian; supersticion,"Estates, Offices and Institutions","Government, Law & Administration",inherited,1530-1550#10
combined,1550-1570,7,655,tempteth; despiseth; embraceth; loueth; mencioneth; assureth; calleth; affirmeth; nameth; possesseth,Third-Person -eth Verb Forms,Structural / Uncertain,inherited,1530-1550#8
combined,1550-1570,12,567,bankes; sege; ida; ganges; tops; stremes; southe; libia; poorte; sicilia,"Biblical Genealogies, Old Testament","Religion, Theology & the Church",inherited,1530-1550#28
combined,1550-1570,29,359,plainlye; euidently; plainely; cruellie; aptly; hertely; rigorously; manifestly; ernestly; entierly,"Wrongdoing, Fraud and Harm",Morality: Virtue & Vice,inherited,1530-1550#27
combined,1550-1570,46,179,exterior; spyryte; chrisme; martirs; goost; eternal; immortal; gooste; tures; scryptures,"Scripture, Doctrine and Preaching","Religion, Theology & the Church",inherited,1530-1550#44
combined,1550-1570,36,280,westmynster; cesaria; episcoporum; lenght; lincolne; gloucester; bethlehem; sussex; edinburgh; alexandria,Daily Routine and Mealtimes,"Domestic Life, Dress & Household",inherited,1530-1550#38
combined,1550-1570,22,410,assertions; interpretations; constitutions; canons; wrytinges; doctors; traditions; textes; authorities; rites,"Parliament, Estates and Nobility","Government, Law & Administration",inherited,1530-1550#33
combined,1550-1570,16,534,ecclesiastica; biel; ordine; apologia; theod; alexandrinus; historia; apostoli; anacletus; cyprianus,Latin Arithmetic Text,"Science, Mathematics & Natural Philosophy",inherited,1530-1550#36
combined,1550-1570,40,237,nouember; decembre; ides; february; iune; februarie; october; monday; aprill; octobre,Roman Numerals and Dates,Structural / Uncertain,inherited,1530-1550#29
combined,1550-1570,20,454,heuines; smart; calamitie; hinderaunce; heuynes; sorrowes; arraye; myserye; sorowes; detriment,"Grief, Sorrow and Lamentation","Literature, Drama & Poetic Diction",inherited,1530-1550#32
combined,1550-1570,10,617,excellencie; kindnesse; stoutnesse; deserts; clemencie; benignitie; wisedom; preseruacion; magnanimitie; constancie,Virtues and Excellent Qualities,Morality: Virtue & Vice,inherited,1530-1550#7
combined,1550-1570,43,207,sixtie; thirtie; fyftene; fiftene; twentye; twentie; fifty; thirty; twenty; shyllynges,Verbs of Remaining and Enduring,Structural / Uncertain,inherited,1530-1550#54
combined,1550-1570,33,295,gouernours; iurisdiction; principalitie; prouinces; ecclesiastical; byshoppes; prelates; primacie; regions; primates,"Jurisdiction, Dominion and Office","Government, Law & Administration",inherited,1530-1550#14
combined,1550-1570,26,371,treatise; particion; proposition; assertion; preface; estatute; exposition; declaracion; definition; chaptre,Latin Grammar Instruction,"Books, Learning & Scholarship",inherited,1530-1550#34
combined,1550-1570,30,337,ilz; autre; mort; eux; leur; toutes; prendre; auer; estre; poit,Law French Legal Text,Structural / Uncertain,inherited,1530-1550#20
combined,1550-1570,2,1145,solum; modo; aliquam; illius; postea; illud; quidem; ipsius; hinc; sui,Latin Religious Text,Structural / Uncertain,inherited,1530-1550#1
combined,1550-1570,13,554,hwy; eithyr; calonae; ryw; iddo; tad; ganthaw; marw; wedy; nep,Latin Ecclesiastical Text,Structural / Uncertain,inherited,1530-1550#25
combined,1550-1570,5,752,ginger; calamint; barlye; sorell; wormewood; endiue; storax; nutmegges; cloues; masticke,Household Ingredients and Materials,"Domestic Life, Dress & Household",inherited,1530-1550#6
combined,1550-1570,34,292,zodiake; thicknes; capricorne; equinoctiall; diameter; triangle; saturnus; cancer; producte; pearches,Military Campaign Narrative,Military & Warfare,inherited,1530-1550#51
combined,1550-1570,25,381,visage; countnance; womanly; louely; valiaunt; valiant; wittie; sadde; braue; wittye,Poetic Description and Beauty,"Literature, Drama & Poetic Diction",inherited,1530-1550#15
combined,1550-1570,39,246,arria; auste; luthera; cipria; publica; cypria; cypriane; ierome; eketh; ciprian,Saints and Apostles,"Religion, Theology & the Church",inherited,1530-1550#39
combined,1550-1570,14,538,restlesse; spitefull; fylthie; wylfull; irefull; lecherous; dull; cankred; shameles; rashnes,Worldly Vice and Temptation,Morality: Virtue & Vice,inherited,1530-1550#12
combined,1550-1570,53,120,nedest; vnderstandest; beleuest; sawest; darest; lyest; sekest; couldest; thynkest; saiest,Second-Person Verb Forms,Structural / Uncertain,inherited,1530-1550#50
combined,1550-1570,6,659,countenaunces; outrages; mallice; mischieues; ambicion; strengthes; oppression; inuasions; despight; slouthfulnesse,Humoral Medicine and Diet,"Medicine, Body & Health",inherited,1530-1550#21
combined,1550-1570,47,174,dissenteth; seuered; absteined; absteine; abstain; thense; disagreing; withdrawen; distaunt; decline,Verbs of Separation and Withdrawal,Structural / Uncertain,inherited,1530-1550#48
combined,1550-1570,15,538,collon; octauius; brandenburge; treuers; roberte; valentine; assyria; aegipt; quintus; lucius,English Nobility and Earldoms,"History, Genealogy, Nobility & Kinship",inherited,1530-1550#37
combined,1550-1570,55,41,fl; cit; gl; fores; sp; kn; decr; aucthorit; agr; sh,Miscellaneous Narrative Fragments,Structural / Uncertain,inherited,1530-1550#46
combined,1550-1570,24,396,frenchmen; annibal; discomfited; anniball; persians; scithians; samnites; foteme; antipater; nauie,Royal and Noble Names,"History, Genealogy, Nobility & Kinship",inherited,1530-1550#16
combined,1550-1570,18,517,ioram; abia; xxij; zorobabel; xxxvij; esd; micheas; xxviij; manasses; moabites,Roman Numerals,Structural / Uncertain,inherited,1530-1550#23
combined,1550-1570,8,651,bushes; garlandes; hollow; flouds; waue; thick; yelowe; woode; boyling; rocks,Miscellaneous Narrative Fragments,Structural / Uncertain,inherited,1530-1550#17
combined,1550-1570,3,971,commoun; ald; richt; eftir; brekaris; quham; greit; quhil; quhe; attanis,Dutch and German Text,Structural / Uncertain,inherited,1530-1550#9
combined,1550-1570,50,154,horsebacke; ride; prorogation; mounted; riding; horsbacke; hang; hange; wheles; stare,Miscellaneous Word Fragments,Structural / Uncertain,inherited,1530-1550#49
combined,1550-1570,23,407,speares; veluet; silke; cappes; coates; barkes; shelles; furred; bayes; wooll,Weapons and Battle Gear,Military & Warfare,inherited,1530-1550#18
combined,1550-1570,54,110,ekes; fekenham; nowell; eping; epes; efe; shad; lah; iuel; fekenhams,Word Fragments,Structural / Uncertain,inherited,1530-1550#55
combined,1550-1570,38,268,guttes; vryne; bladder; drieth; liuer; fleme; stopping; lunges; moiste; swellynge,Anatomy and Bodily Ailments,"Medicine, Body & Health",inherited,1530-1550#26
combined,1550-1570,41,229,tention; secrate; forter; firmeth; panions; ditions; tinual; sidering; fesseth; municatio,"Word Fragments, Suffix Stems",Structural / Uncertain,inherited,1530-1550#35
combined,1550-1570,48,174,patie; iudgme; preside; couena; commandeme; gouerneme; poi; freque; penite; inherita,Word Fragments,Structural / Uncertain,inherited,1530-1550#41
combined,1550-1570,56,17,tres; cel; sellers; cels; ties; sell; sel; celles; trey; sels,Word Fragments,Structural / Uncertain,inherited,1530-1550#56
combined,1550-1570,21,453,itaque; videre; alii; certum; diaconus; saluatoris; liceat; earum; necesse; veniat,Latin Arithmetic and Geometry,"Science, Mathematics & Natural Philosophy",inherited,1530-1550#22
combined,1550-1570,4,830,absit; enfeffa; yntef; passionis; cornelio; cnawd; saxones; meason; discontinue; clarence,Mixed Names and Fragments,Structural / Uncertain,inherited,1530-1550#3
combined,1570-1590,48,284,attributed; ascribed; adioyned; agreable; appertaining; containing; attributing; apperteineth; incident; pertayning,"Battle Outcomes, Past Participles",Military & Warfare,inherited,1550-1570#45
combined,1570-1590,16,804,bounty; sanctification; sinceritie; sobernesse; rightuousnesse; bountie; humblenes; meekenes; syncere; largesse,"Faith, Sin and Justification","Religion, Theology & the Church",inherited,1550-1570#28
combined,1570-1590,27,629,notvvithstanding; novv; apace; alvvaies; thyther; vvhiche; knovveth; vpwarde; aside; whereunto,Mixed Verb Forms,Structural / Uncertain,inherited,1550-1570#51
combined,1570-1590,35,508,extortioner; introduction; parasite; vnderling; heretick; isosceles; gaethiwed; oyster; adulteresse; apul,Herbal and Animal Remedies,"Medicine, Body & Health",inherited,1550-1570#44
combined,1570-1590,23,701,applications; abcd; tropicke; squares; cancer; triangles; adc; tropike; diametre; capricorne,Military Campaign Narrative,Military & Warfare,inherited,1550-1570#34
combined,1570-1590,58,170,toies; damsels; maydens; banquetting; maides; maskes; sportes; pastimes; banqueting; carding,"Leisure, Games and Entertainment","Domestic Life, Dress & Household",human,
combined,1570-1590,60,143,bigger; wyser; heauier; sweeter; swifter; drier; lighter; holier; whiter; broader,Praise and Worship,"Religion, Theology & the Church",inherited,1550-1570#52
combined,1570-1590,33,511,circumspecte; excellente; warie; victorious; valiaunt; famouse; puisant; industrious; affable; renoumed,Poetic Description and Beauty,"Literature, Drama & Poetic Diction",inherited,1550-1570#25
combined,1570-1590,1,1504,inforce; employe; entangle; betake; condempne; liken; begile; entice; reprooue; submitting,Infinitive Verb Forms,Structural / Uncertain,inherited,1550-1570#0
combined,1570-1590,2,1493,blamed; discomfited; reprooued; conuicted; surcharged; turmoyled; dyned; encombred; informed; assalted,Chivalric Romance Narration,"Literature, Drama & Poetic Diction",inherited,1550-1570#1
combined,1570-1590,36,503,thirty; sixtie; twentye; fourtie; december; shillinges; september; sixteene; inches; xxviii,Verbs of Remaining and Enduring,Structural / Uncertain,inherited,1550-1570#43
combined,1570-1590,12,887,vttereth; acknowledgeth; correcteth; termeth; rehearseth; expoundeth; noteth; describeth; behaueth; alleageth,Third-Person -eth Verb Forms,Structural / Uncertain,inherited,1550-1570#7
combined,1570-1590,8,1012,cremona; lincolne; edmond; lantgraue; rouen; iaques; warwike; vvilliam; palatine; huntingdon,English Nobility and Earldoms,"History, Genealogy, Nobility & Kinship",inherited,1550-1570#15
combined,1570-1590,7,1072,gushed; leapt; flang; flew; hurled; plucked; throweth; spewe; dryue; pulling,Base-Form Verbs,Structural / Uncertain,inherited,1550-1570#19
combined,1570-1590,9,964,peloponesus; thracia; albania; phrygia; aetolia; mysia; rhodes; chanell; bankes; vallies,"Biblical Genealogies, Old Testament","Religion, Theology & the Church",inherited,1550-1570#12
combined,1570-1590,11,903,blades; plumes; tayles; coller; bottle; beake; chimney; hatte; weauer; boorde,Place Names and Geographic Terms,Geography & Territory,inherited,1550-1570#9
combined,1570-1590,21,733,subdeacons; archdeacons; abbots; vestiments; seminaries; priors; abbats; colledges; commissaries; treatises,"Parliament, Estates and Nobility","Government, Law & Administration",inherited,1550-1570#22
combined,1570-1590,17,797,sharplie; daintily; villanously; amply; shamefully; sclaundered; manyfestly; impudently; impudentlie; clearly,"Wrongdoing, Fraud and Harm",Morality: Virtue & Vice,inherited,1550-1570#29
combined,1570-1590,40,453,equalles; endeuours; superiors; dealinges; dooinges; neighboures; kinsfolke; auncetors; wyues; studyes,"Salvation, Merit and Virtue","Religion, Theology & the Church",inherited,1550-1570#17
combined,1570-1590,37,491,parasites; raylers; samosatenus; idolaters; persians; bawdes; arrians; arabians; macedonius; extortioners,"Estates, Offices and Institutions","Government, Law & Administration",inherited,1550-1570#31
combined,1570-1590,18,761,pyning; griping; sobbing; restles; languishing; anguish; grones; sobs; greefe; dolors,"Grief, Sorrow and Lamentation","Literature, Drama & Poetic Diction",inherited,1550-1570#20
combined,1570-1590,39,480,autoritate; quatuor; iohannis; fid; pelag; sententia; sacram; henrico; cred; militis,Verbs of Thinking and Perceiving,Structural / Uncertain,inherited,1550-1570#37
combined,1570-1590,32,560,poincts; confutation; definition; preface; explication; demonstration; sillogisme; assertion; declaration; proposition,Latin Grammar Instruction,"Books, Learning & Scholarship",inherited,1550-1570#26
combined,1570-1590,44,353,dema; apprehe; ila; wastad; compou; scotla; propou; eply; confou; comprehe,Word Fragments,Structural / Uncertain,inherited,1550-1570#54
combined,1570-1590,57,184,appointme; conse; preside; conuenie; regime; sile; impedime; expedie; maintena; imprisonme,Word Fragments,Structural / Uncertain,inherited,1550-1570#48
combined,1570-1590,41,434,iurisdiction; conseruation; preseruation; furtherance; maintenaunce; vsurped; maintaining; exhibiting; augmenting; dispersing,"Jurisdiction, Dominion and Office","Government, Law & Administration",inherited,1550-1570#33
combined,1570-1590,10,920,ofn; daioni; i'm; drwg; vphern; ynot; nef; dynion; drwy; ffordd,Latin Ecclesiastical Text,Structural / Uncertain,inherited,1550-1570#13
combined,1570-1590,25,694,adonis; lauinia; ven; pedante; schaena; helen; mayd; exit; wench; darling,Family and Kinship Terms,"History, Genealogy, Nobility & Kinship",inherited,1550-1570#42
combined,1570-1590,63,51,aliquem; aliquo; animum; terent; plaut; plin; abi; aduerbium; participium; liu,Latin Grammar and Classical Authors,"Books, Learning & Scholarship",human,
combined,1570-1590,45,348,poti; deaco; auste; baro; citize; austens; inuentio; enu; retirer; hilarie,Saints and Apostles,"Religion, Theology & the Church",inherited,1550-1570#39
combined,1570-1590,15,846,tetters; swellings; milte; windinesse; swellinges; milt; crude; mundifieth; splene; soares,Anatomy and Bodily Ailments,"Medicine, Body & Health",inherited,1550-1570#38
combined,1570-1590,4,1343,periuries; dissimulations; dissolutenes; dissensions; guilefull; extorcion; deceipts; trecherie; violences; outrages,Humoral Medicine and Diet,"Medicine, Body & Health",inherited,1550-1570#6
combined,1570-1590,20,741,occupiers; exemptions; rentes; rents; manours; bailiffes; lieutenants; iurisdictions; fees; tenements,Legal Writs and Property Law,"Government, Law & Administration",inherited,1550-1570#11
combined,1570-1590,5,1296,sorrell; decoct; cinamon; licoras; masticke; galingale; hysope; borage; figges; parsely,Household Ingredients and Materials,"Domestic Life, Dress & Household",inherited,1550-1570#5
combined,1570-1590,51,251,saturday; southside; looker; kingstone; horssebacke; tuesday; seaze; horsebacke; horseback; whitson,Miscellaneous Word Fragments,Structural / Uncertain,inherited,1550-1570#50
combined,1570-1590,30,565,hurling; blasts; billowes; foming; fluds; neptunes; lightninges; lightenings; gastly; yce,Miscellaneous Narrative Fragments,Structural / Uncertain,inherited,1550-1570#8
combined,1570-1590,28,625,disdainefull; villanous; spitefull; lecherous; arrogant; vncharitable; outragious; irefull; disdainfull; dissolute,Worldly Vice and Temptation,Morality: Virtue & Vice,inherited,1550-1570#14
combined,1570-1590,26,685,cuncta; quoque; iuxta; syriae; tollit; fuerunt; suum; quas; virtutis; habent,Latin Religious Text,Structural / Uncertain,inherited,1550-1570#2
combined,1570-1590,46,340,secluded; withdrawne; seuereth; swarueth; sequestred; dissenting; estranged; dissenteth; absteyne; abstayning,Verbs of Separation and Withdrawal,Structural / Uncertain,inherited,1550-1570#47
combined,1570-1590,29,619,preston; notingham; southhampton; feuersham; exeter; viola; sutton; richmond; denbigh; corinthe,Daily Routine and Mealtimes,"Domestic Life, Dress & Household",inherited,1550-1570#36
combined,1570-1590,38,483,targets; cables; harquebuziers; regiments; footmen; footemen; axes; vauntgard; gallies; troupes,Royal and Noble Names,"History, Genealogy, Nobility & Kinship",inherited,1550-1570#24
combined,1570-1590,43,355,dexteritie; prowes; pleasantnesse; methode; magnanimitie; prowesse; philosophie; mathematicall; logike; valour,Virtues and Excellent Qualities,Morality: Virtue & Vice,inherited,1550-1570#10
combined,1570-1590,49,269,refert; quanquam; debent; aliae; patriae; impia; vniuersis; postquam; laudibus; latinis,Miscellaneous Narrative Fragments,Structural / Uncertain,inherited,1550-1570#55
combined,1570-1590,24,697,ioram; ammon; iosaphat; manasses; amasa; abimelech; paral; zach; asa; nabuchodonosor,Roman Numerals,Structural / Uncertain,inherited,1550-1570#18
combined,1570-1590,59,165,seemest; sawest; hearest; fearest; beleuest; sufferest; thinkst; commaundest; sayst; woldest,Second-Person Verb Forms,Structural / Uncertain,inherited,1550-1570#53
combined,1570-1590,65,27,gore; sprinkled; spilt; sheading; sheding; imbrued; shedding; innocente; immaculate; embrued,"Christ, Virgin and Trinity Devotion","Religion, Theology & the Church",inherited,1550-1570#27
combined,1570-1590,13,883,toutesfois; d'angleterre; d'auoir; iamais; estoyent; tellement; mieux; pouuoit; tuer; soyent,Law French Legal Text,Structural / Uncertain,inherited,1550-1570#30
combined,1570-1590,14,847,richardus; crispus; sextus; emilius; cyprianus; perses; probus; policarpus; clemens; alexandrinus,Latin Arithmetic Text,"Science, Mathematics & Natural Philosophy",inherited,1550-1570#16
combined,1570-1590,52,249,demnation; stantly; trariwise; maunding; fessing; prehendeth; plained; futed; panion; taineth,"Word Fragments, Suffix Stems",Structural / Uncertain,inherited,1550-1570#41
combined,1570-1590,0,1570,iudices; denique; nempe; eandem; disciplinae; lumina; pariter; saepe; fuerat; mentis,Latin Arithmetic and Geometry,"Science, Mathematics & Natural Philosophy",inherited,1550-1570#21
combined,1570-1590,54,232,marito; aperta; beneficio; parere; grauis; tanta; syluae; naturali; gaudia; tali,Latin Poetic Text,Structural / Uncertain,human,
combined,1570-1590,31,562,essendo; onde; sopra; sotto; nella; percioche; stati; ancora; all'hora; pipino,Mixed Word Fragments,Structural / Uncertain,inherited,1550-1570#35
combined,1570-1590,62,69,essentiall; sensible; mysticall; external; celestiall; heauenlie; mistical; externall; earthly; corporally,"Scripture, Doctrine and Preaching","Religion, Theology & the Church",inherited,1550-1570#46
combined,1570-1590,19,744,caps; forkes; boughs; mules; crimson; shirts; imbrodered; silk; linen; buttons,Weapons and Battle Gear,Military & Warfare,inherited,1550-1570#23
combined,1570-1590,22,721,inglismen; felloun; seruandis; sutheroun; swa; feir; wallace; presoun; curage; sair,Dutch and German Text,Structural / Uncertain,inherited,1550-1570#3
combined,1570-1590,42,431,woolfes; stagge; hares; rauen; tiger; turtles; goate; kyte; conies; pig,Animals and Wildlife,"Nature, Landscape & Weather",human,
combined,1570-1590,61,91,chaunting; harpes; sonets; songes; melodie; trumpettes; melodious; rimes; ditties; shrill,"Music, Song and Melody","Literature, Drama & Poetic Diction",human,
combined,1570-1590,47,298,styracis; resinae; elemi; plumbi; chamaemeli; recentis; succi; cerusae; vituli; nucis,Latin Pharmacopoeia Ingredients,"Medicine, Body & Health",human,
combined,1570-1590,55,202,lyfte; lyfted; lyfting; styrreth; rippe; trussed; puffing; snatched; rearing; rip,Mixed Names and Fragments,Structural / Uncertain,inherited,1550-1570#32
combined,1570-1590,66,20,sel; cel; sount; treys; ties; trey; treis; tie; sellers; cels,Word Fragments,Structural / Uncertain,inherited,1550-1570#56
combined,1570-1590,3,1459,rabies; exponere; societatem; southwell; amoriaid; chwy; seruiteurs; cortes; sicome; naruaez,Mixed Names and Fragments,Structural / Uncertain,inherited,1550-1570#4
combined,1570-1590,50,261,diuina; reginam; minori; caedere; dulces; tenet; virorum; illas; aute; regione,Latin Text,Structural / Uncertain,human,
combined,1570-1590,6,1288,vtilitatem; splendida; praesentem; nouas; mortales; potui; victoriae; horrida; qualem; dixerit,Combat and Action Narration,Military & Warfare,inherited,1550-1570#49
combined,1570-1590,53,244,hujus; annon; diligentiam; familiae; intelligi; demum; nominatim; interpretari; membra; dignitatem,Latin Legal and Rhetorical Text,Structural / Uncertain,human,
combined,1570-1590,56,201,ipsos; varias; praeterea; tantam; postrem; veteres; imperij; iudici; virtute; dicendo,Roman Numerals and Dates,Structural / Uncertain,inherited,1550-1570#40
combined,1570-1590,34,510,dysc; gwared; ofni; iniondeb; gweithred; yddaw; ddoethineb; digon; ceisio; wefusau,Welsh Text,Structural / Uncertain,human,
combined,1570-1590,64,28,bank; aboout; coourt; oout; noow; awey; thear; fayr; eeuen; whear,Spelling Variants,Structural / Uncertain,human,
combined,1590-1610,56,199,disagreement; varieties; diminution; contrarietie; diuerse; correspondence; agreement; divers; combination; severall,"Battle Outcomes, Past Participles",Military & Warfare,inherited,1570-1590#48
combined,1590-1610,3,1502,propose; contradict; approoue; iniure; conforme; imagin; gainesay; entreate; daunt; inuite,Infinitive Verb Forms,Structural / Uncertain,inherited,1570-1590#1
combined,1590-1610,39,505,dexteritie; piety; affable; affabilitie; moderating; gentlenesse; sinceritie; feruencie; meekenes; clemency,"Faith, Sin and Justification","Religion, Theology & the Church",inherited,1570-1590#16
combined,1590-1610,31,610,knovven; notvvithstandinge; novv; vvher; trepane; lavvyers; operatione; poyncte; vvhervvith; thervvith,Mixed Verb Forms,Structural / Uncertain,inherited,1570-1590#27
combined,1590-1610,44,445,queane; stripling; draper; fidler; spruce; pander; player; miller; barber; slouenly,Welsh Text,Structural / Uncertain,inherited,1570-1590#34
combined,1590-1610,57,195,blacker; woorse; bigger; liker; swifter; thicker; harder; wealthier; hotter; whiter,Praise and Worship,"Religion, Theology & the Church",inherited,1570-1590#60
combined,1590-1610,21,797,inhumaine; blockish; vnchristian; irreligious; sullen; sottish; spitefull; toyish; impious; beastlie,Worldly Vice and Temptation,Morality: Virtue & Vice,inherited,1570-1590#28
combined,1590-1610,22,794,lieutenants; countrymen; barons; sister; gouernors; familiars; wenches; girles; cosen; abettors,"Salvation, Merit and Virtue","Religion, Theology & the Church",inherited,1570-1590#40
combined,1590-1610,33,581,logicall; proprieties; intellectuall; supernaturall; geometrie; operations; philosophy; philosophie; animall; summary,Virtues and Excellent Qualities,Morality: Virtue & Vice,inherited,1570-1590#43
combined,1590-1610,10,966,impiously; clearly; impertinently; exactlie; iniuriously; spitefully; impudently; slaunderously; fiercely; vilely,"Wrongdoing, Fraud and Harm",Morality: Virtue & Vice,inherited,1570-1590#17
combined,1590-1610,47,423,ioy; pilgrimages; glorification; worthinesse; vestiments; idols; fastes; remissio; redeemer; ioye,"Scripture, Doctrine and Preaching","Religion, Theology & the Church",inherited,1570-1590#62
combined,1590-1610,46,433,fourty; ianuary; sixty; december; thirty; nouember; ianuarie; july; sixteenth; thirteene,Verbs of Remaining and Enduring,Structural / Uncertain,inherited,1570-1590#36
combined,1590-1610,0,1688,wrongd; enformed; refuted; wrong'd; vnhorsed; censured; ouerthrowen; spide; blamed; imparted,Chivalric Romance Narration,"Literature, Drama & Poetic Diction",inherited,1570-1590#2
combined,1590-1610,29,645,ducke; ducks; buzzard; toade; partridges; duckes; toad; capons; ramping; hogge,Animals and Wildlife,"Nature, Landscape & Weather",inherited,1570-1590#42
combined,1590-1610,14,918,ahaziah; abimelech; issachar; amon; ioram; manasseh; ahab; iehoshaphat; ioatham; ozias,Roman Numerals,Structural / Uncertain,inherited,1570-1590#24
combined,1590-1610,17,901,gordon; excester; erle; edmund; rodrigo; darby; phillippe; cuthbert; ferdinando; marques,English Nobility and Earldoms,"History, Genealogy, Nobility & Kinship",inherited,1570-1590#8
combined,1590-1610,27,660,provinciall; suffraganes; archdeacons; bailiffes; archbishops; canterbury; magdeburg; commissaries; officials; durham,"Parliament, Estates and Nobility","Government, Law & Administration",inherited,1570-1590#21
combined,1590-1610,13,920,allegations; explication; propositions; conclusions; interpretations; assertions; descriptions; positions; assertion; definition,Latin Grammar Instruction,"Books, Learning & Scholarship",inherited,1570-1590#32
combined,1590-1610,9,966,tumbled; casts; flung; pulled; leapt; pluckt; threw; lept; casteth; fling,Base-Form Verbs,Structural / Uncertain,inherited,1570-1590#7
combined,1590-1610,12,950,ilf; sirrah; val; ifaith; cand; crip; hippolito; sirha; flo; geor,Latin Poetic Text,Structural / Uncertain,inherited,1570-1590#54
combined,1590-1610,48,421,quadrant; eclipticke; progression; horizontall; zodiacke; equator; verticall; semicircle; zenith; equinoctiall,Military Campaign Narrative,Military & Warfare,inherited,1570-1590#23
combined,1590-1610,1,1531,chastiseth; tearmeth; interpreteth; accuseth; alleageth; kils; nameth; afflicts; proposeth; describes,Third-Person -eth Verb Forms,Structural / Uncertain,inherited,1570-1590#12
combined,1590-1610,18,877,damasc; enchirid; symbolo; gestis; feod; gener; translat; euchar; libro; laicis,Verbs of Thinking and Perceiving,Structural / Uncertain,inherited,1570-1590#39
combined,1590-1610,30,634,anguish; greefe; mournfull; perplexities; ruthlesse; sobs; inconveniences; griefe; griefs; pangs,"Grief, Sorrow and Lamentation","Literature, Drama & Poetic Diction",inherited,1570-1590#18
combined,1590-1610,20,806,duskie; starrie; radiant; rayes; scorching; scorched; cloudie; surging; cloudy; stormie,Miscellaneous Narrative Fragments,Structural / Uncertain,inherited,1570-1590#30
combined,1590-1610,34,581,chambering; indiscretion; obstinacie; gluttonie; periurie; luxurie; auarice; arrogancie; obstinacy; luciferian,"Leisure, Games and Entertainment","Domestic Life, Dress & Household",inherited,1570-1590#58
combined,1590-1610,28,657,felonie; deprauing; wrathfull; pecuniarie; impugning; suspicion; preseruation; furtherance; conseruation; propounding,"Jurisdiction, Dominion and Office","Government, Law & Administration",inherited,1570-1590#41
combined,1590-1610,41,483,monothelites; bawdes; nestorians; caluinists; schismatical; idolaters; ruffians; sabellius; murtherers; whores,"Estates, Offices and Institutions","Government, Law & Administration",inherited,1570-1590#37
combined,1590-1610,2,1528,speckled; spangled; carnation; ierkin; tresses; plates; hattes; chinne; buskins; sleeues,Weapons and Battle Gear,Military & Warfare,inherited,1570-1590#19
combined,1590-1610,23,786,subsidies; pensions; rents; tributes; forfeitures; iurisdictions; leases; demaines; contributions; purchases,Legal Writs and Property Law,"Government, Law & Administration",inherited,1570-1590#20
combined,1590-1610,24,780,fleame; flegme; phlegme; drines; fleume; lunges; lungs; inflamation; guttes; slimie,Anatomy and Bodily Ailments,"Medicine, Body & Health",inherited,1570-1590#15
combined,1590-1610,25,749,molti; llos; essi; percioche; principe; consiglio; duce; imperio; costei; alcuni,Mixed Word Fragments,Structural / Uncertain,inherited,1570-1590#31
combined,1590-1610,26,708,flowrie; grassie; shady; medowes; meddowes; shadie; dales; boughes; channell; meades,Place Names and Geographic Terms,Geography & Territory,inherited,1570-1590#11
combined,1590-1610,36,555,clogged; glutted; deckt; ouercharged; pincht; ouerladen; pierst; sweld; surcharged; decked,Roman Numerals and Dates,Structural / Uncertain,inherited,1570-1590#56
combined,1590-1610,15,907,forgeries; mutinies; deuices; deceits; calumniations; trecheries; treacheries; toies; seditions; slaunders,Humoral Medicine and Diet,"Medicine, Body & Health",inherited,1570-1590#4
combined,1590-1610,42,472,roan; bruxelles; bruges; douer; arles; dreux; tholouse; dhulh; aldersgate; lenght,Daily Routine and Mealtimes,"Domestic Life, Dress & Household",inherited,1570-1590#29
combined,1590-1610,4,1385,nullam; illorum; ostendit; erga; illam; dignitatem; quas; viribus; tuorum; cunctis,Latin Religious Text,Structural / Uncertain,inherited,1570-1590#26
combined,1590-1610,49,417,fortassis; penit; poti; quintin; andrewes; ething; albons; liquet; domingo; omers,Saints and Apostles,"Religion, Theology & the Church",inherited,1570-1590#45
combined,1590-1610,8,989,betony; almonds; limons; cinamon; fennell; ireos; vinegar; cotten; fenell; sorrell,Household Ingredients and Materials,"Domestic Life, Dress & Household",inherited,1570-1590#5
combined,1590-1610,19,847,valla; hosius; manlius; iohannes; theodoretus; functius; paulus; petrus; claudius; maximus,Latin Arithmetic Text,"Science, Mathematics & Natural Philosophy",inherited,1570-1590#14
combined,1590-1610,11,961,principibus; iudaei; summi; praecipu; ritus; huiusmodi; istam; fuerunt; literis; pontifici,Latin Arithmetic and Geometry,"Science, Mathematics & Natural Philosophy",inherited,1570-1590#0
combined,1590-1610,16,905,picardie; auxerre; clermont; languedoc; cappadocia; bithinia; artois; orleans; sicilia; turin,"Biblical Genealogies, Old Testament","Religion, Theology & the Church",inherited,1570-1590#9
combined,1590-1610,54,250,seazeth; ceaze; dotes; relye; gaz'd; backside; rideth; gazed; seazing; waits,Miscellaneous Word Fragments,Structural / Uncertain,inherited,1570-1590#51
combined,1590-1610,40,502,turrets; feature; matchlesse; gorgious; imagerie; edifices; valorous; chiualrie; colledges; attires,Poetic Description and Beauty,"Literature, Drama & Poetic Diction",inherited,1570-1590#33
combined,1590-1610,32,609,warbling; shrill; ratling; melody; melodious; tunes; lawnes; inchaunting; chaunting; carding,"Music, Song and Melody","Literature, Drama & Poetic Diction",inherited,1570-1590#61
combined,1590-1610,67,28,exceeds; exceedeth; surpassing; exceedes; surpasseth; excelling; boue; surpasse; surmounts; exceed,Verbs of Exceeding and Surpassing,Structural / Uncertain,human,
combined,1590-1610,59,162,vsest; vnderstandest; lyest; wantest; fearest; talkest; requirest; loosest; sawest; deseruest,Second-Person Verb Forms,Structural / Uncertain,inherited,1570-1590#59
combined,1590-1610,35,562,switzers; artillerie; launces; gallies; colonell; footemen; wallons; troopes; boates; waggons,Royal and Noble Names,"History, Genealogy, Nobility & Kinship",inherited,1570-1590#38
combined,1590-1610,51,287,ript; swalloweth; lifte; ripping; trussed; rayseth; stirr; rippe; lock; heaued,Mixed Names and Fragments,Structural / Uncertain,inherited,1570-1590#55
combined,1590-1610,38,515,phoebe; hippolitus; daphne; hero; adonis; latona; aurora; dian; amphion; thetis,Family and Kinship Terms,"History, Genealogy, Nobility & Kinship",inherited,1570-1590#25
combined,1590-1610,7,1018,eythr; pwy; enwedig; amser; gwirionedd; torri; etto; catholic; cwbl; lhe,Latin Ecclesiastical Text,Structural / Uncertain,inherited,1570-1590#10
combined,1590-1610,63,112,xvii; xxv; xxvii; xix; xviii; tenore; svperivs; xlv; xxiii; bassvs,Latin Pharmacopoeia Ingredients,"Medicine, Body & Health",inherited,1570-1590#47
combined,1590-1610,65,41,timoth; hebr; rom; galat; marc; galath; coloss; ephe; eph; colos,Word Fragments,Structural / Uncertain,inherited,1570-1590#66
combined,1590-1610,52,272,estraunged; abstayning; alienated; dissenteth; abstain; withdraw; swarued; sequestred; differs; withholden,Verbs of Separation and Withdrawal,Structural / Uncertain,inherited,1570-1590#46
combined,1590-1610,58,166,nny; xa; ek; propou; defe; withsta; comprehe; efes; wilson; sou,Word Fragments,Structural / Uncertain,inherited,1570-1590#44
combined,1590-1610,43,464,venir; moins; quelques; depuis; mesmes; encore; royaume; eux; ilz; ensemble,Law French Legal Text,Structural / Uncertain,inherited,1570-1590#13
combined,1590-1610,64,52,assign; disagr; misd; inst; cr; fores; bl; misch; lude; gr,Miscellaneous Narrative Fragments,Structural / Uncertain,inherited,1570-1590#49
combined,1590-1610,53,255,vandales; parthians; scythian; mithridates; lombards; veientians; scithians; hungarians; saracens; arabians,Latin Grammar and Classical Authors,"Books, Learning & Scholarship",inherited,1570-1590#63
combined,1590-1610,45,444,interiection; westmon; ethnike; appendix; allegory; vproare; galingall; oligarchie; acorne; hipocrite,Herbal and Animal Remedies,"Medicine, Body & Health",inherited,1570-1590#35
combined,1590-1610,37,518,archiepiscopo; redijt; legatis; fregit; teneat; viui; retr; mesuag; articulis; idcirco,Latin Text,Structural / Uncertain,inherited,1570-1590#50
combined,1590-1610,50,361,quhy; thairfoir; declair; richt; agane; quhill; thocht; befoir; weill; zit,Dutch and German Text,Structural / Uncertain,inherited,1570-1590#22
combined,1590-1610,5,1311,denique; quarum; sanctitatis; veluti; alicuius; alioqui; istius; foemina; saepius; haberent,Combat and Action Narration,Military & Warfare,inherited,1570-1590#6
combined,1590-1610,60,161,sequently; manding; trariwise; sideratio; uersation; panie; monweale; firmation; temne; pelled,"Word Fragments, Suffix Stems",Structural / Uncertain,inherited,1570-1590#52
combined,1590-1610,61,160,verbes; grains; drachmes; substantiue; coniugation; mode; drammes; diapente; yolks; handfuls,"Christ, Virgin and Trinity Devotion","Religion, Theology & the Church",inherited,1570-1590#65
combined,1590-1610,55,216,filium; francorum; agnoscitur; condidit; habetur; olimpias; clarus; iudae; aegiptiorum; obtinuit,Latin Legal and Rhetorical Text,Structural / Uncertain,inherited,1570-1590#53
combined,1590-1610,62,143,appara; conuenie; tena; preside; commaundeme; assista; imprisonme; prude; sile; performa,Word Fragments,Structural / Uncertain,inherited,1570-1590#57
combined,1590-1610,66,34,rechter; nae; daer; ander; niet; selfde; musquet; het; hant; lincker,Spelling Variants,Structural / Uncertain,inherited,1570-1590#64
combined,1590-1610,6,1134,moesia; bourguignon; ymryson; mercatores; duras; gulielmo; philopator; royaumes; siccr; drugarog,Mixed Names and Fragments,Structural / Uncertain,inherited,1570-1590#3
combined,1610-1630,63,173,amitie; amity; simpathy; disproportion; participation; contrariety; distinctio; contrarietie; concord; combination,"Battle Outcomes, Past Participles",Military & Warfare,inherited,1590-1610#56
combined,1610-1630,29,699,neece; elianor; dowager; mauld; isabella; margaret; isabel; katherine; elenor; countesse,"Salvation, Merit and Virtue","Religion, Theology & the Church",inherited,1590-1610#22
combined,1610-1630,3,1543,recommend; reject; enioyne; iniure; disproue; oblige; intice; daunt; contradict; intreat,Infinitive Verb Forms,Structural / Uncertain,inherited,1590-1610#3
combined,1610-1630,57,291,knovv; wherin; wherein; shevv; hovv; desiderius; othervvise; novv; knovve; betvveen,Mixed Verb Forms,Structural / Uncertain,inherited,1590-1610#31
combined,1610-1630,51,315,endeauours; imployments; enterprises; designes; proiects; inclinations; toyle; functions; toile; intendments,Poetic Description and Beauty,"Literature, Drama & Poetic Diction",inherited,1590-1610#40
combined,1610-1630,17,948,assur; sehon; ammonites; amaziah; ioram; moabites; ammon; assirians; iehoram; ezekiel,Roman Numerals,Structural / Uncertain,inherited,1590-1610#14
combined,1610-1630,24,868,shamefully; audaciously; barbarously; impiously; impudently; egregiously; vntruly; copiously; louingly; essentially,"Wrongdoing, Fraud and Harm",Morality: Virtue & Vice,inherited,1590-1610#10
combined,1610-1630,62,195,bigger; broader; fairer; swifter; blacker; thicker; lighter; rarest; quicker; noblest,Praise and Worship,"Religion, Theology & the Church",inherited,1590-1610#57
combined,1610-1630,44,447,tinker; pedler; bawde; rogue; pander; knauish; iade; queane; knaue; iester,Welsh Text,Structural / Uncertain,inherited,1590-1610#44
combined,1610-1630,35,590,boats; colonels; pinnaces; collonell; footmen; shippes; musketiers; footemen; barges; starboord,Royal and Noble Names,"History, Genealogy, Nobility & Kinship",inherited,1590-1610#35
combined,1610-1630,43,465,sophisticall; logicall; geometrie; rhetoricke; rhetoricall; equiuocall; astrologie; friuolous; astronomie; improbable,Worldly Vice and Temptation,Morality: Virtue & Vice,inherited,1590-1610#21
combined,1610-1630,20,894,intellectuall; incomprehensible; identitie; indiuiduall; intrinsecall; intellectiue; essentiall; organicall; analogicall; elementarie,Virtues and Excellent Qualities,Morality: Virtue & Vice,inherited,1590-1610#33
combined,1610-1630,49,328,celebration; fourteenth; seauenteenth; februarie; ianuarie; eighteenth; christmas; nouember; feastes; fifteenth,Verbs of Remaining and Enduring,Structural / Uncertain,inherited,1590-1610#46
combined,1610-1630,5,1474,blamed; affirmed; related; ouerthrowen; encountred; censured; inriched; prooued; conuinced; impugned,Chivalric Romance Narration,"Literature, Drama & Poetic Diction",inherited,1590-1610#0
combined,1610-1630,19,912,jurisdiction; jurisdictions; civil; prouinciall; ecclesiastical; deanes; metropolitans; declarations; bishoppes; officials,"Parliament, Estates and Nobility","Government, Law & Administration",inherited,1590-1610#27
combined,1610-1630,34,602,adrianus; antoninus; seuerus; marius; caius; domitian; marcus; carolus; valerius; cneius,Latin Grammar and Classical Authors,"Books, Learning & Scholarship",inherited,1590-1610#53
combined,1610-1630,40,523,establishing; preservation; furtherance; vpholding; confirming; license; impeachment; controulement; conseruation; suppressing,"Jurisdiction, Dominion and Office","Government, Law & Administration",inherited,1590-1610#28
combined,1610-1630,30,681,mallard; cats; ducks; ducke; hog; pheasants; capons; mullet; turkies; capon,Animals and Wildlife,"Nature, Landscape & Weather",inherited,1590-1610#29
combined,1610-1630,27,725,assertions; fooleries; propositions; narrations; currants; treatises; phantasies; expositions; interpretations; definitions,Latin Grammar Instruction,"Books, Learning & Scholarship",inherited,1590-1610#13
combined,1610-1630,26,748,sirra; frisco; cle; delio; seb; brac; nisus; iack; lod; mol,Latin Poetic Text,Structural / Uncertain,inherited,1590-1610#12
combined,1610-1630,13,1065,leaps; flung; rends; tumble; leapes; throwes; beats; entering; casteth; puld,Base-Form Verbs,Structural / Uncertain,inherited,1590-1610#9
combined,1610-1630,50,323,sixtie; gilders; sixty; fourteene; thirtie; bushels; drams; fiftie; groats; sixteene,"Christ, Virgin and Trinity Devotion","Religion, Theology & the Church",inherited,1590-1610#61
combined,1610-1630,1,1615,flatters; tempts; denyeth; alleageth; stileth; tearmeth; oppresseth; termeth; manifesteth; expresseth,Third-Person -eth Verb Forms,Structural / Uncertain,inherited,1590-1610#1
combined,1610-1630,46,387,apollinaris; hereticks; sectaries; photinus; brownists; catholik; anabaptists; schismatickes; schismaticall; puritans,"Estates, Offices and Institutions","Government, Law & Administration",inherited,1590-1610#41
combined,1610-1630,28,717,flowry; clifts; brakes; pyne; ditches; banke; tops; cliffes; flowrie; strand,Place Names and Geographic Terms,Geography & Territory,inherited,1590-1610#26
combined,1610-1630,12,1144,sac; malmesb; epit; episc; sacr; cathol; petil; defens; princip; extat,Verbs of Thinking and Perceiving,Structural / Uncertain,inherited,1590-1610#18
combined,1610-1630,21,886,affability; affable; gentlenesse; corage; magnanimity; sincerity; dexteritie; sinceritie; clemency; bounty,"Faith, Sin and Justification","Religion, Theology & the Church",inherited,1590-1610#39
combined,1610-1630,39,555,sobbing; sobs; heauines; griefe; vnpardonable; grones; greife; vnsupportable; horrid; frightfull,"Grief, Sorrow and Lamentation","Literature, Drama & Poetic Diction",inherited,1590-1610#30
combined,1610-1630,14,1045,worldlinesse; luxury; luxurie; intemperate; fantasticke; vilde; peeuish; rancour; sullen; dulnesse,"Leisure, Games and Entertainment","Domestic Life, Dress & Household",inherited,1590-1610#34
combined,1610-1630,25,777,embryo; uniuersity; intruder; vproare; hebraisme; amorite; infidel; inlet; ephah; impostor,Herbal and Animal Remedies,"Medicine, Body & Health",inherited,1590-1610#45
combined,1610-1630,37,565,courted; beguil'd; beguild; plaide; blam'd; lou'd; grac'd; assaild; pierc't; chid,Dutch and German Text,Structural / Uncertain,inherited,1590-1610#50
combined,1610-1630,22,869,slimy; dropsies; watrish; gouts; fluxes; flegme; waterish; vreters; poysonous; consumptions,Anatomy and Bodily Ailments,"Medicine, Body & Health",inherited,1590-1610#24
combined,1610-1630,2,1567,ierkin; leather; doublet; taffata; carnation; cassockes; bristles; sattin; sleeues; saphires,Weapons and Battle Gear,Military & Warfare,inherited,1590-1610#2
combined,1610-1630,32,652,adonis; spangled; sky; whoes; radiant; phoebe; azure; beams; burnisht; sparkling,Family and Kinship Terms,"History, Genealogy, Nobility & Kinship",inherited,1590-1610#38
combined,1610-1630,7,1307,routs; dissimulations; forgeries; calumniations; garboiles; sleights; trecheries; backbiting; treasonable; impostures,Humoral Medicine and Diet,"Medicine, Body & Health",inherited,1590-1610#15
combined,1610-1630,15,999,artois; armenia; rhosne; portugal; ostrogothes; sicilia; tripoli; bulgaria; tanais; gaules,"Biblical Genealogies, Old Testament","Religion, Theology & the Church",inherited,1590-1610#16
combined,1610-1630,4,1496,quamvis; priusquam; interdum; nonnulli; quemadmodum; poterat; praesentis; saltem; illorum; debere,Latin Religious Text,Structural / Uncertain,inherited,1590-1610#4
combined,1610-1630,59,263,delt; inueigheth; combined; medle; conioyned; joyne; medled; preuayled; linked; ioine,Spelling Variants,Structural / Uncertain,inherited,1590-1610#66
combined,1610-1630,47,367,illustri; seri; saepi; penit; ampli; albones; denis; alti; albons; maximin,Saints and Apostles,"Religion, Theology & the Church",inherited,1590-1610#49
combined,1610-1630,33,614,windsore; henault; roan; antwerpe; madrid; random; marseilles; francfort; hwynebau; yarmouth,Daily Routine and Mealtimes,"Domestic Life, Dress & Household",inherited,1590-1610#42
combined,1610-1630,6,1349,bydd; gwrando; hyder; byw; marw; mwy; attaf; drugaredd; rhan; eglur,Latin Ecclesiastical Text,Structural / Uncertain,inherited,1590-1610#7
combined,1610-1630,65,106,vlt; rom; joh; gala; cor; colos; pet; lu; col; siluanus,Word Fragments,Structural / Uncertain,inherited,1590-1610#65
combined,1610-1630,52,314,couer'd; glutted; inuironed; encombred; fill'd; pestred; drenched; vext; surcharged; washt,Roman Numerals and Dates,Structural / Uncertain,inherited,1590-1610#36
combined,1610-1630,36,573,praecipu; libros; testamenti; habitu; ecclesiarum; scribit; monachis; diuitijs; formula; sacrae,Miscellaneous Narrative Fragments,Structural / Uncertain,inherited,1590-1610#64
combined,1610-1630,61,236,oughtst; sinnest; pleasest; deniest; seruest; vvilt; requirest; saiest; com'st; loosest,Second-Person Verb Forms,Structural / Uncertain,inherited,1590-1610#59
combined,1610-1630,11,1202,sorrell; cinamon; citrons; smallage; quinces; berries; borage; ginger; dill; cherrie,Household Ingredients and Materials,"Domestic Life, Dress & Household",inherited,1590-1610#8
combined,1610-1630,48,331,flakes; welkin; boreas; billowes; gusts; snowes; boysterous; fogs; blustring; flawes,Miscellaneous Narrative Fragments,Structural / Uncertain,inherited,1590-1610#20
combined,1610-1630,54,306,rippe; heaued; ripped; stir'd; rip; treasured; swalloweth; stirs; summed; ript,Mixed Names and Fragments,Structural / Uncertain,inherited,1590-1610#51
combined,1610-1630,55,297,relyed; relies; relied; spitted; preyed; horseback; fathered; relyeth; looker; railed,Miscellaneous Word Fragments,Structural / Uncertain,inherited,1590-1610#54
combined,1610-1630,42,475,quadrant; semidiameter; equinoctiall; eclipticke; diameter; meridian; aequinoctiall; triangles; diagonall; triangle,Military Campaign Narrative,Military & Warfare,inherited,1590-1610#48
combined,1610-1630,58,287,dissenteth; abstaineth; secluded; abstain; abstained; seperated; derogating; deterre; absteine; swaruing,Verbs of Separation and Withdrawal,Structural / Uncertain,inherited,1590-1610#52
combined,1610-1630,66,91,xxiiii; xvii; xv; xxii; xxvi; xvi; xix; xxxiii; xi; xxix,Latin Pharmacopoeia Ingredients,"Medicine, Body & Health",inherited,1590-1610#63
combined,1610-1630,23,869,fines; annuities; commissions; bailiffes; marchandises; leases; payments; stipends; rentes; pensions,Legal Writs and Property Law,"Government, Law & Administration",inherited,1590-1610#23
combined,1610-1630,10,1239,uno; vtpote; denique; hisce; deinceps; quarum; insuper; nostrorum; veteris; munere,Latin Arithmetic and Geometry,"Science, Mathematics & Natural Philosophy",inherited,1590-1610#11
combined,1610-1630,53,307,morton; fulk; latinis; reynolds; fulke; whitgift; aetern; demau; whitaker; iudgme,Word Fragments,Structural / Uncertain,inherited,1590-1610#62
combined,1610-1630,45,397,tinkers; bawdes; panders; strumpets; brokers; tradesmen; coblers; dicing; vintners; swaggering,"Scripture, Doctrine and Preaching","Religion, Theology & the Church",inherited,1590-1610#47
combined,1610-1630,16,988,carlton; ralph; diaz; gloucester; ieronimo; thorpe; northwales; darby; rodriguez; hartford,English Nobility and Earldoms,"History, Genealogy, Nobility & Kinship",inherited,1590-1610#17
combined,1610-1630,56,293,melodious; warbling; shrill; rore; bellowing; rumbling; shouts; euterpe; satyres; roares,"Music, Song and Melody","Literature, Drama & Poetic Diction",inherited,1590-1610#32
combined,1610-1630,31,657,l'huomo; stomaco; quelli; sete; souente; gli; ventura; dalla; egli; dopo,Mixed Word Fragments,Structural / Uncertain,inherited,1590-1610#25
combined,1610-1630,38,559,yeux; soleil; papes; pouuoir; fois; vient; vray; bien; aussi; grands,Law French Legal Text,Structural / Uncertain,inherited,1590-1610#43
combined,1610-1630,18,940,gregorius; nicolaus; martianus; laurentius; papias; diodorus; stapleton; andreas; turrian; didacus,Latin Arithmetic Text,"Science, Mathematics & Natural Philosophy",inherited,1590-1610#19
combined,1610-1630,41,492,oppidum; anglo; scotorum; regij; hostium; europae; angliam; galliae; itinere; accepto,Latin Legal and Rhetorical Text,Structural / Uncertain,inherited,1590-1610#55
combined,1610-1630,60,258,orationem; tobae; meis; tuorum; patre; tuae; filium; oremus; meorum; hymnus,Word Fragments,Structural / Uncertain,inherited,1590-1610#58
combined,1610-1630,8,1256,fati; inquam; vndique; cunctis; diademate; numeris; laetitiae; procerum; mortalibus; sydera,Combat and Action Narration,Military & Warfare,inherited,1590-1610#5
combined,1610-1630,64,107,uersation; sidering; maunded; monwealth; trarie; mandeth; fusion; forted; secrated; fessed,"Word Fragments, Suffix Stems",Structural / Uncertain,inherited,1590-1610#60
combined,1610-1630,0,1726,iaen; clywed; teco; ddirgel; ddywedant; spine; hurtado; cingis; chyfiawnder; caethiwed,Mixed Names and Fragments,Structural / Uncertain,inherited,1590-1610#6
combined,1610-1630,9,1254,nullatenus; misera; copijs; relictis; autoritate; prophetam; rationibus; hijs; episcopatus; subditorum,Latin Text,Structural / Uncertain,inherited,1590-1610#37
combined,1610-1630,67,35,liceat; rapit; vtrum; coniuge; vtri; refert; vtram; dicis; polus; deni,Verbs of Exceeding and Surpassing,Structural / Uncertain,inherited,1590-1610#67
combined,1630-1650,57,293,fiftie; hogsheads; thirtie; thirteene; hogshead; drachmes; fourescore; shilling; fortie; sixtie,"Christ, Virgin and Trinity Devotion","Religion, Theology & the Church",inherited,1610-1630#50
combined,1630-1650,33,693,intellectuall; infinitenesse; essence; corporeall; incomprehensible; operations; accidentall; extrinsecall; physicall; nutritive,Virtues and Excellent Qualities,Morality: Virtue & Vice,inherited,1610-1630#20
combined,1630-1650,27,858,knovve; saied; reasones; proued; affirmed; related; donne; donatistes; evinced; demonstrated,Mixed Verb Forms,Structural / Uncertain,inherited,1610-1630#57
combined,1630-1650,22,917,abusive; effeminate; affable; franticke; arrogant; dissolute; stupid; lascivious; debauched; blockish,Worldly Vice and Temptation,Morality: Virtue & Vice,inherited,1610-1630#43
combined,1630-1650,58,273,bigger; broader; thinner; thicker; happier; lighter; hotter; quicker; blacker; lesse,Praise and Worship,"Religion, Theology & the Church",inherited,1610-1630#62
combined,1630-1650,37,612,queane; knaue; slut; pie; miller; swaggering; curre; smock; maide; dutchman,Welsh Text,Structural / Uncertain,inherited,1610-1630#44
combined,1630-1650,40,594,rascalls; fidlers; drapers; wares; wools; tapsters; tinkers; tradesmen; promoters; lasses,"Scripture, Doctrine and Preaching","Religion, Theology & the Church",inherited,1610-1630#45
combined,1630-1650,34,678,cavallery; musquetiers; dragooners; muskettiers; troops; sariant; oares; musquets; gunnes; dunkirk,Royal and Noble Names,"History, Genealogy, Nobility & Kinship",inherited,1610-1630#35
combined,1630-1650,0,1885,bewitch; assaile; befriend; intitle; vexe; permitt; say; denie; impart; endeare,Infinitive Verb Forms,Structural / Uncertain,inherited,1610-1630#3
combined,1630-1650,45,538,nouember; festivall; celebration; novem; fourteenth; iuly; sonday; solemnities; sunday; seventeenth,Verbs of Remaining and Enduring,Structural / Uncertain,inherited,1610-1630#49
combined,1630-1650,13,1113,abijah; amaziah; ioash; iehoram; amon; ismael; ahaziah; aram; benhadad; ezekias,Roman Numerals,Structural / Uncertain,inherited,1610-1630#17
combined,1630-1650,30,815,bayliffs; escheators; bangor; clerkes; collectors; clarkes; clarks; prebends; officials; coroners,"Parliament, Estates and Nobility","Government, Law & Administration",inherited,1610-1630#19
combined,1630-1650,4,1623,avoucheth; stileth; quotes; interprets; applies; blesseth; tearmeth; imputes; expels; assureth,Third-Person -eth Verb Forms,Structural / Uncertain,inherited,1610-1630#1
combined,1630-1650,18,995,impiously; unchristianly; essentially; maliciously; abominably; impudently; formally; discreetly; scandalously; injuriously,"Wrongdoing, Fraud and Harm",Morality: Virtue & Vice,inherited,1610-1630#24
combined,1630-1650,5,1532,fictions; logicall; descriptions; mathematicks; fopperies; assertion; definitions; affirmation; astronomie; assertions,Latin Grammar Instruction,"Books, Learning & Scholarship",inherited,1610-1630#27
combined,1630-1650,66,120,xix; xv; xviii; xxix; xxiii; xxxii; xxv; xxii; xvii; xxvi,Latin Pharmacopoeia Ingredients,"Medicine, Body & Health",inherited,1610-1630#66
combined,1630-1650,38,608,capons; partridges; pullet; hens; cony; toads; vultures; mastiffe; pies; pheasant,Animals and Wildlife,"Nature, Landscape & Weather",inherited,1610-1630#30
combined,1630-1650,15,1088,flung; puld; tumbled; flings; throw; tumbles; fling; leaps; pull'd; slides,Base-Form Verbs,Structural / Uncertain,inherited,1610-1630#13
combined,1630-1650,41,589,neece; aunt; dorothy; katherine; katharine; dowager; bedfellow; nephew; grandmother; mistrisse,"Salvation, Merit and Virtue","Religion, Theology & the Church",inherited,1610-1630#29
combined,1630-1650,69,84,i'll; they'l; hee'le; hee'l; wo'd; ile; i'le; they'le; you'll; wee'll,Contracted Verb Forms,Structural / Uncertain,human,
combined,1630-1650,46,479,soveraignty; iurisdiction; jurisdiction; regal; primacy; prelacie; ecclesiastick; authoritative; superioritie; soveraigntie,"Sovereignty, Church Authority and Tyranny","Government, Law & Administration",human,
combined,1630-1650,23,911,sicilia; dalmatia; dacia; ancona; marca; sardinia; flaunders; moldavia; barbarie; cuba,"Biblical Genealogies, Old Testament","Religion, Theology & the Church",inherited,1610-1630#15
combined,1630-1650,11,1149,reversion; assessements; payments; disseisor; arrerages; plaintiff; replevin; pensions; attachment; grantee,Legal Writs and Property Law,"Government, Law & Administration",inherited,1610-1630#23
combined,1630-1650,10,1173,billowes; medowes; gliding; shady; tanais; valleyes; meadowes; pond; currents; billows,Place Names and Geographic Terms,Geography & Territory,inherited,1610-1630#28
combined,1630-1650,59,272,undertakings; negotiations; endeauours; designes; seruices; indeavours; designs; intendments; behauiour; endeavours,Poetic Description and Beauty,"Literature, Drama & Poetic Diction",inherited,1610-1630#51
combined,1630-1650,32,700,goodnesse; bounty; constancie; candour; solidity; magnanimous; goodnes; valorous; modestie; sincerity,"Faith, Sin and Justification","Religion, Theology & the Church",inherited,1610-1630#21
combined,1630-1650,24,899,perplexities; disasters; dissentions; inconveniencies; discords; disturbances; extortions; contentions; agonies; anguish,Humoral Medicine and Diet,"Medicine, Body & Health",inherited,1610-1630#7
combined,1630-1650,1,1794,charm'd; vext; deceiv'd; betray'd; ruinated; courted; encountred; gain'd; surprised; deceiued,Chivalric Romance Narration,"Literature, Drama & Poetic Diction",inherited,1610-1630#5
combined,1630-1650,50,414,daphne; iuno; cynthia; nimph; cloris; phoebus; flora; proserpine; beauteous; nymph,Dutch and German Text,Structural / Uncertain,inherited,1610-1630#37
combined,1630-1650,19,955,defens; emendat; biblioth; carm; libr; praefat; sacr; epit; citat; theolog,Verbs of Thinking and Perceiving,Structural / Uncertain,inherited,1610-1630#12
combined,1630-1650,35,644,opposing; furthering; suppressing; reproving; preserving; depriving; countenancing; censuring; securing; reproaching,"Jurisdiction, Dominion and Office","Government, Law & Administration",inherited,1610-1630#40
combined,1630-1650,54,315,heretiks; nestorius; arians; heresie; eutyches; valentinus; manichees; separatists; papisme; schismatickes,"Estates, Offices and Institutions","Government, Law & Administration",inherited,1610-1630#46
combined,1630-1650,28,848,worldlinesse; luxury; voluptuousnesse; intemperance; stubbornnesse; sottishnesse; wilfulnesse; dulnesse; rashnesse; gluttony,"Leisure, Games and Entertainment","Domestic Life, Dress & Household",inherited,1610-1630#14
combined,1630-1650,2,1680,embrodered; taffata; velvet; embroidered; curled; dangling; tresses; sattin; pinnes; tissue,Weapons and Battle Gear,Military & Warfare,inherited,1610-1630#2
combined,1630-1650,48,457,spangled; azure; duskie; sparkling; radiant; sky; brightest; titans; resplendent; starrie,Family and Kinship Terms,"History, Genealogy, Nobility & Kinship",inherited,1610-1630#32
combined,1630-1650,21,941,andreas; iohannes; gregorius; iacobus; nicolaus; virgil; hieronymus; livie; laertius; scaliger,Latin Arithmetic Text,"Science, Mathematics & Natural Philosophy",inherited,1610-1630#18
combined,1630-1650,43,566,dallied; complied; replenished; fil'd; complyed; comply; pestred; fild; conjoyned; united,Spelling Variants,Structural / Uncertain,inherited,1610-1630#59
combined,1630-1650,51,405,doated; relyed; doate; seased; gaz'd; relieth; commented; relyeth; relied; frowned,Miscellaneous Word Fragments,Structural / Uncertain,inherited,1610-1630#55
combined,1630-1650,16,1066,debeat; praecipu; agnoscunt; istam; putant; veritati; dixisse; cupit; alicui; aliquis,Latin Religious Text,Structural / Uncertain,inherited,1610-1630#4
combined,1630-1650,8,1366,walton; barker; randall; pury; sadler; fleming; barrington; wallis; mowbray; leighton,English Nobility and Earldoms,"History, Genealogy, Nobility & Kinship",inherited,1610-1630#16
combined,1630-1650,3,1672,dari; quodque; quadam; tecta; sicuti; quinetiam; invenit; interea; externis; heic,Combat and Action Narration,Military & Warfare,inherited,1610-1630#8
combined,1630-1650,52,356,trussed; stir'd; cooped; stird; dammed; foulded; hoord; dries; lock't; dry'd,Mixed Names and Fragments,Structural / Uncertain,inherited,1610-1630#54
combined,1630-1650,6,1405,tantam; vocamus; velint; multas; rursus; perfectam; aliorum; suarum; sedem; nostrarum,Latin Arithmetic and Geometry,"Science, Mathematics & Natural Philosophy",inherited,1610-1630#10
combined,1630-1650,63,237,perceivest; requirest; intendest; talkest; pretendest; receivest; saiest; spakest; runnest; didest,Second-Person Verb Forms,Structural / Uncertain,inherited,1610-1630#61
combined,1630-1650,62,241,scoft; laugh'd; laught; carpe; aym'd; random; repined; aymeth; randome; aim'd,Miscellaneous Narrative Fragments,Structural / Uncertain,inherited,1610-1630#48
combined,1630-1650,56,305,swarving; abstracting; swarue; seperated; recede; deriued; derogates; severed; seuered; sever'd,Verbs of Separation and Withdrawal,Structural / Uncertain,inherited,1610-1630#58
combined,1630-1650,9,1356,sorrell; berries; endiue; succory; cinnamon; quinces; fumitory; cinamon; cloues; sallet,Household Ingredients and Materials,"Domestic Life, Dress & Household",inherited,1610-1630#11
combined,1630-1650,47,464,semicircle; quadrant; equinoctiall; aequator; tangents; axis; horizontall; eclipticke; diameter; aequinoctiall,Military Campaign Narrative,Military & Warfare,inherited,1610-1630#42
combined,1630-1650,61,247,longi; augustins; ulteri; meli; alban; ampli; facili; hilarie; edmunds; penit,Saints and Apostles,"Religion, Theology & the Church",inherited,1610-1630#47
combined,1630-1650,70,66,sepulcher; tombe; tomb; coffin; carkasses; corpse; corpes; breathlesse; vrne; unburied,"Death, Burial and the Grave","Religion, Theology & the Church",human,
combined,1630-1650,53,340,dismall; lamenting; sobs; sobbing; laments; disastrous; moanes; helplesse; dire; disconsolate,"Grief, Sorrow and Lamentation","Literature, Drama & Poetic Diction",inherited,1610-1630#39
combined,1630-1650,12,1129,hum; chi; slen; bla; stult; mir; sirra; sabina; florio; val,Latin Poetic Text,Structural / Uncertain,inherited,1610-1630#26
combined,1630-1650,31,763,traian; antoninus; pompeius; caius; philippus; bassianus; severus; valerius; gaules; quintus,Latin Grammar and Classical Authors,"Books, Learning & Scholarship",inherited,1610-1630#34
combined,1630-1650,68,87,clotted; stain'd; spilling; shedde; embrued; drencht; bathed; suckers; spill; sprinckling,Roman Numerals and Dates,Structural / Uncertain,inherited,1610-1630#52
combined,1630-1650,44,565,shrill; philomel; lyre; warbling; tones; thrush; melodious; nightingale; syren; poem,"Music, Song and Melody","Literature, Drama & Poetic Diction",inherited,1610-1630#56
combined,1630-1650,42,574,subtilties; impostures; forgeries; calumnious; sly; scurrilous; divellish; wiles; machinations; slanderous,"Battle Outcomes, Past Participles",Military & Warfare,inherited,1610-1630#63
combined,1630-1650,36,618,amorite; anchorite; irishman; ironie; hermaphrodite; umbell; unbeliever; incubus; enthymeme; aposteme,Herbal and Animal Remedies,"Medicine, Body & Health",inherited,1610-1630#25
combined,1630-1650,26,883,llall; pawb; ydynt; drwy; cwbl; hefyd; clywed; gwneuthur; yw'r; drwg,Latin Ecclesiastical Text,Structural / Uncertain,inherited,1610-1630#6
combined,1630-1650,20,951,teneatur; praedicta; eorundem; tenentur; speciali; dictae; ortu; doctoribus; necnon; quodam,Latin Legal and Rhetorical Text,Structural / Uncertain,inherited,1610-1630#41
combined,1630-1650,65,141,instilled; dived; prye; metamorphosed; degenerates; transformed; entreth; transform'd; incorporated; diving,Verbs of Transformation and Infusion,Structural / Uncertain,human,
combined,1630-1650,29,839,woodstocke; shrewsbury; southampton; namptwich; wiltshire; aldersgate; weymouth; barkshire; leeds; waterford,Daily Routine and Mealtimes,"Domestic Life, Dress & Household",inherited,1610-1630#33
combined,1630-1650,72,44,dition; manded; demned; tinue; trary; pany; municate; mandement; monly; mitted,"Word Fragments, Suffix Stems",Structural / Uncertain,inherited,1610-1630#64
combined,1630-1650,14,1103,cramps; dropsies; flegme; windinesse; inflammations; lungues; phlegme; inflamation; chollicke; vlcers,Anatomy and Bodily Ailments,"Medicine, Body & Health",inherited,1610-1630#22
combined,1630-1650,73,29,devills; divell; divels; diuell; devils; devill; divells; damned; devil; belzebub,"Devils, Satan and Demons","Religion, Theology & the Church",human,
combined,1630-1650,75,18,nostr; nimi; vestr; mult; magistro; nunqu; utr; tanqu; prim; quant,Latin Text Fragments,Structural / Uncertain,human,
combined,1630-1650,64,165,cromp; henr; parliamenti; jur; bract; sexto; membr; decimo; octobris; iur,"Legal Citations, Statutes and Reports","Government, Law & Administration",human,
combined,1630-1650,67,90,noch; vader; laet; andere; woorden; sijn; doen; twee; sijne; heeft,Mixed Word Fragments,Structural / Uncertain,inherited,1610-1630#31
combined,1630-1650,49,420,acht; gur; amhail; maseadh; ci; fein; neoch; arna; jna; mh,Word Fragments,Structural / Uncertain,inherited,1610-1630#53
combined,1630-1650,60,270,encore; faict; mesmes; eux; peu; mesme; mais; qu'on; luy; jamais,Law French Legal Text,Structural / Uncertain,inherited,1610-1630#38
combined,1630-1650,55,305,caryoph; sumach; aluminis; lilior; iuniperi; cinamo; galbani; piperis; styracis; hordei,Word Fragments,Structural / Uncertain,inherited,1610-1630#60
combined,1630-1650,39,608,asserunt; nominibus; ministrorum; librum; seipsis; diuinae; certis; libros; plebe; graecis,Miscellaneous Narrative Fragments,Structural / Uncertain,inherited,1610-1630#36
combined,1630-1650,25,895,piacenza; renatus; scabiosa; awron; feloniam; gallwn; opij; pertinentibus; bulengerus; dragwyddol,Mixed Names and Fragments,Structural / Uncertain,inherited,1610-1630#0
combined,1630-1650,7,1394,inquam; utrinque; discursu; aestate; praeceps; atqui; analogia; retinent; visu; carmine,Latin Text,Structural / Uncertain,inherited,1610-1630#9
combined,1630-1650,74,22,dofe; quoe; quich; vulle; thel; nour; thels; maxt; leyr; anc,Word Fragments,Structural / Uncertain,human,
combined,1630-1650,17,1051,eaque; remissionis; intelligat; reliquae; mandavit; venisse; naturas; hominu; easdem; feris,Word Fragments,Structural / Uncertain,inherited,1610-1630#65
combined,1630-1650,71,61,immortales; acsi; aliqui; maneat; fieret; debeant; reddunt; respondeat; fecerint; liceat,Verbs of Exceeding and Surpassing,Structural / Uncertain,inherited,1610-1630#67
combined,1650-1670,49,607,iune; duckats; walms; twentie; celebrating; festivals; solemnities; pintes; thirteen; iuly,Verbs of Remaining and Enduring,Structural / Uncertain,inherited,1630-1650#45
combined,1650-1670,25,1196,intrinsecal; indivisible; essence; immaterial; constitutive; similar; objective; quantitative; incomprehensible; entity,Virtues and Excellent Qualities,Morality: Virtue & Vice,inherited,1630-1650#33
combined,1650-1670,51,543,leaue; deceiue; loue; itt; euen; beleeue; conceiued; excessiue; diuine; behaue,Mixed Verb Forms,Structural / Uncertain,inherited,1630-1650#27
combined,1650-1670,19,1344,accurately; audaciously; unchristianly; impiously; spitefully; formally; affectionately; pertinently; absurdly; copiously,"Wrongdoing, Fraud and Harm",Morality: Virtue & Vice,inherited,1630-1650#18
combined,1650-1670,60,330,handsomer; moister; older; thicker; taller; noblest; colder; blinder; bigger; happier,Praise and Worship,"Religion, Theology & the Church",inherited,1630-1650#58
combined,1650-1670,66,190,timotheus; sylas; elimas; cananite; iesu; christe; christ; rom; joh; cor,Dutch and German Text,Structural / Uncertain,inherited,1630-1650#50
combined,1650-1670,34,919,coxcomb; lass; jade; rascal; fidler; wench; sophister; servingman; juggler; knavish,Welsh Text,Structural / Uncertain,inherited,1630-1650#37
combined,1650-1670,47,666,oares; pinnace; merchandises; ships; footmen; troops; fleet; squadrons; importation; commodities,Royal and Noble Names,"History, Genealogy, Nobility & Kinship",inherited,1630-1650#34
combined,1650-1670,27,1059,tinkers; cheaters; wenches; arrius; pedlers; eutychians; pelagian; sectaries; marcionites; eutyches,"Scripture, Doctrine and Preaching","Religion, Theology & the Church",inherited,1630-1650#40
combined,1650-1670,26,1185,jehoram; aram; azariah; jehoahaz; ahaziah; amaziah; hezron; zechariah; moab; eliab,Roman Numerals,Structural / Uncertain,inherited,1630-1650#13
combined,1650-1670,3,2201,affronted; spy'd; betray'd; demonstrated; surpriz'd; entertain'd; evinced; evidenced; blam'd; explicated,Chivalric Romance Narration,"Literature, Drama & Poetic Diction",inherited,1630-1650#1
combined,1650-1670,22,1291,petulant; unmanly; morose; flagitious; languid; sluggish; saucie; groundlesse; nefarious; impertinent,Worldly Vice and Temptation,Morality: Virtue & Vice,inherited,1630-1650#22
combined,1650-1670,64,269,whelm; whelmed; issel; tyrannized; prowess; trophees; powered; slubber; whelm'd; valours,"Sovereignty, Church Authority and Tyranny","Government, Law & Administration",inherited,1630-1650#46
combined,1650-1670,0,2582,entitle; behav'd; behaves; injure; reproaching; obliege; inflame; betaking; debase; befriend,Infinitive Verb Forms,Structural / Uncertain,inherited,1630-1650#0
combined,1650-1670,13,1634,explications; rhetoricall; mathematicks; proposition; elegant; assertion; philosophicall; assertions; preface; mathematical,Latin Grammar Instruction,"Books, Learning & Scholarship",inherited,1630-1650#5
combined,1650-1670,30,988,honorius; innocentius; synods; diocesan; priors; jurisdiction; parliament; iurisdiction; regall; celestine,"Parliament, Estates and Nobility","Government, Law & Administration",inherited,1630-1650#30
combined,1650-1670,40,835,catt; hog; duck; mallard; kite; shrimps; stag; thrushes; beetle; ducks,Animals and Wildlife,"Nature, Landscape & Weather",inherited,1630-1650#38
combined,1650-1670,12,1722,pompeius; diocles; clytemnestra; aurelius; philometor; panthea; valens; severus; cassius; caius,Latin Grammar and Classical Authors,"Books, Learning & Scholarship",inherited,1630-1650#31
combined,1650-1670,21,1300,flung; spewed; pul'd; pluck'd; tumbled; spued; snatcht; leapt; fluttering; puls,Base-Form Verbs,Structural / Uncertain,inherited,1630-1650#15
combined,1650-1670,69,96,hee'l; he'll; she'l; she'll; ile; i'll; wou'd; shee'l; he'l; we'l,Contracted Verb Forms,Structural / Uncertain,inherited,1630-1650#69
combined,1650-1670,32,977,toyish; jeasts; scurrilous; whimsies; railings; fictions; insinuations; fantastical; fooleries; subtilties,"Battle Outcomes, Past Participles",Military & Warfare,inherited,1630-1650#42
combined,1650-1670,42,823,affability; affable; mildness; bounty; goodnesse; sincerity; goodnes; candor; modesty; goodness,"Faith, Sin and Justification","Religion, Theology & the Church",inherited,1630-1650#32
combined,1650-1670,9,1846,asserteth; asserts; affirmeth; hates; interprets; explains; applies; inflameth; cools; expels,Third-Person -eth Verb Forms,Structural / Uncertain,inherited,1630-1650#4
combined,1650-1670,24,1226,peevishness; wilfulnesse; worldliness; rashness; petulancy; indiscretion; violences; revellings; scurrility; arrogance,"Leisure, Games and Entertainment","Domestic Life, Dress & Household",inherited,1630-1650#28
combined,1650-1670,28,1009,bc; rectangle; bf; fc; db; diameters; fg; segments; solids; semidiameter,Military Campaign Narrative,Military & Warfare,inherited,1630-1650#47
combined,1650-1670,48,620,turrets; sublimity; arched; chests; ramparts; tombe; wals; sconces; battlements; pavement,"Death, Burial and the Grave","Religion, Theology & the Church",inherited,1630-1650#70
combined,1650-1670,15,1423,mir; sirra; dessandro; pish; eug; doll; valerio; phi; euph; dogrel,Latin Poetic Text,Structural / Uncertain,inherited,1630-1650#12
combined,1650-1670,20,1334,dictae; excessibus; dictorum; istius; prioris; duci; meritis; ordinavimus; dedisse; eosdem,Latin Legal and Rhetorical Text,Structural / Uncertain,inherited,1630-1650#20
combined,1650-1670,39,837,variations; disturbances; anxiety; feuds; perplexities; dissentions; disasters; jars; discontents; inquietude,Humoral Medicine and Diet,"Medicine, Body & Health",inherited,1630-1650#24
combined,1650-1670,18,1345,viscous; aqueous; serous; splenetick; clammy; waterish; glutinous; fermenting; attenuated; pituitous,Anatomy and Bodily Ailments,"Medicine, Body & Health",inherited,1630-1650#14
combined,1650-1670,53,504,dusky; radiant; duskie; glowing; rays; dazling; phaebus; spangled; titan; sparkling,Family and Kinship Terms,"History, Genealogy, Nobility & Kinship",inherited,1630-1650#48
combined,1650-1670,50,554,buttocks; abdomen; membranes; fundament; mesentery; peritonaeum; omentum; legge; membranous; chaps,"Salvation, Merit and Virtue","Religion, Theology & the Church",inherited,1630-1650#41
combined,1650-1670,6,1919,copyhold; termor; disseisor; demandant; assise; disseisin; disseisee; replevin; grantee; feoffee,Legal Writs and Property Law,"Government, Law & Administration",inherited,1630-1650#11
combined,1650-1670,46,718,complied; complies; complyed; imbued; inveighing; clog'd; dallied; tampered; stor'd; pestred,Spelling Variants,Structural / Uncertain,inherited,1630-1650#43
combined,1650-1670,4,2060,haberi; muneribus; eumque; difficultatibus; contigit; deberet; retinere; piis; parat; moveri,Latin Religious Text,Structural / Uncertain,inherited,1630-1650#16
combined,1650-1670,8,1901,sardinia; galicia; astrachan; calabria; murcia; brunswick; peloponesus; sumatra; livonia; epirus,"Biblical Genealogies, Old Testament","Religion, Theology & the Church",inherited,1630-1650#23
combined,1650-1670,36,854,cujusvis; idest; nequit; negationem; constitutum; alicujus; sacramentorum; existentiae; sequatur; praebet,"Estates, Offices and Institutions","Government, Law & Administration",inherited,1630-1650#54
combined,1650-1670,41,833,fryed; chesnuts; lemmon; verjuice; pork; puddings; powdred; moistned; toste; capons,"Christ, Virgin and Trinity Devotion","Religion, Theology & the Church",inherited,1630-1650#57
combined,1650-1670,7,1907,hughes; carey; boteler; hatton; basset; thornton; trenchard; errington; rowland; vvalter,English Nobility and Earldoms,"History, Genealogy, Nobility & Kinship",inherited,1630-1650#8
combined,1650-1670,35,898,solummodo; eamque; utramque; veram; descendere; solam; asserimus; illas; normam; mensam,Latin Arithmetic and Geometry,"Science, Mathematics & Natural Philosophy",inherited,1630-1650#6
combined,1650-1670,44,801,ganges; mediterranean; rhodanus; spicy; tygris; cliffs; billows; vaults; severn; pond,Place Names and Geographic Terms,Geography & Territory,inherited,1630-1650#10
combined,1650-1670,59,337,ethelborough; thome; silverstreet; walbrook; woolchurch; ulteri; rurs; katherines; alphage; albanes,Saints and Apostles,"Religion, Theology & the Church",inherited,1630-1650#61
combined,1650-1670,58,344,actest; esteemest; diddest; speak'st; enjoyest; saidest; haddest; beginnest; conceivest; gettest,Second-Person Verb Forms,Structural / Uncertain,inherited,1630-1650#63
combined,1650-1670,68,120,xiiii; xxxix; xxxv; xviii; xxi; xxii; lviii; xxvii; xxv; xlix,Latin Pharmacopoeia Ingredients,"Medicine, Body & Health",inherited,1630-1650#66
combined,1650-1670,57,395,receded; receding; abstracting; frees; recede; freeing; deviated; deduc'd; abstained; derogated,Verbs of Separation and Withdrawal,Structural / Uncertain,inherited,1630-1650#56
combined,1650-1670,10,1806,stockins; taffaty; curled; sattin; fring'd; tufted; crisped; bristles; satten; coller,Weapons and Battle Gear,Military & Warfare,inherited,1630-1650#2
combined,1650-1670,61,314,preposition; nouns; terminations; substantives; termination; nounes; trope; syriac; syriack; verbs,"Jurisdiction, Dominion and Office","Government, Law & Administration",inherited,1630-1650#35
combined,1650-1670,52,505,doated; neginoth; relye; relied; incroached; preyed; relyes; father'd; entrenching; reflecteth,Miscellaneous Word Fragments,Structural / Uncertain,inherited,1630-1650#51
combined,1650-1670,45,795,shrill; warbling; shril; melodious; ratling; ditties; chirping; resounding; sonnets; philomel,"Music, Song and Melody","Literature, Drama & Poetic Diction",inherited,1630-1650#44
combined,1650-1670,11,1738,utpote; apposita; utrinque; duntaxat; parata; quaevis; cumque; istiusmodi; quamlibet; exigua,Combat and Action Narration,Military & Warfare,inherited,1630-1650#3
combined,1650-1670,23,1280,theolog; syntag; praef; dogmat; synt; insti; bromt; euch; chamierus; biblioth,Verbs of Thinking and Perceiving,Structural / Uncertain,inherited,1630-1650#19
combined,1650-1670,56,474,cooped; blockt; wrapp'd; stirrs; hudled; wrapping; swalloweth; dammed; wrap'd; sum'd,Mixed Names and Fragments,Structural / Uncertain,inherited,1630-1650#52
combined,1650-1670,38,844,allegorie; alcetas; interjection; ideot; atrophia; anchorite; estray; excrescence; eclypse; surper,Herbal and Animal Remedies,"Medicine, Body & Health",inherited,1630-1650#36
combined,1650-1670,63,277,pryed; pried; instilled; implunged; transmuted; degenerates; rusht; initiated; metamorphosed; infus'd,Verbs of Transformation and Infusion,Structural / Uncertain,inherited,1630-1650#65
combined,1650-1670,71,39,highnesses; higness; highnesse; lordships; majesty; ladiship; ladyship; highness's; majestie; lordship's,Poetic Description and Beauty,"Literature, Drama & Poetic Diction",inherited,1630-1650#59
combined,1650-1670,70,45,pants; hungers; thirsts; thirsted; hunts; hankering; thirsting; pantings; hanker; panted,Roman Numerals and Dates,Structural / Uncertain,inherited,1630-1650#68
combined,1650-1670,17,1350,arnynt; bydd; fydd; gyda; nifer; cyflawni; weision; fywyd; rhyw; hwynt,Latin Ecclesiastical Text,Structural / Uncertain,inherited,1630-1650#26
combined,1650-1670,16,1366,nicolaus; joannes; cyprianus; origenes; laertius; philippus; hieronymus; gregorius; martinus; suidas,Latin Arithmetic Text,"Science, Mathematics & Natural Philosophy",inherited,1630-1650#21
combined,1650-1670,14,1463,scordium; sorrell; bettony; bugloss; agrimony; bistort; maple; succory; brooklime; scabious,Household Ingredients and Materials,"Domestic Life, Dress & Household",inherited,1630-1650#9
combined,1650-1670,5,1961,novos; simulque; quaeque; utique; patriis; urinam; interea; exinde; utque; aevo,Latin Text,Structural / Uncertain,inherited,1630-1650#7
combined,1650-1670,29,1000,melton; gillingham; seaton; chetham; amoundernes; corby; westbury; haughton; bucklow; chelmesford,Daily Routine and Mealtimes,"Domestic Life, Dress & Household",inherited,1630-1650#29
combined,1650-1670,62,311,excipe; nque; participium; praesens; denu; istuc; articulum; relativum; musas; orum,Latin Text Fragments,Structural / Uncertain,inherited,1630-1650#75
combined,1650-1670,67,164,vigesimo; undecimo; vigilia; vicesimo; septimo; septuaginta; octobris; ultimo; sequentis; sequenti,"Legal Citations, Statutes and Reports","Government, Law & Administration",inherited,1630-1650#64
combined,1650-1670,31,979,lungues; dropsies; inflamations; dysentery; pleurisie; lepra; imposthumes; dysenteries; kibes; juleps,"Grief, Sorrow and Lamentation","Literature, Drama & Poetic Diction",inherited,1630-1650#53
combined,1650-1670,43,820,zu; volta; parlar; fatto; quello; passo; molti; voglia; dentro; veder,Word Fragments,Structural / Uncertain,inherited,1630-1650#49
combined,1650-1670,54,485,laquelle; voir; comme; celui; chemin; personne; eux; autres; receu; donc,Law French Legal Text,Structural / Uncertain,inherited,1630-1650#60
combined,1650-1670,37,845,reddunt; praesertim; confessionem; patribus; scribit; eucharistiam; diligentiam; quorundam; feliciter; erroribus,Mixed Word Fragments,Structural / Uncertain,inherited,1630-1650#67
combined,1650-1670,33,939,praeteritis; infantibus; obitu; transgressione; facultatibus; administratione; constitutione; errore; svo; triplici,Miscellaneous Narrative Fragments,Structural / Uncertain,inherited,1630-1650#39
combined,1650-1670,55,481,rosis; exhibita; pullus; violarum; rosas; aceto; terebinthinae; juniperi; myrrhae; salviae,Word Fragments,Structural / Uncertain,inherited,1630-1650#55
combined,1650-1670,2,2331,fynck; pimhill; vacantem; daiarol; servientium; crechurch; procuratoribus; illu; ensemble; bushop,Mixed Names and Fragments,Structural / Uncertain,inherited,1630-1650#25
combined,1650-1670,65,198,constet; habeant; dicatur; significet; omnin; ferat; debeat; negligentia; inquirere; decenter,Verbs of Exceeding and Surpassing,Structural / Uncertain,inherited,1630-1650#71
combined,1650-1670,1,2477,cernis; tranquillitate; veros; producunt; superbiam; perfidiae; reliquae; ducum; ramis; utrobique,Word Fragments,Structural / Uncertain,inherited,1630-1650#17
combined,1650-1670,72,27,utram; quacun; utri; deni; undi; quocun; utro; utra; plerum; utrius,Miscellaneous Narrative Fragments,Structural / Uncertain,inherited,1630-1650#62
combined,1670-1690,56,350,vvhilst; treach'rous; he'l; he'll; she'll; earth's; heav'nly; resistless; i'l; and's,Contracted Verb Forms,Structural / Uncertain,inherited,1650-1670#69
combined,1670-1690,45,666,eleanor; emme; isabel; mistriss; maud; mris; neece; alice; stedman; mistress,Poetic Description and Beauty,"Literature, Drama & Poetic Diction",inherited,1650-1670#71
combined,1670-1690,26,1293,puppy; coxcomb; wench; sot; fidler; fops; buffoonry; jade; rascals; coxcombs,Welsh Text,Structural / Uncertain,inherited,1650-1670#34
combined,1670-1690,23,1417,ungovernable; untractable; imprudent; elegant; whimsical; unmanly; malitious; unjustifiable; morose; inhuman,Worldly Vice and Temptation,Morality: Virtue & Vice,inherited,1650-1670#22
combined,1670-1690,59,322,handsomer; thicker; broader; mightier; older; thinner; taller; blacker; nimbler; antienter,Praise and Worship,"Religion, Theology & the Church",inherited,1650-1670#60
combined,1670-1690,38,920,infantry; cavalry; shallop; granadiers; squadrons; regiments; frigat; battalions; merchants; tanners,Royal and Noble Names,"History, Genealogy, Nobility & Kinship",inherited,1650-1670#47
combined,1670-1690,44,668,macedonius; fanaticks; aerius; incendiaries; fanatical; pelagian; essenes; eutychians; sectaries; arrius,"Scripture, Doctrine and Preaching","Religion, Theology & the Church",inherited,1650-1670#27
combined,1670-1690,3,2218,intitle; betaking; addicting; undoe; entitle; say; impower; enflame; befriend; allow,Infinitive Verb Forms,Structural / Uncertain,inherited,1650-1670#0
combined,1670-1690,16,1552,demonstrated; declaimed; affirmed; evinced; exclaimed; exclaim'd; inveigh'd; explain'd; inveighs; grac'd,"Battle Outcomes, Past Participles",Military & Warfare,inherited,1650-1670#32
combined,1670-1690,30,1137,uncivilly; ridiculously; uncharitably; ungratefully; impudently; disingenuously; copiously; outragiously; cautiously; scandalously,"Wrongdoing, Fraud and Harm",Morality: Virtue & Vice,inherited,1650-1670#19
combined,1670-1690,47,594,radiant; spangled; dazling; dusky; rayes; phaebus; skie; eighteenth; bright; refulgent,Family and Kinship Terms,"History, Genealogy, Nobility & Kinship",inherited,1650-1670#53
combined,1670-1690,37,948,efficiency; vitality; indivisible; operations; extrinsecal; formally; essentially; immensity; physically; hypostasis,Virtues and Excellent Qualities,Morality: Virtue & Vice,inherited,1650-1670#25
combined,1670-1690,24,1307,bailiffs; prebendaries; bailiff; suffragan; chamberlains; archdeacon; rastal; commissioners; bishops; bayliffs,"Parliament, Estates and Nobility","Government, Law & Administration",inherited,1650-1670#30
combined,1670-1690,11,1667,sophistical; complications; metaphysicks; manuscripts; miscellanies; chimaera's; explications; mathematicks; hypotheses; assertion,Latin Grammar Instruction,"Books, Learning & Scholarship",inherited,1650-1670#13
combined,1670-1690,14,1584,replevin; agard; disseisor; dett; assignment; decreets; assise; grantee; assessments; demandant,Legal Writs and Property Law,"Government, Law & Administration",inherited,1650-1670#6
combined,1670-1690,32,1132,cujusdam; praedictorum; dictae; praedicto; procerum; praedicta; praedicti; quodque; humfrido; multon,Latin Legal and Rhetorical Text,Structural / Uncertain,inherited,1650-1670#20
combined,1670-1690,54,373,hogsheads; counterchanged; bushels; drachmes; gules; engrailed; annulets; paly; stivers; saltier,Verbs of Remaining and Enduring,Structural / Uncertain,inherited,1650-1670#49
combined,1670-1690,41,732,cathetus; bc; abcd; radius; fg; rectangle; planes; cd; aequator; semicircle,Military Campaign Narrative,Military & Warfare,inherited,1650-1670#28
combined,1670-1690,10,1711,coop'd; trussed; flings; buoy'd; lock't; pufft; wrapp'd; sum'd; ripping; blocking,Base-Form Verbs,Structural / Uncertain,inherited,1650-1670#21
combined,1670-1690,18,1519,goodness; acuteness; goodnesse; caresses; sublimity; bounty; affable; seriousness; complaisant; joys,"Faith, Sin and Justification","Religion, Theology & the Church",inherited,1650-1670#42
combined,1670-1690,48,507,windpipe; abdomen; mesentery; peritonaeum; pylorus; omentum; membranous; caul; scrotum; sphincter,"Salvation, Merit and Virtue","Religion, Theology & the Church",inherited,1650-1670#50
combined,1670-1690,28,1178,sdeath; cla; sylvia; cle; fred; alonzo; flo; i'faith; florella; dor,Latin Poetic Text,Structural / Uncertain,inherited,1650-1670#15
combined,1670-1690,25,1299,danubius; scheld; caspian; meuse; meadows; surges; boristhenes; galleries; propontis; marshes,Place Names and Geographic Terms,Geography & Territory,inherited,1650-1670#44
combined,1670-1690,4,2185,peevishness; anxieties; indiscretion; feuds; wilfulness; pasquils; frowardness; dissentions; defamations; perverseness,"Leisure, Games and Entertainment","Domestic Life, Dress & Household",inherited,1650-1670#24
combined,1670-1690,43,669,gouts; dropsies; cholick; catarrhs; epilepsies; imposthumes; inflammations; lcers; pleurisies; erysipelas,"Grief, Sorrow and Lamentation","Literature, Drama & Poetic Diction",inherited,1650-1670#31
combined,1670-1690,1,2437,griffith; purefoy; humfrey; beauchamp; marmaduke; neilson; wilford; boughton; dixon; challoner,English Nobility and Earldoms,"History, Genealogy, Nobility & Kinship",inherited,1650-1670#7
combined,1670-1690,12,1596,loveth; asserts; interprets; betrays; asserteth; applies; opposeth; forsakes; cools; persuades,Third-Person -eth Verb Forms,Structural / Uncertain,inherited,1650-1670#9
combined,1670-1690,9,1768,cieux; choisir; soir; juger; l'eternel; pieds; muraille; s'en; oubli; maintenir,Law French Legal Text,Structural / Uncertain,inherited,1650-1670#54
combined,1670-1690,6,2080,sattin; watchet; scarf; fring'd; clout; breech; lance; plumes; woodden; tape,Weapons and Battle Gear,Military & Warfare,inherited,1650-1670#10
combined,1670-1690,61,212,scoft; randome; nibling; conniv'd; boggled; laugh'd; cavilled; leastwise; laught; tuag,Humoral Medicine and Diet,"Medicine, Body & Health",inherited,1650-1670#39
combined,1670-1690,31,1135,trithemius; scaliger; catullus; gregorius; victore; hieronymus; turrecremata; pontanus; hilarius; callimachus,Latin Arithmetic Text,"Science, Mathematics & Natural Philosophy",inherited,1650-1670#16
combined,1670-1690,2,2417,gobaith; feddyliau; enwedigol; oddieithr; pawb; gymmaint; synwyr; bechaduriaid; ymaith; gymmwys,Latin Ecclesiastical Text,Structural / Uncertain,inherited,1650-1670#17
combined,1670-1690,49,499,tampered; imbued; replenish'd; mix'd; replete; complyed; conjoyned; convers'd; impregnated; communed,Spelling Variants,Structural / Uncertain,inherited,1650-1670#46
combined,1670-1690,21,1455,gauls; zephaniah; ammonites; jehoshaphat; amaziah; joash; ahaziah; scythians; juda; heber,Roman Numerals,Structural / Uncertain,inherited,1650-1670#26
combined,1670-1690,15,1571,croatia; dalmatia; ferrara; picardy; thracia; bosnia; pontus; cilicia; albania; cappadocia,"Biblical Genealogies, Old Testament","Religion, Theology & the Church",inherited,1650-1670#8
combined,1670-1690,65,43,besprinkled; bathed; reeking; sheding; bath'd; imbrued; besmear'd; weltring; stain'd; besmeared,"Christ, Virgin and Trinity Devotion","Religion, Theology & the Church",inherited,1650-1670#41
combined,1670-1690,20,1508,maligna; istiusmodi; insigniter; ideoque; siquidem; inquam; reliquis; protinus; quippe; admodum,"Estates, Offices and Institutions","Government, Law & Administration",inherited,1650-1670#36
combined,1670-1690,22,1447,waterish; glutinous; serous; copperas; acrimonious; nitrous; recrements; humid; latex; flegm,Anatomy and Bodily Ailments,"Medicine, Body & Health",inherited,1650-1670#18
combined,1670-1690,5,2171,istam; aliquem; inanis; scripsisse; quietem; unicum; solam; novos; poterat; videmus,Latin Religious Text,Structural / Uncertain,inherited,1650-1670#4
combined,1670-1690,57,345,neots; ghr; barbe; augustine's; antoine; sebastians; johnstons; helens; michel; denis,Saints and Apostles,"Religion, Theology & the Church",inherited,1650-1670#59
combined,1670-1690,7,1945,ultro; pecunias; exinde; sociorum; feliciter; constantiam; concessa; praesertim; laudis; cunctos,Latin Text,Structural / Uncertain,inherited,1650-1670#5
combined,1670-1690,46,640,gel; annulet; deceat; harddwch; irishman; ideot; owle; outlet; senecae; hermaphrodite,Herbal and Animal Remedies,"Medicine, Body & Health",inherited,1650-1670#38
combined,1670-1690,19,1517,scar'd; glowing; pestered; ensnar'd; slandered; ensnared; encountred; outlawed; traduced; destroy'd,Chivalric Romance Narration,"Literature, Drama & Poetic Diction",inherited,1650-1670#3
combined,1670-1690,60,273,answerest; enjoyest; deniest; requirest; see'st; said'st; shou'dst; mean'st; feest; thinkst,Second-Person Verb Forms,Structural / Uncertain,inherited,1650-1670#58
combined,1670-1690,51,465,rely'd; father'd; hangers; doats; descanted; relyed; descanting; horsback; egg'd; doated,Miscellaneous Word Fragments,Structural / Uncertain,inherited,1650-1670#52
combined,1670-1690,63,115,anastasius; celestin; damasus; vigilius; zozimus; innocentius; calixtus; sixtus; sergius; honorius,Dutch and German Text,Structural / Uncertain,inherited,1650-1670#66
combined,1670-1690,55,362,abstain'd; seperated; abstracting; derogates; discriminated; receding; receded; frees; freeing; deviating,Verbs of Separation and Withdrawal,Structural / Uncertain,inherited,1650-1670#57
combined,1670-1690,36,968,leonora; gramont; lorain; peppa; christina; groot; mancini; longueville; isabella; nevers,"Death, Burial and the Grave","Religion, Theology & the Church",inherited,1650-1670#48
combined,1670-1690,53,404,div'd; instill'd; pryed; dived; metamorphos'd; metamorphosed; transmuted; instilled; transfused; whiche,Verbs of Transformation and Infusion,Structural / Uncertain,inherited,1650-1670#63
combined,1670-1690,33,1132,ovidius; valentinian; flaccus; aemilius; caius; sextus; silanus; severus; crassus; manlius,Latin Grammar and Classical Authors,"Books, Learning & Scholarship",inherited,1650-1670#12
combined,1670-1690,34,972,carmarthen; newton; carnarvan; burford; honiton; radnorshire; brecknock; frampton; montgomery; ashford,Daily Routine and Mealtimes,"Domestic Life, Dress & Household",inherited,1650-1670#29
combined,1670-1690,35,969,praef; emendat; republ; salmas; subtilitate; opusc; sacr; athenaeum; scorbuto; scultet,Verbs of Thinking and Perceiving,Structural / Uncertain,inherited,1650-1670#23
combined,1670-1690,13,1586,borage; purslain; spinage; scordium; bugloss; mastich; turnips; mugwort; goosberries; colliflowers,Household Ingredients and Materials,"Domestic Life, Dress & Household",inherited,1650-1670#14
combined,1670-1690,52,442,melodious; warbling; tuneful; nightingales; ecchoing; shrill; eccho's; anthems; tunes; shrieks,"Music, Song and Melody","Literature, Drama & Poetic Diction",inherited,1650-1670#45
combined,1670-1690,39,866,carnibus; febri; speciali; opiniones; virtutibus; religiosis; injuriis; sermone; existentia; ministerio,Miscellaneous Narrative Fragments,Structural / Uncertain,inherited,1650-1670#33
combined,1670-1690,64,77,internam; idemque; consensum; vesicam; aestatem; consequens; assensum; seipsam; suffragia; maturitatem,Latin Arithmetic and Geometry,"Science, Mathematics & Natural Philosophy",inherited,1650-1670#35
combined,1670-1690,0,2570,commercio; mentionem; splendore; commod; veras; praedam; aliquantulum; jamdudum; copiis; applicata,Word Fragments,Structural / Uncertain,inherited,1650-1670#1
combined,1670-1690,17,1527,radicibus; arcte; aliaque; originem; binos; transversim; iisque; mediam; nonnunquam; caulibus,Combat and Action Narration,Military & Warfare,inherited,1650-1670#11
combined,1670-1690,40,768,thornback; ducks; pidgeons; hog; plover; pheasants; capons; hares; duck; spaniel,Animals and Wildlife,"Nature, Landscape & Weather",inherited,1650-1670#40
combined,1670-1690,58,325,syriac; preposition; syriack; arabick; termination; noun; crotchets; arabic; ablat; minims,"Jurisdiction, Dominion and Office","Government, Law & Administration",inherited,1650-1670#61
combined,1670-1690,42,694,ler; bhi; lamh; bheir; zi; nish; dhamh; ata; neart; rah,Word Fragments,Structural / Uncertain,inherited,1650-1670#43
combined,1670-1690,27,1223,urbium; parisiis; basileae; venetiis; logicae; joanne; aliorumque; latino; rhetorica; logicam,Mixed Word Fragments,Structural / Uncertain,inherited,1650-1670#37
combined,1670-1690,50,488,cinam; diagrid; rhab; hermodactyls; althaeae; sambuc; lbij; diagridium; chamaepit; pulv,Word Fragments,Structural / Uncertain,inherited,1650-1670#55
combined,1670-1690,66,33,first's; second's; th's; fourth's; mispend; vth; third's; spending; mispent; fifth's,Mixed Names and Fragments,Structural / Uncertain,inherited,1650-1670#56
combined,1670-1690,29,1156,pechu; odfa; ordeinio; oddimewn; chwennychu; wrthod; gwrr; tlodion; gwilia; lyfrau,Mixed Verb Forms,Structural / Uncertain,inherited,1650-1670#51
combined,1670-1690,8,1842,intelligeret; convenienti; newynog; subtiliter; murailles; mareschalle; mframvill; anegos; philost; vigne,Mixed Names and Fragments,Structural / Uncertain,inherited,1650-1670#2
combined,1670-1690,62,156,peculiari; venientes; usquam; utroque; superiori; necne; liceat; descripta; philosophos; quaestionis,Verbs of Exceeding and Surpassing,Structural / Uncertain,inherited,1650-1670#65
combined,1690-1710,45,452,warbling; melodious; ecchoing; grin; flutes; bellowing; lyre; ratling; anthems; syrens,"Music, Song and Melody","Literature, Drama & Poetic Diction",inherited,1670-1690#52
combined,1690-1710,50,428,christ; festival; agreements; typical; celebration; treaties; solemnities; rites; rite; union,Mixed Verb Forms,Structural / Uncertain,inherited,1670-1690#29
combined,1690-1710,20,969,disingenuously; unchristianly; learnedly; pertinently; essentially; accurately; unfairly; judiciously; injuriously; impudently,"Wrongdoing, Fraud and Harm",Morality: Virtue & Vice,inherited,1670-1690#30
combined,1690-1710,19,974,ens; essence; indivisible; intellectual; uncreated; intellect; suppositum; possessive; extension; cogitation,Virtues and Excellent Qualities,Morality: Virtue & Vice,inherited,1670-1690#37
combined,1690-1710,10,1181,incoherent; morose; disingenuous; untractable; revengeful; unmannerly; ungovernable; villainous; ungenerous; malitious,Worldly Vice and Temptation,Morality: Virtue & Vice,inherited,1670-1690#23
combined,1690-1710,55,259,swifter; fonder; broader; handsomer; bigger; whiter; thicker; pleasanter; blacker; viler,Praise and Worship,"Religion, Theology & the Church",inherited,1670-1690#59
combined,1690-1710,38,543,wench; slut; clown; bully; booby; blockhead; dunce; pedant; coxcomb; jade,Welsh Text,Structural / Uncertain,inherited,1670-1690#26
combined,1690-1710,46,448,sectaries; calvinists; arrians; photinus; lutherans; arians; sabellian; puritans; puritan; lyars,"Scripture, Doctrine and Preaching","Religion, Theology & the Church",inherited,1670-1690#44
combined,1690-1710,18,1011,affirmed; demonstrated; rescinded; accosted; censured; requested; evinced; confuted; declared; revoked,"Battle Outcomes, Past Participles",Military & Warfare,inherited,1670-1690#16
combined,1690-1710,14,1104,graveling; courtray; ghent; pinnace; malacca; dendermond; charleroy; seine; tournay; plimouth,Royal and Noble Names,"History, Genealogy, Nobility & Kinship",inherited,1670-1690#38
combined,1690-1710,56,257,iuly; thursday; candlemas; saturday; munday; june; ianuary; wednesday; christmas; iune,Family and Kinship Terms,"History, Genealogy, Nobility & Kinship",inherited,1670-1690#47
combined,1690-1710,35,670,vivacity; affability; goodness; delicacy; affable; benignity; generosity; transcendent; fervour; graceful,"Faith, Sin and Justification","Religion, Theology & the Church",inherited,1670-1690#18
combined,1690-1710,7,1278,intitle; distract; say; upbraid; inflame; entitle; incite; disarm; endear; befriend,Infinitive Verb Forms,Structural / Uncertain,inherited,1670-1690#3
combined,1690-1710,15,1056,grantee; monies; ejectment; supersedeas; lessor; demandant; capias; retorn; replevin; sallaries,Legal Writs and Property Law,"Government, Law & Administration",inherited,1670-1690#14
combined,1690-1710,23,896,jotham; pharez; arphaxad; manasseh; joash; ahab; joram; uzziah; ezekiel; shem,Roman Numerals,Structural / Uncertain,inherited,1670-1690#21
combined,1690-1710,32,707,reproaching; manifesting; calumniating; repealing; punishing; owning; establishing; promoting; depriving; securing,Miscellaneous Narrative Fragments,Structural / Uncertain,inherited,1670-1690#39
combined,1690-1710,22,909,manuscripts; hypotheses; manuscript; assertions; expositions; reasonings; explications; translations; positions; calculations,Latin Grammar Instruction,"Books, Learning & Scholarship",inherited,1670-1690#11
combined,1690-1710,17,1043,abbots; treasurers; delegates; deput; bishops; convents; priors; committees; deputies; archdeacons,"Parliament, Estates and Nobility","Government, Law & Administration",inherited,1670-1690#24
combined,1690-1710,33,690,verdant; flow'ry; flowry; porches; flow'rs; neighb'ring; meads; turrets; hollows; grotto,Place Names and Geographic Terms,Geography & Territory,inherited,1670-1690#25
combined,1690-1710,60,223,hogsheads; stivers; bushels; pound; pences; bolls; groats; fifths; shill; gilders,Verbs of Remaining and Enduring,Structural / Uncertain,inherited,1670-1690#54
combined,1690-1710,26,823,minerva; tuneful; pallas; conqu'ring; daphnis; hov'ring; bard; arsinoe; britannia's; beauty's,Contracted Verb Forms,Structural / Uncertain,inherited,1670-1690#56
combined,1690-1710,8,1241,puff'd; flung; blocked; stir'd; ripping; wrapp'd; toss; sum'd; rowls; tumbles,Base-Form Verbs,Structural / Uncertain,inherited,1670-1690#10
combined,1690-1710,4,1324,curl'd; velvet; buckles; breech; curled; beak; slit; snout; ribbons; whitish,Weapons and Battle Gear,Military & Warfare,inherited,1670-1690#6
combined,1690-1710,39,534,abdomen; cartilages; membranes; intestines; peritonaeum; cavity; tendon; cranium; sternum; membranous,"Salvation, Merit and Virtue","Religion, Theology & the Church",inherited,1670-1690#48
combined,1690-1710,65,76,he'll; i'll; i'le; she'll; wou'd; they'l; you'll; he'l; they'll; i'de,Contracted Verb Forms,Structural / Uncertain,human,
combined,1690-1710,6,1287,alonzo; alon; florella; aurelia; dor; ler; sparkish; saun; hernando; cudd,Latin Poetic Text,Structural / Uncertain,inherited,1670-1690#28
combined,1690-1710,11,1166,biblioth; scriptorum; italiae; antv; sententiarum; librorum; exercit; joannis; ovidii; institutio,Mixed Word Fragments,Structural / Uncertain,inherited,1670-1690#27
combined,1690-1710,43,477,vexations; anxieties; anguish; disquiets; disasters; uneasiness; misery; pressures; grief; frights,Dutch and German Text,Structural / Uncertain,inherited,1670-1690#63
combined,1690-1710,16,1048,intemperance; imprudence; sensuality; extortions; dissentions; rapines; robberies; lewdness; levity; slanders,"Leisure, Games and Entertainment","Domestic Life, Dress & Household",inherited,1670-1690#4
combined,1690-1710,1,1516,marson; bryan; marmaduke; gould; clarke; barnard; wallace; watson; evans; upton,English Nobility and Earldoms,"History, Genealogy, Nobility & Kinship",inherited,1670-1690#1
combined,1690-1710,36,601,conrade; hedewig; etheldred; mistriss; ethelred; charlotta; isabel; sigismund; emma; beatrix,Poetic Description and Beauty,"Literature, Drama & Poetic Diction",inherited,1670-1690#45
combined,1690-1710,68,28,llun; ysgw; mawrth; gwddw; bronnau; coesau; perfedd; mercher; sadwrn; jou,"Welsh Text, Days and Body Parts",Structural / Uncertain,human,
combined,1690-1710,57,233,conniv'd; laught; leastwise; tuag; connived; laugh'd; newberry; boggle; surprised; startled,Humoral Medicine and Diet,"Medicine, Body & Health",inherited,1670-1690#61
combined,1690-1710,41,505,superficies; cone; bc; cd; quadrant; abcd; circles; radius; polar; ecliptick,Military Campaign Narrative,Military & Warfare,inherited,1670-1690#41
combined,1690-1710,29,721,beaus; pedantick; fops; pimps; fictions; scurrility; bullies; ribaldry; jests; bombast,Verbs of Exceeding and Surpassing,Structural / Uncertain,inherited,1670-1690#62
combined,1690-1710,25,833,brabant; montpellier; boisleduc; picardy; lisbon; granada; bourdeaux; lille; tours; languedoc,"Biblical Genealogies, Old Testament","Religion, Theology & the Church",inherited,1670-1690#15
combined,1690-1710,12,1136,attackt; attack'd; extirpated; reproached; attacked; reproach'd; courted; foiled; destroy'd; weaken'd,Chivalric Romance Narration,"Literature, Drama & Poetic Diction",inherited,1670-1690#19
combined,1690-1710,37,570,pestered; expostulated; overwhelm'd; moistened; lin'd; intermixed; impregnated; environed; gorg'd; replenish'd,Spelling Variants,Structural / Uncertain,inherited,1670-1690#49
combined,1690-1710,28,765,viscous; coagulates; slimy; clammy; flegm; viscid; phlegm; saline; humid; mucilaginous,Anatomy and Bodily Ailments,"Medicine, Body & Health",inherited,1670-1690#22
combined,1690-1710,9,1203,loveth; explains; opposeth; asserts; hates; ascribes; inflames; opposes; acknowledgeth; reminds,Third-Person -eth Verb Forms,Structural / Uncertain,inherited,1670-1690#12
combined,1690-1710,62,186,denis; quintin; georges; cyprians; martin's; lucar; francis's; iago; jago; albans,Saints and Apostles,"Religion, Theology & the Church",inherited,1670-1690#57
combined,1690-1710,34,675,asparagus; pickled; manchet; boyl'd; turnips; soap; chesnut; willow; broom; barly,Household Ingredients and Materials,"Domestic Life, Dress & Household",inherited,1670-1690#13
combined,1690-1710,53,370,relyed; animadverted; relye; preying; doats; commented; tramples; relied; rely'd; pedestal,Miscellaneous Word Fragments,Structural / Uncertain,inherited,1670-1690#51
combined,1690-1710,47,447,radiant; billows; gloomy; dusky; meteor; torrents; surges; rowling; scalding; dazling,"Christ, Virgin and Trinity Devotion","Religion, Theology & the Church",inherited,1670-1690#65
combined,1690-1710,52,392,tradesmen; merchants; exporting; curriers; manufactures; manufactories; importers; traders; artificers; manufacturing,Combat and Action Narration,Military & Warfare,inherited,1670-1690#17
combined,1690-1710,5,1306,historiam; consiliis; iisdem; praedictis; praedicto; extat; praecipue; dictis; flumina; fuerunt,Latin Text,Structural / Uncertain,inherited,1670-1690#7
combined,1690-1710,31,708,lucretius; salmasius; tully; herodotus; statius; scaliger; latine; strabo; persius; lucian,Latin Arithmetic Text,"Science, Mathematics & Natural Philosophy",inherited,1670-1690#31
combined,1690-1710,63,174,knowst; sawest; findest; thinkst; saw'st; saist; askest; knewest; seemest; saidst,Second-Person Verb Forms,Structural / Uncertain,inherited,1670-1690#60
combined,1690-1710,54,315,receded; derogating; recede; free'd; resulting; receding; deducible; deviated; abstain'd; severed,Verbs of Separation and Withdrawal,Structural / Uncertain,inherited,1670-1690#55
combined,1690-1710,30,711,thug; ceart; chuige; achd; bheir; ata; neimhe; bhi; annsin; ceathramhadh,Word Fragments,Structural / Uncertain,inherited,1670-1690#42
combined,1690-1710,59,226,goths; gauls; parthians; carthaginians; saracens; tartars; portuguese; imperialists; danes; arabs,"Jurisdiction, Dominion and Office","Government, Law & Administration",inherited,1670-1690#58
combined,1690-1710,3,1377,cnawdol; weled; marwolaeth; dynion; gallu; cyngor; arall; trueni; arnaf; aberth,Latin Ecclesiastical Text,Structural / Uncertain,inherited,1670-1690#2
combined,1690-1710,0,2274,sententiam; certis; inquit; ipsos; denique; idque; illum; demum; nostros; illam,Latin Religious Text,Structural / Uncertain,inherited,1670-1690#5
combined,1690-1710,42,494,placitis; antiquitate; existentibus; comte; brandenburg; angoulesme; trinitate; servat; cuirassiers; serres,"Death, Burial and the Grave","Religion, Theology & the Church",inherited,1670-1690#36
combined,1690-1710,51,419,calamy; oxf; prideaux; leigh's; brady; twisse; miscellanies; barlow; whitaker; heylins,Verbs of Thinking and Perceiving,Structural / Uncertain,inherited,1670-1690#35
combined,1690-1710,48,434,irishman; ideot; inversion; accomplice; aposteme; atrophy; extortioner; enthusiast; abscess; inchanter,Herbal and Animal Remedies,"Medicine, Body & Health",inherited,1670-1690#46
combined,1690-1710,58,230,instilled; relapsed; transform'd; metamorphos'd; div'd; decoy'd; metamorphosed; degenerates; transformed; instill,Verbs of Transformation and Infusion,Structural / Uncertain,inherited,1670-1690#53
combined,1690-1710,49,429,southampton; wilts; huntingdon; surry; dorchester; surrey; sussex; shrewsbury; salop; winton,Daily Routine and Mealtimes,"Domestic Life, Dress & Household",inherited,1670-1690#34
combined,1690-1710,24,843,pourtant; jeune; danemarc; maniere; sujet; faisoit; moins; pouvoir; encore; plein,Law French Legal Text,Structural / Uncertain,inherited,1670-1690#9
combined,1690-1710,27,789,caius; marius; cambyses; quintus; antonius; claudius; domitius; nicolaus; severus; gracchus,Latin Grammar and Classical Authors,"Books, Learning & Scholarship",inherited,1670-1690#33
combined,1690-1710,40,524,catarrhs; dropsie; cancers; diarrhaea; dropsy; dropsies; vomitings; rheumatisms; coughs; tumours,"Grief, Sorrow and Lamentation","Literature, Drama & Poetic Diction",inherited,1670-1690#43
combined,1690-1710,61,209,johanni; henrico; edwardo; reginae; brownl; johanne; cro; siderfin; keb; jacobi,Latin Legal and Rhetorical Text,Structural / Uncertain,inherited,1670-1690#32
combined,1690-1710,44,474,goose; pidgeons; ducks; hogs; crows; hares; hare; cow; pig; whelp,Animals and Wildlife,"Nature, Landscape & Weather",inherited,1670-1690#40
combined,1690-1710,21,961,mugwort; quinces; limons; lbj; horehound; bugloss; purslain; sorrel; chervil; lbij,Word Fragments,Structural / Uncertain,inherited,1670-1690#50
combined,1690-1710,64,97,inveigh'd; inveighed; exclaim'd; exclaimed; inveighing; inveighs; declaimed; rebell'd; declaim'd; declaiming,Mixed Names and Fragments,Structural / Uncertain,inherited,1670-1690#66
combined,1690-1710,13,1113,wintoniensem; bhl; conditionibus; tslighe; ibhi; dioscoridis; intronizatus; tristitia; sibhsi; ostendens,Mixed Names and Fragments,Structural / Uncertain,inherited,1670-1690#8
combined,1690-1710,66,74,eosdem; praesentes; varias; obedientiam; urbes; plura; viam; totam; consensum; voluptatem,Latin Arithmetic and Geometry,"Science, Mathematics & Natural Philosophy",inherited,1670-1690#64
combined,1690-1710,2,1505,nedum; ventis; ornamenta; potuisset; ferens; vestros; transtulit; tormenta; priorum; mittere,Word Fragments,Structural / Uncertain,inherited,1670-1690#0
combined,1690-1710,67,65,utramque; haeretici; familiam; ceu; laicis; dederit; velint; foeminae; inspeximus; vidimus,"Estates, Offices and Institutions","Government, Law & Administration",inherited,1670-1690#20
combined,1710-1730,35,134,sixty; livres; ells; fifteen; ninety; nine; fourteen; eighty; sixteen; fifty,Verbs of Remaining and Enduring,Structural / Uncertain,inherited,1690-1710#60
combined,1710-1730,31,150,sanctification; adoption; regeneration; forgiving; manifestation; sanctifying; justification; purifying; saving; revelation,Mixed Verb Forms,Structural / Uncertain,inherited,1690-1710#50
combined,1710-1730,28,172,rogue; cousin; sister; spouse; daughter; uncle; dog; soldier; mother's; taylor,Welsh Text,Structural / Uncertain,inherited,1690-1710#38
combined,1710-1730,18,245,warmly; judiciously; unexpectedly; strongly; evidently; considerably; religiously; rarely; fairly; artfully,"Wrongdoing, Fraud and Harm",Morality: Virtue & Vice,inherited,1690-1710#20
combined,1710-1730,2,418,elegant; sanguine; essential; uncomfortable; pernicious; absurd; shocking; nauseous; passionate; dutiful,Anatomy and Bodily Ailments,"Medicine, Body & Health",inherited,1690-1710#28
combined,1710-1730,48,49,bigger; lighter; richer; harder; sweeter; easier; stronger; finer; larger; wiser,Praise and Worship,"Religion, Theology & the Church",inherited,1690-1710#55
combined,1710-1730,17,246,danes; sects; commanders; teachers; predecessors; idolaters; papists; monks; writers; emperors,"Scripture, Doctrine and Preaching","Religion, Theology & the Church",inherited,1690-1710#46
combined,1710-1730,29,168,boat; castle; schooner; fort; sloop; mate; bridge; bay; rhine; eastward,Royal and Noble Names,"History, Genealogy, Nobility & Kinship",inherited,1690-1710#14
combined,1710-1730,27,191,exeter; norwich; constantinople; suffolk; synod; amsterdam; laugh'd; cambridge; bristol; aimed,Humoral Medicine and Diet,"Medicine, Body & Health",inherited,1690-1710#57
combined,1710-1730,20,228,generosity; gravity; fidelity; faithfulness; clemency; constancy; benignity; civility; activity; ingenuity,"Faith, Sin and Justification","Religion, Theology & the Church",inherited,1690-1710#35
combined,1710-1730,1,529,explained; demonstrated; interpreted; suggested; maintained; shewn; resented; preserv'd; managed; govern'd,"Battle Outcomes, Past Participles",Military & Warfare,inherited,1690-1710#18
combined,1710-1730,0,630,reduce; persuade; recommend; expose; satisfie; perswade; communicate; refer; conform; oblige,Infinitive Verb Forms,Structural / Uncertain,inherited,1690-1710#7
combined,1710-1730,3,409,employments; qualifications; performances; descriptions; excellencies; chapters; meteors; histories; capacities; opinions,Latin Grammar Instruction,"Books, Learning & Scholarship",inherited,1690-1710#22
combined,1710-1730,38,127,october; july; april; november; december; month; february; june; fifteenth; august,Family and Kinship Terms,"History, Genealogy, Nobility & Kinship",inherited,1690-1710#56
combined,1710-1730,12,304,pull'd; pulls; tore; torn; thrown; throwing; burst; drive; threw; pulled,Base-Form Verbs,Structural / Uncertain,inherited,1690-1710#8
combined,1710-1730,33,148,bliss; lustre; beams; glories; felicity; grandeur; features; joys; enjoyment; bright,Virtues and Excellent Qualities,Morality: Virtue & Vice,inherited,1690-1710#19
combined,1710-1730,15,265,rav; vellum; betty; abigal; gard; alan; sirrah; liss; maria; lucius,Latin Poetic Text,Structural / Uncertain,inherited,1690-1710#6
combined,1710-1730,23,215,paragraph; preface; edition; narrative; supposition; explanation; pamphlet; definition; exposition; essay,Verbs of Thinking and Perceiving,Structural / Uncertain,inherited,1690-1710#51
combined,1710-1730,4,369,view'd; joins; smitten; obstructed; warm'd; ruined; attack'd; drowned; fastned; destroyed,Chivalric Romance Narration,"Literature, Drama & Poetic Diction",inherited,1690-1710#12
combined,1710-1730,8,320,hamilton; murray; errol; lennox; ibidem; crawfurd; campbel; francis; gordon; elisabeth,English Nobility and Earldoms,"History, Genealogy, Nobility & Kinship",inherited,1690-1710#1
combined,1710-1730,10,305,profaneness; gratifying; hatred; avarice; intemperance; perjury; malice; excesses; immorality; impiety,"Leisure, Games and Entertainment","Domestic Life, Dress & Household",inherited,1690-1710#16
combined,1710-1730,9,307,ordination; synods; apostolical; episcopal; deacons; sanction; executive; legislative; prerogative; charter,"Parliament, Estates and Nobility","Government, Law & Administration",inherited,1690-1710#17
combined,1710-1730,43,96,breasts; lamps; teeth; chariots; garments; flocks; temples; host; swords; graves,"Salvation, Merit and Virtue","Religion, Theology & the Church",inherited,1690-1710#39
combined,1710-1730,6,333,nervous; fluid; salts; moist; juices; texture; poisonous; fibres; viscid; membranes,"Grief, Sorrow and Lamentation","Literature, Drama & Poetic Diction",inherited,1690-1710#40
combined,1710-1730,16,252,entrails; steeds; cheek; dart; cheeks; brow; javelin; boar; crest; shoulder,Weapons and Battle Gear,Military & Warfare,inherited,1690-1710#4
combined,1710-1730,5,360,inhumane; mischievous; unnatural; brutish; haughty; enormous; lewd; fierce; stupid; languid,Worldly Vice and Temptation,Morality: Virtue & Vice,inherited,1690-1710#10
combined,1710-1730,34,137,garrisons; plantations; africa; provinces; buildings; towns; companies; counties; islands; germany,"Biblical Genealogies, Old Testament","Religion, Theology & the Church",inherited,1690-1710#25
combined,1710-1730,11,305,ascribes; represents; declares; commits; asserts; refers; exposes; mentions; shews; owns,Third-Person -eth Verb Forms,Structural / Uncertain,inherited,1690-1710#9
combined,1710-1730,14,291,foaming; rolling; roll'd; lakes; floating; forest; rapid; ice; billows; watry,"Christ, Virgin and Trinity Devotion","Religion, Theology & the Church",inherited,1690-1710#47
combined,1710-1730,25,204,parker; memoirs; writer; grammar; edit; origen; horace; poem; nov; lond,Latin Arithmetic Text,"Science, Mathematics & Natural Philosophy",inherited,1690-1710#31
combined,1710-1730,19,241,freight; commodities; hemp; silk; sale; tobacco; prices; payment; importation; exported,Combat and Action Narration,Military & Warfare,inherited,1690-1710#52
combined,1710-1730,40,122,promoting; supporting; establishing; reducing; determining; furnishing; exercising; securing; practical; maintaining,Miscellaneous Narrative Fragments,Structural / Uncertain,inherited,1690-1710#32
combined,1710-1730,30,167,weaknesses; distresses; confusions; practices; miscarriages; vices; rebellions; inconveniences; clamours; accusations,Verbs of Exceeding and Surpassing,Structural / Uncertain,inherited,1690-1710#29
combined,1710-1730,44,93,deriv'd; rescued; freed; cleansed; derived; exempted; separated; remov'd; banished; excluded,Verbs of Separation and Withdrawal,Structural / Uncertain,inherited,1690-1710#54
combined,1710-1730,37,127,insisting; reflecting; reflected; rely; reflects; imprinted; depended; trampled; dependent; dependence,Miscellaneous Word Fragments,Structural / Uncertain,inherited,1690-1710#53
combined,1710-1730,49,25,shouldst; do'st; wouldest; would'st; shouldest; seest; mayest; know'st; didst; can'st,Second-Person Verb Forms,Structural / Uncertain,inherited,1690-1710#63
combined,1710-1730,7,331,purple; verdant; glitt'ring; glows; breeze; azure; amid; resound; radiant; swells,Place Names and Geographic Terms,Geography & Territory,inherited,1690-1710#33
combined,1710-1730,22,220,tamen; dum; quidem; tum; quis; haec; nos; erat; sua; enim,Latin Religious Text,Structural / Uncertain,inherited,1690-1710#0
combined,1710-1730,24,207,xxvi; xxiii; xxiv; xv; xxi; xxv; xxviii; xvii; stephen; xxxii,Roman Numerals,Structural / Uncertain,inherited,1690-1710#23
combined,1710-1730,13,302,yellow; roses; butter; feathers; oil; leather; berries; amber; timber; juice,Household Ingredients and Materials,"Domestic Life, Dress & Household",inherited,1690-1710#34
combined,1710-1730,26,197,jones; smith; patrick; lieut; townsend; marshal; robert; andrew; lieutenant; capt,Legal Writs and Property Law,"Government, Law & Administration",inherited,1690-1710#15
combined,1710-1730,45,90,diameter; center; lunar; primary; solar; duration; meridian; circle; horizon; latitude,Military Campaign Narrative,Military & Warfare,inherited,1690-1710#41
combined,1710-1730,39,127,sighs; woe; sullen; horrour; shrieks; horrors; anguish; raptures; wake; restless,Dutch and German Text,Structural / Uncertain,inherited,1690-1710#43
combined,1710-1730,36,130,pours; mounts; rolls; glides; bursts; throws; spreads; inspires; bursting; beats,Verbs of Transformation and Infusion,Structural / Uncertain,inherited,1690-1710#58
combined,1710-1730,42,108,sprightly; melting; softness; graceful; soft; mien; pensive; attire; ardent; chearful,"Music, Song and Melody","Literature, Drama & Poetic Diction",inherited,1690-1710#45
combined,1710-1730,47,69,dug; blown; blew; wrapt; dried; caught; lifting; tied; swallow'd; pick'd,Latin Text,Structural / Uncertain,inherited,1690-1710#5
combined,1710-1730,21,227,victor; phoebus; jav'lin; vengeful; abodes; mars; ey'd; heav'nly; warrior; tydides,Contracted Verb Forms,Structural / Uncertain,inherited,1690-1710#26
combined,1710-1730,32,149,engine; emblem; atheist; unlimited; impostor; indisputable; innate; obstruction; insurrection; epic,Herbal and Animal Remedies,"Medicine, Body & Health",inherited,1690-1710#48
combined,1710-1730,41,109,comply'd; endow'd; endued; endowed; complied; surrounded; unacquainted; cover'd; mingled; adorned,Spelling Variants,Structural / Uncertain,inherited,1690-1710#37
combined,1710-1730,46,83,o'r; a'r; nid; dyn; duw; da; a'i; yr; fraich; bob,Latin Ecclesiastical Text,Structural / Uncertain,inherited,1690-1710#3
combined,1730-1750,22,237,elasticity; extension; squares; magnitudes; reaction; nascent; magnitude; generated; triangle; velocities,Military Campaign Narrative,Military & Warfare,inherited,1710-1730#45
combined,1730-1750,5,377,blessedness; transcendent; manifestations; ineffable; glories; freeness; excellence; benignity; operations; purifying,Virtues and Excellent Qualities,Morality: Virtue & Vice,inherited,1710-1730#33
combined,1730-1750,20,241,evidently; tenderly; forcibly; sensibly; warmly; judiciously; manifestly; solemnly; ne'er; distinctly,"Wrongdoing, Fraud and Harm",Morality: Virtue & Vice,inherited,1710-1730#18
combined,1730-1750,38,162,whore; hunter; boy; swan; courtier; bird; monster; wolf; lyon; lion,Welsh Text,Structural / Uncertain,inherited,1710-1730#28
combined,1730-1750,2,427,insolent; immoral; unchristian; irreligious; unmanly; impious; languid; scandalous; inconsiderate; malicious,Worldly Vice and Temptation,Morality: Virtue & Vice,inherited,1710-1730#5
combined,1730-1750,52,55,lighter; heavier; sweeter; older; fairer; wiser; oftner; dearer; bigger; stronger,Praise and Worship,"Religion, Theology & the Church",inherited,1710-1730#48
combined,1730-1750,3,404,pungent; insignificant; inimitable; prejudicial; absurd; extensive; accurate; prevalent; elegant; unaccountable,Anatomy and Bodily Ailments,"Medicine, Body & Health",inherited,1710-1730#2
combined,1730-1750,42,133,iune; november; september; october; iuly; february; april; octob; june; january,Family and Kinship Terms,"History, Genealogy, Nobility & Kinship",inherited,1710-1730#38
combined,1730-1750,35,178,nephew; daughter; sister; memories; cousin; uncle; consort; predecessors; request; cousins,"Scripture, Doctrine and Preaching","Religion, Theology & the Church",inherited,1710-1730#17
combined,1730-1750,49,70,boat; coach; window; chamber; canoes; sloop; certificate; ashore; lodgings; cabin,Royal and Noble Names,"History, Genealogy, Nobility & Kinship",inherited,1710-1730#29
combined,1730-1750,36,173,astronomy; geometrical; oratory; intellectual; primary; perception; philosophical; physical; mechanical; internal,Mixed Verb Forms,Structural / Uncertain,inherited,1710-1730#31
combined,1730-1750,24,228,jeremiah; xxx; xxiv; xxii; xvii; xxvi; xxiii; xxi; ezekiel; xxxiii,Roman Numerals,Structural / Uncertain,inherited,1710-1730#24
combined,1730-1750,45,106,historians; hereticks; heroes; sects; writers; preachers; authors; philosophers; divines; physicians,Learned Professions and Sects,"Books, Learning & Scholarship",human,
combined,1730-1750,0,679,discovered; attributed; demonstrated; suspected; drowned; ruined; weakened; influenced; healed; explained,"Battle Outcomes, Past Participles",Military & Warfare,inherited,1710-1730#1
combined,1730-1750,17,259,ralph; robert; iames; wm; preston; francis; gregory; thomas; leonard; cotton,English Nobility and Earldoms,"History, Genealogy, Nobility & Kinship",inherited,1710-1730#8
combined,1730-1750,47,91,eighteen; inches; eighty; thirty; yards; sixteen; pound; ninety; sixty; fourteen,Verbs of Remaining and Enduring,Structural / Uncertain,inherited,1710-1730#35
combined,1730-1750,1,652,prompt; persuade; tempt; suggest; expose; damn; injure; reclaim; induce; chastise,Infinitive Verb Forms,Structural / Uncertain,inherited,1710-1730#0
combined,1730-1750,8,338,tracts; histories; reasonings; endowments; employments; texts; phaenomena; ingredients; appetites; qualities,Latin Grammar Instruction,"Books, Learning & Scholarship",inherited,1710-1730#3
combined,1730-1750,29,207,sanctity; fidelity; temperance; fervour; earnestness; activity; tenderness; sobriety; seriousness; benevolence,"Faith, Sin and Justification","Religion, Theology & the Church",inherited,1710-1730#20
combined,1730-1750,26,218,badg; jewk; kitty; lucy; ramb; moore; dood; exit; lud; biddy,Latin Poetic Text,Structural / Uncertain,inherited,1710-1730#15
combined,1730-1750,19,244,proposition; definition; interpretation; assertion; defect; plea; hypothesis; detriment; reasoning; inconvenience,Verbs of Thinking and Perceiving,Structural / Uncertain,inherited,1710-1730#23
combined,1730-1750,4,379,rush'd; flew; pour'd; throwing; drove; hung; dash'd; threw; blown; shoots,Base-Form Verbs,Structural / Uncertain,inherited,1710-1730#12
combined,1730-1750,15,274,brows; stockings; cock; breeches; knife; locks; brow; flint; cheeks; urn,Weapons and Battle Gear,Military & Warfare,inherited,1710-1730#16
combined,1730-1750,23,232,canons; ecclesiastical; jurisdiction; sanction; observance; institutions; charters; bishops; presbyterian; institution,"Parliament, Estates and Nobility","Government, Law & Administration",inherited,1710-1730#9
combined,1730-1750,39,141,africa; germany; saxon; persian; spain; italy; greece; portugal; saxons; persia,"Salvation, Merit and Virtue","Religion, Theology & the Church",inherited,1710-1730#43
combined,1730-1750,13,285,declares; compares; describes; applies; affirms; refers; expresses; convinces; includes; feels,Third-Person -eth Verb Forms,Structural / Uncertain,inherited,1710-1730#11
combined,1730-1750,50,70,laugh'd; aiming; stake; startled; wondered; random; aim'd; frighted; arrives; surpriz'd,Chivalric Romance Narration,"Literature, Drama & Poetic Diction",inherited,1710-1730#4
combined,1730-1750,18,248,salem; exeter; portsmouth; plymouth; burlington; windsor; bedford; greenwich; coventry; northampton,Humoral Medicine and Diet,"Medicine, Body & Health",inherited,1710-1730#27
combined,1730-1750,7,353,avarice; sensuality; intemperance; inhumanity; obstinacy; irreligion; arrogance; malice; cruelty; profaneness,"Leisure, Games and Entertainment","Domestic Life, Dress & Household",inherited,1710-1730#10
combined,1730-1750,10,318,intestines; acrid; vitiated; viscid; juices; salts; bile; putrid; serum; fluids,"Grief, Sorrow and Lamentation","Literature, Drama & Poetic Diction",inherited,1710-1730#6
combined,1730-1750,11,308,islands; creek; counties; canso; westward; villages; plantations; newfoundland; provinces; fort,"Biblical Genealogies, Old Testament","Religion, Theology & the Church",inherited,1710-1730#34
combined,1730-1750,43,115,relying; reflecting; insists; reliance; impos'd; depending; depended; conferred; leaning; rely,Miscellaneous Word Fragments,Structural / Uncertain,inherited,1710-1730#37
combined,1730-1750,6,370,verdant; azure; amid; spires; flow'rs; meads; forests; purple; roses; vales,Place Names and Geographic Terms,Geography & Territory,inherited,1710-1730#7
combined,1730-1750,31,192,secretary; directors; earls; commissions; assistants; treasurer; deputy; recorder; warrants; sheriff,Legal Writs and Property Law,"Government, Law & Administration",inherited,1710-1730#26
combined,1730-1750,14,283,antiquities; livy; vols; treatise; geography; poems; preface; lond; basil; cyprian,Latin Arithmetic Text,"Science, Mathematics & Natural Philosophy",inherited,1710-1730#25
combined,1730-1750,16,261,fir'd; opprest; scorn'd; gore; stung; swell'd; adorn'd; rous'd; captivated; seiz'd,Spelling Variants,Structural / Uncertain,inherited,1710-1730#41
combined,1730-1750,40,138,oblig'd; deceiv'd; advised; beseeching; addicted; apprehensive; obliged; assur'd; order'd; inclined,Latin Ecclesiastical Text,Structural / Uncertain,inherited,1710-1730#46
combined,1730-1750,44,113,anguish; horrors; sigh; woe; groans; sighs; remorse; woes; thirsty; horror,Dutch and German Text,Structural / Uncertain,inherited,1710-1730#39
combined,1730-1750,53,31,can'st; would'st; shouldest; mayst; may'st; wert; sayest; mightest; shouldst; seest,Second-Person Verb Forms,Structural / Uncertain,inherited,1710-1730#49
combined,1730-1750,12,305,flour; cream; oysters; butter; nutmeg; cloths; saffron; pan; whey; boiled,Household Ingredients and Materials,"Domestic Life, Dress & Household",inherited,1710-1730#13
combined,1730-1750,48,89,screen; deriv'd; freed; deduced; torn; dissuade; derived; separated; exempt; banish'd,Verbs of Separation and Withdrawal,Structural / Uncertain,inherited,1710-1730#44
combined,1730-1750,28,208,forest; shells; arches; steep; thames; pond; yellow; oak; coral; marble,Latin Text,Structural / Uncertain,inherited,1710-1730#47
combined,1730-1750,25,222,emitting; payment; manufactures; fees; sale; parcels; funds; taxes; emitted; cash,Combat and Action Narration,Military & Warfare,inherited,1710-1730#19
combined,1730-1750,41,134,colman; johnson; cooper; locke; adams; curll; williams; chapman; hales; baxter,"Proper Names, Authors and Publishers",Structural / Uncertain,human,
combined,1730-1750,21,238,quod; quam; etiam; quia; quis; cui; hac; hanc; quae; haec,Latin Religious Text,Structural / Uncertain,inherited,1710-1730#22
combined,1730-1750,34,184,foaming; thunders; billows; raging; rapid; tide; rocky; legions; tempest; tempests,"Christ, Virgin and Trinity Devotion","Religion, Theology & the Church",inherited,1710-1730#14
combined,1730-1750,51,67,acknowledgments; supplications; fervent; acknowledgment; hearty; diligent; servent; praying; retirements; praising,Prayer and Devotional Practice,"Religion, Theology & the Church",human,
combined,1730-1750,9,327,op'ning; warbling; feather'd; glitt'ring; panting; silken; sparkling; echo; list'ning; lab'ring,"Music, Song and Melody","Literature, Drama & Poetic Diction",inherited,1710-1730#42
combined,1730-1750,37,163,securing; exciting; establishing; providing; applying; erecting; suppressing; promoting; regulating; employing,Miscellaneous Narrative Fragments,Structural / Uncertain,inherited,1710-1730#40
combined,1730-1750,32,189,immoralities; maladies; inconveniences; frauds; oppressions; inconveniencies; superstitions; irregularities; insinuations; disorders,Verbs of Exceeding and Surpassing,Structural / Uncertain,inherited,1710-1730#30
combined,1730-1750,33,184,roll'd; throws; pours; wakes; snatch'd; sheds; pursues; tow'ring; shakes; lifts,Verbs of Transformation and Infusion,Structural / Uncertain,inherited,1710-1730#36
combined,1730-1750,27,213,sylvan; hallow'd; heav'nly; albion; laurel; tyrant's; fav'rite; blooming; godlike; resistless,Contracted Verb Forms,Structural / Uncertain,inherited,1710-1730#21
combined,1730-1750,30,197,impostor; inundation; atheist; unlimited; englishman; engine; infidel; angle; infinitesimal; aggravation,Herbal and Animal Remedies,"Medicine, Body & Health",inherited,1710-1730#32
combined,1730-1750,46,93,ejusdem; tynam; villae; rye; castri; davis; perpetuum; salutem; pembroke; nich,Mixed Proper Names,Structural / Uncertain,human,
combined,1750-1770,45,140,pounders; hogsheads; barrels; pound; dollars; shilling; forty; thirteen; gallons; yards,Verbs of Remaining and Enduring,Structural / Uncertain,inherited,1730-1750#47
combined,1750-1770,11,407,delicately; judiciously; differently; slowly; exquisitely; grosly; expressly; evidently; manifestly; faithfully,"Wrongdoing, Fraud and Harm",Morality: Virtue & Vice,inherited,1730-1750#20
combined,1750-1770,14,398,proposition; assertion; preface; explanation; obstruction; interpretation; exposition; definition; inconvenience; explication,Verbs of Thinking and Perceiving,Structural / Uncertain,inherited,1730-1750#19
combined,1750-1770,53,69,lighter; faster; sweeter; bigger; harder; heavier; easier; warmer; larger; richer,Praise and Worship,"Religion, Theology & the Church",inherited,1730-1750#52
combined,1750-1770,2,702,licentious; immoral; ungenerous; alarming; illiberal; ungovernable; revengeful; inconsiderate; hazardous; dissolute,Anatomy and Bodily Ailments,"Medicine, Body & Health",inherited,1730-1750#3
combined,1750-1770,16,372,perception; institutions; agency; intellectual; declarations; manifestation; antecedent; sanctification; innate; manifestations,Virtues and Excellent Qualities,Morality: Virtue & Vice,inherited,1730-1750#5
combined,1750-1770,47,121,oblig'd; dispatched; resolved; obliged; inform'd; told; inclined; perswaded; enabled; apprehensive,Latin Ecclesiastical Text,Structural / Uncertain,inherited,1730-1750#40
combined,1750-1770,36,225,dunghill; rascal; cock; cat; pert; fool; rogue; mouse; gentlewoman; cook,Welsh Text,Structural / Uncertain,inherited,1730-1750#38
combined,1750-1770,42,193,september; sept; oct; nov; november; feb; dec; monday; wednesday; january,Family and Kinship Terms,"History, Genealogy, Nobility & Kinship",inherited,1730-1750#42
combined,1750-1770,48,121,aunt; grandfather; sister; spouse; nymph; cousin; niece; nephew; grandmother; matron,Family and Kinship Terms,"History, Genealogy, Nobility & Kinship",human,
combined,1750-1770,1,803,harrassed; released; ascertained; explained; checked; demonstrated; preferred; undergone; evinced; strengthened,"Battle Outcomes, Past Participles",Military & Warfare,inherited,1730-1750#0
combined,1750-1770,24,311,cooke; archibald; stephen; moore; webb; scott; norris; livingston; jun; peters,English Nobility and Earldoms,"History, Genealogy, Nobility & Kinship",inherited,1730-1750#17
combined,1750-1770,10,408,ordnance; eastward; boats; shipping; ports; montreal; grenadiers; africa; villages; regiments,"Biblical Genealogies, Old Testament","Religion, Theology & the Church",inherited,1730-1750#11
combined,1750-1770,44,152,stored; reproached; cover'd; endowed; intoxicated; stuffed; intermixed; embellished; endued; unacquainted,Spelling Variants,Structural / Uncertain,inherited,1730-1750#16
combined,1750-1770,20,345,tradesmen; noblemen; heroes; captains; youths; universities; nephews; governments; territories; allies,"Scripture, Doctrine and Preaching","Religion, Theology & the Church",inherited,1730-1750#35
combined,1750-1770,13,400,eh; urs; celia; clara; beverley; belin; pru; trus; sirrah; belinda,Latin Poetic Text,Structural / Uncertain,inherited,1730-1750#26
combined,1750-1770,0,811,tempt; attach; acquit; oppress; injure; suggest; conform; refer; reconcile; rend,Infinitive Verb Forms,Structural / Uncertain,inherited,1730-1750#1
combined,1750-1770,32,249,combinations; situations; pursuits; employments; capacities; productions; tempers; occupations; dispositions; callings,Latin Grammar Instruction,"Books, Learning & Scholarship",inherited,1730-1750#8
combined,1750-1770,3,668,beholds; applies; convinces; besought; pursues; compares; deprives; exalts; saluted; esteems,Third-Person -eth Verb Forms,Structural / Uncertain,inherited,1730-1750#13
combined,1750-1770,17,358,magnanimity; excellence; ardour; delicacy; softness; elegance; unaffected; moderation; generosity; fidelity,"Faith, Sin and Justification","Religion, Theology & the Church",inherited,1730-1750#29
combined,1750-1770,39,207,gloucester; leicester; northumberland; earls; norfolk; bedford; gordon; clarendon; middlesex; ogilvie,Legal Writs and Property Law,"Government, Law & Administration",inherited,1730-1750#31
combined,1750-1770,4,566,flung; lifts; pulling; pours; pulled; pull'd; wakes; rolled; tumbled; plunged,Base-Form Verbs,Structural / Uncertain,inherited,1730-1750#4
combined,1750-1770,15,395,sensuality; selfishness; petulance; rancour; cowardice; unmanly; sordid; rapine; intemperance; extravagance,"Leisure, Games and Entertainment","Domestic Life, Dress & Household",inherited,1730-1750#7
combined,1750-1770,29,275,poems; statues; tragedies; paintings; comedies; sizes; miscellanies; histories; discourses; reasonings,Learned Professions and Sects,"Books, Learning & Scholarship",inherited,1730-1750#45
combined,1750-1770,22,327,unscriptural; superstitions; polity; infidels; deacons; archbishops; legislation; tenets; protestants; popish,"Parliament, Estates and Nobility","Government, Law & Administration",inherited,1730-1750#23
combined,1750-1770,51,91,laugh'd; terrified; aim'd; random; laughed; trembles; stake; surpriz'd; shocked; disgusted,Chivalric Romance Narration,"Literature, Drama & Poetic Diction",inherited,1730-1750#50
combined,1750-1770,30,274,winchester; hartford; chester; cambridge; glasgow; tavern; ferry; durham; portsmouth; albany,Humoral Medicine and Diet,"Medicine, Body & Health",inherited,1730-1750#18
combined,1750-1770,23,314,antiquities; metaphysical; accurate; diction; mathematics; miscellaneous; philosophical; geometry; astronomy; novels,Mixed Verb Forms,Structural / Uncertain,inherited,1730-1750#36
combined,1750-1770,31,257,warbling; thyrsis; list'ning; am'rous; resound; melodious; enraptur'd; philomel; satyrs; tun'd,"Music, Song and Melody","Literature, Drama & Poetic Diction",inherited,1730-1750#9
combined,1750-1770,27,278,curling; velvet; snowy; taper; plumage; yellow; blanket; purple; floor; coral,Weapons and Battle Gear,Military & Warfare,inherited,1730-1750#15
combined,1750-1770,5,538,sheriffs; payment; revenues; rents; certificate; treasurer; fees; chattels; barons; subsidies,Combat and Action Narration,Military & Warfare,inherited,1730-1750#25
combined,1750-1770,25,293,heretic; impostor; ideot; onion; arrant; insurrection; enthusiast; innovation; oration; impeachment,Herbal and Animal Remedies,"Medicine, Body & Health",inherited,1730-1750#30
combined,1750-1770,8,436,bladder; bilious; uterus; intestines; vomiting; kidneys; eases; fibres; urine; inflammations,"Grief, Sorrow and Lamentation","Literature, Drama & Poetic Diction",inherited,1730-1750#10
combined,1750-1770,40,200,relying; insisting; entailed; rushes; relied; doat; bier; insists; fastened; dissertations,Miscellaneous Word Fragments,Structural / Uncertain,inherited,1730-1750#43
combined,1750-1770,46,134,vous; dieu; sur; je; fait; au; pisc; monsieur; il; syn,Prayer and Devotional Practice,"Religion, Theology & the Church",inherited,1730-1750#51
combined,1750-1770,18,356,russet; glitt'ring; azure; dewy; op'ning; circled; wintry; blooms; silken; gladsome,Verbs of Transformation and Infusion,Structural / Uncertain,inherited,1730-1750#33
combined,1750-1770,28,277,gauls; sweden; goths; mercia; secunder; higden; bohemia; saxons; chizer; canute,"Salvation, Merit and Virtue","Religion, Theology & the Church",inherited,1730-1750#39
combined,1750-1770,41,195,insinuations; oppressions; insurrections; insults; invectives; barbarities; rebellions; ravages; misrepresentations; invasions,Verbs of Exceeding and Surpassing,Structural / Uncertain,inherited,1730-1750#32
combined,1750-1770,52,69,droop; haunt; wander; creep; languish; stray; weep; rove; range; soar,Military Campaign Narrative,Military & Warfare,inherited,1730-1750#22
combined,1750-1770,35,237,jeremiah; isa; xlv; matt; exod; joshua; mat; xxviii; xxxvi; xxix,Roman Numerals,Structural / Uncertain,inherited,1730-1750#24
combined,1750-1770,54,28,should'st; could'st; did'st; couldst; mayst; shouldst; wouldst; sayst; dar'st; would'st,Second-Person Verb Forms,Structural / Uncertain,inherited,1730-1750#53
combined,1750-1770,49,120,deduced; derived; deriv'd; results; rescued; deviate; exempted; excluded; resulting; arising,Verbs of Separation and Withdrawal,Structural / Uncertain,inherited,1730-1750#48
combined,1750-1770,43,182,dryden's; demosthenes; horace; voltaire; virgil; tasso; spencer; cicero; virgil's; translation,Latin Arithmetic Text,"Science, Mathematics & Natural Philosophy",inherited,1730-1750#14
combined,1750-1770,21,336,folly's; grim; fiercest; godlike; treach'rous; indignant; heav'nly; ambition's; unrelenting; glut,Contracted Verb Forms,Structural / Uncertain,inherited,1730-1750#27
combined,1750-1770,9,433,boil'd; parsley; powdered; roasted; boiled; cream; rice; berries; butter; onions,Household Ingredients and Materials,"Domestic Life, Dress & Household",inherited,1730-1750#12
combined,1750-1770,12,405,wat'ry; spectres; vaulted; hoarse; hov'ring; nodding; steep; billows; bounding; glides,"Christ, Virgin and Trinity Devotion","Religion, Theology & the Church",inherited,1730-1750#34
combined,1750-1770,7,515,lab'ring; agonizing; frantic; wildly; grac'd; heav'd; sorrow's; ceas'd; panting; wan,Worldly Vice and Temptation,Morality: Virtue & Vice,inherited,1730-1750#2
combined,1750-1770,38,207,vexations; anguish; anxiety; perplexities; losses; remorse; distresses; dejection; disappointments; sorrows,Dutch and German Text,Structural / Uncertain,inherited,1730-1750#44
combined,1750-1770,6,521,flow'rs; verdant; glade; fragrant; flow'ry; vernal; vales; myrtle; ambrosial; leafy,Place Names and Geographic Terms,Geography & Territory,inherited,1730-1750#6
combined,1750-1770,19,346,olim; tamen; hoc; ita; atque; sibi; omnia; illa; apud; omnibus,Latin Religious Text,Structural / Uncertain,inherited,1730-1750#21
combined,1750-1770,34,239,ducks; shirts; coaches; blankets; bellies; skins; poultry; oxen; caps; flocks,Mixed Proper Names,Structural / Uncertain,inherited,1730-1750#46
combined,1750-1770,26,281,howard; beville; thornhill; philips; woodbridge; lowther; eaton; carewe; fielding; franklin,"Proper Names, Authors and Publishers",Structural / Uncertain,inherited,1730-1750#41
combined,1750-1770,37,212,aemilius; othman; egbert; barbarossa; lysander; irene; zopiron; hecuba; philander; teribazus,Royal and Noble Names,"History, Genealogy, Nobility & Kinship",inherited,1730-1750#49
combined,1750-1770,50,114,silk; tin; cambricks; ware; cwt; lb; bales; haberdashery; stuffs; timber,Latin Text,Structural / Uncertain,inherited,1730-1750#28
combined,1750-1770,33,245,ruthven; thomae; retour; eglington; vicecom; waverl; heming; lennox; neust; bennet,Miscellaneous Narrative Fragments,Structural / Uncertain,inherited,1730-1750#37
combined,1770-1790,60,49,diversity; connexion; similarity; respective; analogy; connection; union; tropics; numberless; different,"Comparison, Analogy and Relation",Rhetoric & Persuasion,human,
combined,1770-1790,49,182,livres; pound; bushels; pounders; dollars; lb; gallons; halfpenny; fourteen; bushel,Verbs of Remaining and Enduring,Structural / Uncertain,inherited,1750-1770#45
combined,1770-1790,57,105,bigger; whiter; thicker; sweeter; quicker; harder; heavier; lighter; swifter; handsomer,Praise and Worship,"Religion, Theology & the Church",inherited,1750-1770#53
combined,1770-1790,15,544,imperfectly; inhumanly; ingeniously; successfully; ably; violently; judiciously; terribly; curiously; barbarously,"Wrongdoing, Fraud and Harm",Morality: Virtue & Vice,inherited,1750-1770#11
combined,1770-1790,2,898,unjustifiable; illiberal; irritable; subtile; inconsiderate; merciless; unrelenting; indelicate; timorous; unwarrantable,Anatomy and Bodily Ailments,"Medicine, Body & Health",inherited,1750-1770#2
combined,1770-1790,53,163,jan; feb; journals; thursday; sept; february; tuesday; saturday; monday; january,Family and Kinship Terms,"History, Genealogy, Nobility & Kinship",inherited,1750-1770#42
combined,1770-1790,37,307,sanctification; redeemer; manifestations; manifestation; mercies; impenitent; christ; perfections; sacraments; forgiveness,Virtues and Excellent Qualities,Morality: Virtue & Vice,inherited,1750-1770#16
combined,1770-1790,47,211,wench; saucy; rogue; booby; quaker; frenchman; beau; puppy; coxcomb; conceited,Welsh Text,Structural / Uncertain,inherited,1750-1770#36
combined,1770-1790,35,319,regiments; ropes; downwards; masts; boats; lieutenants; captains; subalterns; mizen; warriors,"Biblical Genealogies, Old Testament","Religion, Theology & the Church",inherited,1750-1770#10
combined,1770-1790,0,1128,overpowered; nominated; benefited; demonstrated; crushed; tormented; referred; distended; affirmed; harrassed,"Battle Outcomes, Past Participles",Military & Warfare,inherited,1750-1770#1
combined,1770-1790,29,347,dependants; aunt; kinsman; sires; virgins; daughter; niece; uncle; youths; progenitors,"Scripture, Doctrine and Preaching","Religion, Theology & the Church",inherited,1750-1770#20
combined,1770-1790,8,605,sympathetic; acknowledgements; magnanimity; impartiality; liberality; earnestness; affability; accomplishments; excellencies; excellence,"Faith, Sin and Justification","Religion, Theology & the Church",inherited,1750-1770#17
combined,1770-1790,18,488,sheriffs; deputies; prelates; clerks; burgesses; treasurer; barons; trustees; archbishops; abbots,"Parliament, Estates and Nobility","Government, Law & Administration",inherited,1750-1770#22
combined,1770-1790,41,280,fenwick; richardson; jun; cooper; wharton; ralph; nathaniel; simpson; drayton; weaver,English Nobility and Earldoms,"History, Genealogy, Nobility & Kinship",inherited,1750-1770#24
combined,1770-1790,44,253,elwina; otanes; araspes; ismene; editha; sethona; mourner; orel; menes; adrastus,Royal and Noble Names,"History, Genealogy, Nobility & Kinship",inherited,1750-1770#37
combined,1770-1790,1,996,vex; refer; attach; reconcile; conform; weaken; tempt; impute; accommodate; expose,Infinitive Verb Forms,Structural / Uncertain,inherited,1750-1770#0
combined,1770-1790,5,649,fag; kit; patty; humph; susan; dolly; humphry; darby; bravo; johnny,Latin Poetic Text,Structural / Uncertain,inherited,1750-1770#13
combined,1770-1790,62,33,they'll; she'll; he'll; you'd; shou'd; wou'd; twill; i'll; he'd; won't,Latin Ecclesiastical Text,Structural / Uncertain,inherited,1750-1770#47
combined,1770-1790,43,253,legislation; executive; sovereignty; regal; innate; subordinate; observance; authoritative; prerogatives; constituting,Constitutional and Political Authority,"Government, Law & Administration",human,
combined,1770-1790,52,167,barn; tavern; postern; rooms; cricket; chimney; pond; park; shop; cellar,Buildings and Domestic Spaces,"Domestic Life, Dress & Household",human,
combined,1770-1790,6,623,flung; tumbling; tumbled; roll'd; jumped; pulled; kicked; jump; pulls; pulling,Base-Form Verbs,Structural / Uncertain,inherited,1750-1770#4
combined,1770-1790,17,495,baseness; malignity; levity; uncleanness; suspension; bigotry; irreligion; blasphemy; sensuality; perjury,"Leisure, Games and Entertainment","Domestic Life, Dress & Household",inherited,1750-1770#15
combined,1770-1790,40,282,missisippi; baltic; archipelago; labrador; creek; illinois; severn; euxine; peninsula; huron,"Rivers, Seas and World Geography",Geography & Territory,human,
combined,1770-1790,14,544,gauls; norway; tartary; germans; goths; diocletian; darius; augustus; hungary; danes,"Salvation, Merit and Virtue","Religion, Theology & the Church",inherited,1750-1770#28
combined,1770-1790,24,422,manuscript; version; journal; treatise; translation; preface; decisions; quotation; certificate; narrative,Verbs of Thinking and Perceiving,Structural / Uncertain,inherited,1750-1770#14
combined,1770-1790,54,126,connive; grieved; startled; shocked; laughed; invectives; laugh'd; alarmed; exasperated; fatigued,Chivalric Romance Narration,"Literature, Drama & Poetic Diction",inherited,1750-1770#51
combined,1770-1790,31,336,abridgement; idiot; ideot; aqueduct; adulterer; accomplice; angel's; impostor; assignment; adhuc,Herbal and Animal Remedies,"Medicine, Body & Health",inherited,1750-1770#25
combined,1770-1790,13,550,jacket; stockings; pouch; hats; wig; waistcoat; pewter; breeches; cloths; handkerchief,Weapons and Battle Gear,Military & Warfare,inherited,1750-1770#27
combined,1770-1790,9,583,compositions; treatises; poems; outrages; reasonings; systems; declarations; clauses; calculations; texts,Learned Professions and Sects,"Books, Learning & Scholarship",inherited,1750-1770#29
combined,1770-1790,46,214,jamais; mon; bien; qu'ils; mais; d'un; castro; lui; novo; qu'il,Prayer and Devotional Practice,"Religion, Theology & the Church",inherited,1750-1770#46
combined,1770-1790,10,574,bile; vomiting; bilious; serum; scorbutic; foetid; costiveness; bladder; irritation; mucus,"Grief, Sorrow and Lamentation","Literature, Drama & Poetic Diction",inherited,1750-1770#8
combined,1770-1790,27,392,geese; snipes; plover; hares; ducks; rabbits; pheasants; wolves; reptiles; duck,Mixed Proper Names,Structural / Uncertain,inherited,1750-1770#34
combined,1770-1790,38,300,gum; fomentations; castor; syrup; clysters; viscid; nitrous; diuretic; diaphoretic; salts,Pharmacology and Remedies,"Medicine, Body & Health",human,
combined,1770-1790,7,620,forsakes; sooths; owns; hates; paints; confesses; condemns; exposes; maketh; warms,Third-Person -eth Verb Forms,Structural / Uncertain,inherited,1750-1770#3
combined,1770-1790,34,323,anguish; factions; anxiety; grief; conspiracies; calamities; tumults; successes; animosities; inconveniences,Dutch and German Text,Structural / Uncertain,inherited,1750-1770#38
combined,1770-1790,50,179,encroach; doats; relying; preyed; relies; relied; insisting; animadvert; perched; pitched,Miscellaneous Word Fragments,Structural / Uncertain,inherited,1750-1770#40
combined,1770-1790,20,468,certificates; payment; funds; sales; fees; payable; wares; levying; surplus; profits,Combat and Action Narration,Military & Warfare,inherited,1750-1770#5
combined,1770-1790,21,455,sloping; cliffs; craggy; cliff; tufts; rocky; heath; steeps; caverns; ridge,Place Names and Geographic Terms,Geography & Territory,inherited,1750-1770#6
combined,1770-1790,33,325,refulgent; starry; radiant; glitt'ring; radiance; deck'd; azure; mantle; burnish'd; plumage,Verbs of Transformation and Infusion,Structural / Uncertain,inherited,1750-1770#18
combined,1770-1790,12,557,bedford; worcester; gloucester; portsmouth; warwickshire; salem; chester; northampton; kent; norfolk,Humoral Medicine and Diet,"Medicine, Body & Health",inherited,1750-1770#30
combined,1770-1790,16,503,dewy; vernal; leafy; flow'rs; darken'd; verdant; murm'ring; flow'ry; crystal; glade,Military Campaign Narrative,Military & Warfare,inherited,1750-1770#52
combined,1770-1790,51,177,matth; jeremiah; xxxii; isai; chron; sam; zech; xxxiv; xxxi; xxx,Roman Numerals,Structural / Uncertain,inherited,1750-1770#35
combined,1770-1790,32,334,wintry; lightnings; surges; foaming; whirlwinds; billows; chilling; darting; billow; bounding,"Christ, Virgin and Trinity Devotion","Religion, Theology & the Church",inherited,1750-1770#12
combined,1770-1790,42,270,vengeful; ruthless; barb'rous; threat'ning; lance; relentless; spear; war's; remorseless; steed,Latin Grammar Instruction,"Books, Learning & Scholarship",inherited,1750-1770#32
combined,1770-1790,55,114,wrested; exempt; deducible; exempted; freed; abstained; deduced; rescued; excluded; transferred,Verbs of Separation and Withdrawal,Structural / Uncertain,inherited,1750-1770#49
combined,1770-1790,11,560,dicti; omnibus; neque; quos; q'd; fuerit; sibi; eo; tamen; sui,Latin Religious Text,Structural / Uncertain,inherited,1750-1770#19
combined,1770-1790,61,33,couldst; wouldest; say'st; wouldst; mayst; could'st; shouldst; did'st; think'st; mayest,Second-Person Verb Forms,Structural / Uncertain,inherited,1750-1770#54
combined,1770-1790,28,387,heav'nly; eugenio; ambition's; vanquish'd; tow'ring; phoebus; enraptur'd; conqu'ring; pleasure's; attic,Contracted Verb Forms,Structural / Uncertain,inherited,1750-1770#21
combined,1770-1790,3,761,heav'd; chill'd; subdu'd; ghastly; throbs; wraps; swell'd; tortur'd; sooth'd; pining,Worldly Vice and Temptation,Morality: Virtue & Vice,inherited,1750-1770#7
combined,1770-1790,26,396,tufted; thyme; glossy; striped; foliage; prickly; boughs; irides; whitish; curled,Latin Text,Structural / Uncertain,inherited,1750-1770#50
combined,1770-1790,25,403,coll; script; plin; pliny; bibl; apud; harl; belon; tertullian; leland,Latin Arithmetic Text,"Science, Mathematics & Natural Philosophy",inherited,1750-1770#43
combined,1770-1790,22,437,confining; exposing; providing; diminishing; procuring; furnishing; exercising; securing; injuring; informing,Verbs of Exceeding and Surpassing,Structural / Uncertain,inherited,1750-1770#41
combined,1770-1790,36,311,axis; diameter; dc; curve; tube; oblong; ph; ag; oval; radius,Geometry and Diagram Terminology,"Science, Mathematics & Natural Philosophy",human,
combined,1770-1790,39,288,warbling; warbled; list'ning; tuneful; echoing; thund'ring; roar; shrill; plaintive; strephon,"Music, Song and Melody","Literature, Drama & Poetic Diction",inherited,1750-1770#31
combined,1770-1790,30,345,grotesque; theology; humorous; elaborate; geography; abstruse; historical; grimace; elegance; astronomy,Mixed Verb Forms,Structural / Uncertain,inherited,1750-1770#23
combined,1770-1790,4,669,jackson; marshall; williams; glover; walker; stevens; graham; griffith; harris; dodd,"Proper Names, Authors and Publishers",Structural / Uncertain,inherited,1750-1770#26
combined,1770-1790,56,109,rockingham; herbert; margaret; chatham; hertford; catherine; lyttelton; jane; ossory; dartmouth,Legal Writs and Property Law,"Government, Law & Administration",inherited,1750-1770#39
combined,1770-1790,45,234,studded; garnished; stuffed; tinged; ting'd; shaded; impregnated; variegated; unacquainted; tinctured,Spelling Variants,Structural / Uncertain,inherited,1750-1770#44
combined,1770-1790,23,431,fried; onions; parsley; sliced; potatoes; apples; lemon; pot; turnips; yams,Household Ingredients and Materials,"Domestic Life, Dress & Household",inherited,1750-1770#9
combined,1770-1790,58,59,transformed; metamorphosed; degenerates; dive; ushered; infused; pry; precipitated; plunged; degenerated,Verbs of Transformation,Structural / Uncertain,human,
combined,1770-1790,59,59,alban's; calvin; andrews; cuthbert; asaph; augustin; giles's; albans; martin's; jerom,Saints' Names,"Religion, Theology & the Church",human,
combined,1770-1790,48,183,nel; pi; quando; gli; fu; tanto; io; deir; sair; chi,Family and Kinship Terms,"History, Genealogy, Nobility & Kinship",inherited,1750-1770#48
combined,1770-1790,19,486,d'no; johanne; nuper; habebunt; willielmo; eisdem; johanna; habeant; magistri; patris,Miscellaneous Narrative Fragments,Structural / Uncertain,inherited,1750-1770#33
combined,1790-1810,44,345,cellery; stivers; pounders; paras; piastres; quarts; barrels; guilders; shil; dols,Verbs of Remaining and Enduring,Structural / Uncertain,inherited,1770-1790#49
combined,1790-1810,49,268,sep; dec; tuesday; wednesday; monday; thursday; seventeenth; oct; nineteenth; eleventh,Family and Kinship Terms,"History, Genealogy, Nobility & Kinship",inherited,1770-1790#53
combined,1790-1810,61,141,hotter; bigger; handsomer; lovelier; swifter; blacker; lighter; whiter; taller; avorse,Praise and Worship,"Religion, Theology & the Church",inherited,1770-1790#57
combined,1790-1810,9,1160,unjustifiable; revengeful; attrocious; illiberal; factious; outrageous; avaricious; atrocious; unmanly; indecent,Anatomy and Bodily Ailments,"Medicine, Body & Health",inherited,1770-1790#2
combined,1790-1810,24,775,successfully; ingeniously; prettily; extensively; accurately; strenuously; judiciously; civilly; cruelly; obviously,"Wrongdoing, Fraud and Harm",Morality: Virtue & Vice,inherited,1770-1790#15
combined,1790-1810,43,357,jilt; rogue; pert; coxcomb; puss; tradesman; knave; queer; impudent; fidler,Welsh Text,Structural / Uncertain,inherited,1770-1790#47
combined,1790-1810,2,1470,countenanced; reprobated; nominated; counteracted; benefited; demonstrated; weakened; characterized; tormented; damped,"Battle Outcomes, Past Participles",Military & Warfare,inherited,1770-1790#0
combined,1790-1810,7,1208,sewell; dixon; goddard; bingham; hewitt; colden; pigott; howell; kerr; gooch,English Nobility and Earldoms,"History, Genealogy, Nobility & Kinship",inherited,1770-1790#41
combined,1790-1810,20,922,dark'ning; misty; wint'ry; beamy; op'ning; refulgent; gleaming; black'ning; darken'd; billowy,"Christ, Virgin and Trinity Devotion","Religion, Theology & the Church",inherited,1770-1790#32
combined,1790-1810,21,864,deputy; constables; committees; clerks; lieutenants; sheriffs; commissioners; trustees; colonial; parishes,Constitutional and Political Authority,"Government, Law & Administration",inherited,1770-1790#43
combined,1790-1810,27,763,huns; archbishops; calvin; thrace; clergymen; traditions; idolaters; commentators; scythia; greeks,"Parliament, Estates and Nobility","Government, Law & Administration",inherited,1770-1790#18
combined,1790-1810,40,422,daughter; miftrefs; niece; ladyfhip; father; fifter; ancestor; wife; husband; grandmother,"Scripture, Doctrine and Preaching","Religion, Theology & the Church",inherited,1770-1790#29
combined,1790-1810,46,299,calleth; loveth; maketh; receiveth; worketh; keepeth; adoring; hateth; giveth; christ,Virtues and Excellent Qualities,Morality: Virtue & Vice,inherited,1770-1790#37
combined,1790-1810,15,1024,gaby; len; cad; yaw; whimsiculo; floretta; m'gil; amant; josephine; billy,Latin Poetic Text,Structural / Uncertain,inherited,1770-1790#5
combined,1790-1810,22,785,tufted; flow'ry; craggy; translucent; bow'rs; swamps; thickets; gurgling; crags; glade,Place Names and Geographic Terms,Geography & Territory,inherited,1770-1790#21
combined,1790-1810,6,1265,attach; impute; annihilate; advert; refer; reclaim; stimulate; provoke; condemn; counteract,Infinitive Verb Forms,Structural / Uncertain,inherited,1770-1790#1
combined,1790-1810,12,1090,fez; zin; navarre; verdun; anjou; yaroslaf; bohemia; armenia; bethsaida; xavier,"Salvation, Merit and Virtue","Religion, Theology & the Church",inherited,1770-1790#14
combined,1790-1810,41,422,anguish; inconveniencies; grief; inconveniences; griefs; enjoyments; dejection; woes; pangs; impediment,Dutch and German Text,Structural / Uncertain,inherited,1770-1790#34
combined,1790-1810,35,658,counteracting; reminding; prescribing; providing; limiting; weakening; establishing; enforcing; confining; procuring,Verbs of Exceeding and Surpassing,Structural / Uncertain,inherited,1770-1790#22
combined,1790-1810,8,1175,eux; bellegarde; veut; maestro; familia; nord; qu'il; autres; noire; celle,Prayer and Devotional Practice,"Religion, Theology & the Church",inherited,1770-1790#46
combined,1790-1810,31,744,tivoli; gateway; pilasters; portico; logs; planks; tow'ring; turrets; cupola; tow'rs,Buildings and Domestic Spaces,"Domestic Life, Dress & Household",inherited,1770-1790#52
combined,1790-1810,62,138,xxxiv; cii; xlv; xlvi; xx; lxxix; lxxxv; xxxvi; xl; xxi,Roman Numerals,Structural / Uncertain,inherited,1770-1790#51
combined,1790-1810,51,261,syne; weel; gude; aff; amang; frae; whan; auld; doon; bonnie,Latin Ecclesiastical Text,Structural / Uncertain,inherited,1770-1790#62
combined,1790-1810,13,1063,pulls; jumped; flung; flings; pulled; pull'd; swung; sweeps; drags; scatters,Base-Form Verbs,Structural / Uncertain,inherited,1770-1790#6
combined,1790-1810,14,1032,softness; disinterestedness; elegance; gentleness; propensities; correctness; captivating; unfeigned; unassuming; firmness,"Faith, Sin and Justification","Religion, Theology & the Church",inherited,1770-1790#8
combined,1790-1810,45,301,afide; fong; repofe; difgrace; truft; fhade; queftion; fwear; bufinefs; fpeak,Latin Grammar Instruction,"Books, Learning & Scholarship",inherited,1770-1790#42
combined,1790-1810,4,1309,felony; effeminacy; misrepresentation; falshood; perjury; wilful; profligacy; disorganizing; jealousies; selfishness,"Leisure, Games and Entertainment","Domestic Life, Dress & Household",inherited,1770-1790#17
combined,1790-1810,10,1156,rugen; shannon; tigris; foyle; gilolo; lybia; stour; kamtschatka; adrianople; montserrat,"Rivers, Seas and World Geography",Geography & Territory,inherited,1770-1790#40
combined,1790-1810,36,635,gloves; hatchets; knives; gowns; buttons; flap; jacket; spear; handkerchiefs; frock,Weapons and Battle Gear,Military & Warfare,inherited,1770-1790#13
combined,1790-1810,54,221,necessary; fure; entreating; obliged; impracticable; besought; advised; requested; endeavoured; solicited,"Entreaty, Necessity and Endeavor",Rhetoric & Persuasion,human,
combined,1790-1810,23,779,stuffs; sales; payments; weavers; investment; expenditures; nett; coopers; payment; expenditure,Combat and Action Narration,Military & Warfare,inherited,1770-1790#20
combined,1790-1810,16,989,illustrations; miscellany; compositions; analysis; clauses; translations; performances; phenomena; fictions; statements,Learned Professions and Sects,"Books, Learning & Scholarship",inherited,1770-1790#9
combined,1790-1810,25,771,truncated; striated; bluish; transversely; obtuse; transverse; cylindrical; longitudinally; veneering; cavity,Geometry and Diagram Terminology,"Science, Mathematics & Natural Philosophy",inherited,1770-1790#36
combined,1790-1810,63,124,connived; laugh'd; shocked; terrified; connive; surprized; displeased; alarmed; trembles; vexed,Chivalric Romance Narration,"Literature, Drama & Poetic Diction",inherited,1770-1790#54
combined,1790-1810,53,233,mornington; loughborough; aylesford; egremont; mountjoy; mansfield; hawkesbury; effingham; marchmont; fitzwilliam,Legal Writs and Property Law,"Government, Law & Administration",inherited,1770-1790#56
combined,1790-1810,28,753,invigorates; softens; exalts; condemns; warms; commits; convinces; acknowledges; despises; explains,Third-Person -eth Verb Forms,Structural / Uncertain,inherited,1770-1790#7
combined,1790-1810,3,1319,quiv'ring; vengeful; ruthless; madd'ning; stygian; vanquish'd; gallia's; threat'ning; murd'rous; muse's,Contracted Verb Forms,Structural / Uncertain,inherited,1770-1790#28
combined,1790-1810,50,267,disposi; distinc; determina; applica; communica; opposi; approba; termina; appella; inscrip,"Comparison, Analogy and Relation",Rhetoric & Persuasion,inherited,1770-1790#60
combined,1790-1810,1,1861,itaque; quanquam; esset; ultro; pariter; animos; ingenii; invicem; terram; illorum,Latin Religious Text,Structural / Uncertain,inherited,1770-1790#11
combined,1790-1810,37,626,varbel; hah; traulista; sextus; chastel; edoxia; sifrid; segimund; vulpes; vitellia,Royal and Noble Names,"History, Genealogy, Nobility & Kinship",inherited,1770-1790#44
combined,1790-1810,30,744,dewy; scented; spangled; flow'rs; primrose; muslin; curling; burnish'd; cowslips; velvet,Military Campaign Narrative,Military & Warfare,inherited,1770-1790#16
combined,1790-1810,38,563,marines; frigate; schooner; austrians; galleys; squadron; moored; cavalry; lieut; infantry,"Biblical Genealogies, Old Testament","Religion, Theology & the Church",inherited,1770-1790#35
combined,1790-1810,26,763,soda; quartz; spath; ammoniac; feldspar; antispasmodics; vitriol; camphor; hornblende; spars,Pharmacology and Remedies,"Medicine, Body & Health",inherited,1770-1790#38
combined,1790-1810,33,703,subdu'd; woos; assail'd; scorn'd; hails; prest; own'd; kiss'd; watch'd; whisper'd,Worldly Vice and Temptation,Morality: Virtue & Vice,inherited,1770-1790#3
combined,1790-1810,68,76,doest; makest; fhalt; believest; mightest; speakest; sayest; thinkest; say'st; saidst,Second-Person Verb Forms,Structural / Uncertain,inherited,1770-1790#61
combined,1790-1810,5,1296,bucklow; whitchurch; dunmow; leominster; worksop; bingley; minehead; mildenhall; colne; maidstone,Humoral Medicine and Diet,"Medicine, Body & Health",inherited,1770-1790#12
combined,1790-1810,66,95,chere; bant; tolia; nage; leat; ples; tives; nure; gistrate; ny,Word Fragments,Structural / Uncertain,human,
combined,1790-1810,18,971,biographical; miscellanies; clemens; josephus; epiphanius; chemistry; vossius; cicero; tibullus; mathematics,Mixed Verb Forms,Structural / Uncertain,inherited,1770-1790#30
combined,1790-1810,11,1090,aaji; jb; joj; como; aaj; aji; jji; xxj; fj; xs,Latin Arithmetic Text,"Science, Mathematics & Natural Philosophy",inherited,1770-1790#25
combined,1790-1810,47,281,manasseh; jehoram; hosea; eccl; jer; matth; chron; matt; herod; ezek,Verbs of Thinking and Perceiving,Structural / Uncertain,inherited,1770-1790#24
combined,1790-1810,29,751,warbled; attune; thund'ring; shrill; melodious; warbling; hissing; clarion; list'ning; whistling,"Music, Song and Melody","Literature, Drama & Poetic Diction",inherited,1770-1790#39
combined,1790-1810,56,207,descanted; animadvert; relied; perched; encroached; commented; expatiating; doats; insisting; expatiated,Miscellaneous Word Fragments,Structural / Uncertain,inherited,1770-1790#50
combined,1790-1810,32,704,diarrhoea; spasms; catarrh; mucus; colic; excretion; asthma; contraction; epilepsy; foetid,"Grief, Sorrow and Lamentation","Literature, Drama & Poetic Diction",inherited,1770-1790#10
combined,1790-1810,17,987,parsley; sliced; walnuts; raisins; linseed; kettles; powdered; celery; pots; ginger,Household Ingredients and Materials,"Domestic Life, Dress & Household",inherited,1770-1790#23
combined,1790-1810,42,365,nexed; swer; idolater; tiquity; cients; impostor; arrant; ideot; idiot; interpolation,Herbal and Animal Remedies,"Medicine, Body & Health",inherited,1770-1790#31
combined,1790-1810,39,533,turkeys; ducks; geese; snipes; pigeons; foxes; partridges; squirrel; tigers; snakes,Mixed Proper Names,Structural / Uncertain,inherited,1770-1790#27
combined,1790-1810,64,109,resolvable; relapsing; transformed; transfused; degenerates; dwindle; splintery; infused; metamorphosed; instilled,Verbs of Transformation,Structural / Uncertain,inherited,1770-1790#58
combined,1790-1810,55,215,tinctured; imbued; coincides; stocked; mingles; impregnated; intermixed; correspond; pestered; upbraided,Spelling Variants,Structural / Uncertain,inherited,1770-1790#45
combined,1790-1810,57,179,amand; gervase; alban's; leger; augustine's; augustin; bartholomew's; maloes; vincents; leonard's,Saints' Names,"Religion, Theology & the Church",inherited,1770-1790#59
combined,1790-1810,59,146,ecliptic; precession; equator; equinoctial; diameters; equinox; planet; parallels; parallax; juno,Verbs of Transformation and Infusion,Structural / Uncertain,inherited,1770-1790#33
combined,1790-1810,34,697,virginiana; torquatus; rubra; tinctoria; nigra; cristatus; occidentalis; morus; parus; motacilla,Latin Text,Structural / Uncertain,inherited,1770-1790#26
combined,1790-1810,0,2126,potentia; vitali; cicer; patomak; amyntas; bonorum; suede; reaum; poffit; rolfe,Miscellaneous Narrative Fragments,Structural / Uncertain,inherited,1770-1790#19
combined,1790-1810,19,936,bleecker; marsden; griffiths; parkinson; ansell; dodwell; thrale's; owens; dormer; bartlett,"Proper Names, Authors and Publishers",Structural / Uncertain,inherited,1770-1790#4
combined,1790-1810,52,258,seruice; sonne; thame; vther; thare; counsall; hir; armie; citie; aduertised,Family and Kinship Terms,"History, Genealogy, Nobility & Kinship",inherited,1770-1790#48
combined,1790-1810,65,106,desir; acknowledg; regi; observ; compli; instru; chang; declar; judg; includ,Truncated Word Stems,Structural / Uncertain,human,
combined,1790-1810,48,272,sequently; tinues; tinuing; sidering; ducted; veyed; clusion; tinent; mised; veyance,Verbs of Separation and Withdrawal,Structural / Uncertain,inherited,1770-1790#55
combined,1790-1810,67,79,divi; roches; excur; posses; exten; conclu; acces; occa; expres; profes,"Word Fragments, -sion Stems",Structural / Uncertain,human,
combined,1790-1810,60,143,mune; treme; monwealth; municate; missioners; menced; istence; pedition; munication; planation,"Word Fragments, com-/ex- Stems",Structural / Uncertain,human,
combined,1790-1810,58,170,ligious; sidence; markably; volution; bellion; newed; maining; mainder; peated; sembles,"Word Fragments, re- Prefix Stems",Structural / Uncertain,human,
combined,1790-1810,70,24,proaching; prehension; pointment; plication; pearing; propriated; proaches; proach; pendix; pellation,"Word Fragments, ap- Prefix Stems",Structural / Uncertain,human,
combined,1790-1810,69,30,riched; gagements; tertained; larged; couraged; deavours; deavoured; camped; gaged; couragement,"Word Fragments, en- Prefix Stems",Structural / Uncertain,human,
combined,1790-1810,71,22,libitum; jacent; miral; venturers; vantageous; vanced; mirable; vancing; vances; vance,"Word Fragments, ad- Prefix Stems",Structural / Uncertain,human,
combined,1810-1830,11,1858,unjustifiable; equivocal; depraved; flagrant; detrimental; virulent; judiciously; appropriately; indiscreetly; uncharitable,"Wrongdoing, Fraud and Harm",Morality: Virtue & Vice,inherited,1790-1810#24
combined,1810-1830,46,520,firlot; skillings; bordars; scholarships; lbs; cwt; rupees; piasters; scudi; eighths,Verbs of Remaining and Enduring,Structural / Uncertain,inherited,1790-1810#44
combined,1810-1830,65,203,duller; bigger; pleasanter; fleeter; handsomer; avorse; sharper; heavier; thicker; swifter,Praise and Worship,"Religion, Theology & the Church",inherited,1790-1810#61
combined,1810-1830,13,1749,payments; forfeitures; assessment; payment; coroners; receipts; constables; assessors; payable; bailies,Constitutional and Political Authority,"Government, Law & Administration",inherited,1790-1810#21
combined,1810-1830,48,464,gth; sth; january; connived; wednesday; eventide; sep; llth; concerts; celebration,Family and Kinship Terms,"History, Genealogy, Nobility & Kinship",inherited,1790-1810#49
combined,1810-1830,17,1577,billy; eh; joe; marq; zerlina; isab; blaisot; pshaw; solus; sna,Latin Poetic Text,Structural / Uncertain,inherited,1790-1810#15
combined,1810-1830,36,932,chasseurs; cuirassiers; towed; pinnace; muskets; lancers; cavalry; brigs; regulars; grenadiers,"Biblical Genealogies, Old Testament","Religion, Theology & the Church",inherited,1790-1810#38
combined,1810-1830,4,2439,subdu'd; influenced; weakened; believ'd; harrassed; contradicted; benefited; spurn'd; prov'd; overtaken,"Battle Outcomes, Past Participles",Military & Warfare,inherited,1790-1810#2
combined,1810-1830,62,221,ecliptic; diameters; magnitudes; ratio; orbits; eclipses; orbit; minimum; longi; width,Verbs of Transformation and Infusion,Structural / Uncertain,inherited,1790-1810#59
combined,1810-1830,22,1247,aucun; jusqu'a; aupres; chaque; l'une; maniere; laquelle; alors; qu'ils; douze,Prayer and Devotional Practice,"Religion, Theology & the Church",inherited,1790-1810#8
combined,1810-1830,34,963,romish; deacons; clergymen; doctrines; reformed; prelates; tenets; chaplains; doctrine; religion,Dutch and German Text,Structural / Uncertain,inherited,1790-1810#41
combined,1810-1830,3,2574,halliwell; crowther; whitney; blundell; sturges; thackeray; symons; rawlinson; hodson; whiteley,English Nobility and Earldoms,"History, Genealogy, Nobility & Kinship",inherited,1790-1810#7
combined,1810-1830,30,1057,suleiman; scythians; cartha; reza; mahomed; goths; meerza; ibrahim; khan; cimbri,"Parliament, Estates and Nobility","Government, Law & Administration",inherited,1790-1810#27
combined,1810-1830,15,1641,oppeln; byng's; sarthe; wiazma; hoya; oudinot; valenciennes; limburg; emb; daendels,"Salvation, Merit and Virtue","Religion, Theology & the Church",inherited,1790-1810#12
combined,1810-1830,50,429,plumber; maltster; blockhead; grocer; baker; tailor; hatter; cordwainer; pedlar; knave,Welsh Text,Structural / Uncertain,inherited,1790-1810#43
combined,1810-1830,21,1288,lurid; murky; gleam'd; spangled; dark'ning; deep'ning; dank; stream'd; illumes; clotted,"Christ, Virgin and Trinity Devotion","Religion, Theology & the Church",inherited,1790-1810#20
combined,1810-1830,24,1208,ashtabula; saguenay; rimac; rapides; winnepeek; winnipiseogee; genesee; goomty; blackwater; otisco,Geometry and Diagram Terminology,"Science, Mathematics & Natural Philosophy",inherited,1790-1810#25
combined,1810-1830,28,1101,mouldings; sculptures; stuccoed; busts; pannels; inlaid; stucco; parapet; mosaics; cornices,Buildings and Domestic Spaces,"Domestic Life, Dress & Household",inherited,1790-1810#31
combined,1810-1830,7,2137,hants; charlton; stoke; overton; northumb; compton; denton; northamp; herts; longbridge,Humoral Medicine and Diet,"Medicine, Body & Health",inherited,1790-1810#5
combined,1810-1830,0,2891,frenzied; fever'd; venom'd; madd'ning; anguish'd; quiv'ring; murd'rous; infuriate; with'ring; unhallow'd,Contracted Verb Forms,Structural / Uncertain,inherited,1790-1810#3
combined,1810-1830,42,649,eleanor; coheir; frances; dorothy; spouse; barbara; vncle; johanna; isabel; philippa,"Scripture, Doctrine and Preaching","Religion, Theology & the Church",inherited,1790-1810#40
combined,1810-1830,18,1573,subdue; toss; despise; impute; teaze; suggest; emolu; deride; contemn; upbraid,Infinitive Verb Forms,Structural / Uncertain,inherited,1790-1810#6
combined,1810-1830,20,1375,iwi; iov; axx; yp; roig; ruv; rov; ovx; tcov; eivai,Latin Arithmetic Text,"Science, Mathematics & Natural Philosophy",inherited,1790-1810#11
combined,1810-1830,12,1763,beguiles; restraining; employing; modifying; exalts; illustrating; vexes; abolishing; inflames; punishing,Third-Person -eth Verb Forms,Structural / Uncertain,inherited,1790-1810#28
combined,1810-1830,37,909,grantley; eglinton; mulgrave; balcarras; kenyon; hardwicke; panmure; fitzwilliam; aylmer; willoughby,Legal Writs and Property Law,"Government, Law & Administration",inherited,1790-1810#53
combined,1810-1830,8,2093,modifications; persius; logical; theology; propertius; hypotheses; miscellany; assertions; metaphysical; elegies,Learned Professions and Sects,"Books, Learning & Scholarship",inherited,1790-1810#16
combined,1810-1830,32,1048,cavern'd; billowy; foamy; eddying; craggy; murm'ring; whirling; hollows; meand'ring; heathy,Place Names and Geographic Terms,Geography & Territory,inherited,1790-1810#22
combined,1810-1830,6,2353,malignity; misrepresentations; ribaldry; anguish; knaves; perjury; irritability; vulgarity; immorality; impiety,"Leisure, Games and Entertainment","Domestic Life, Dress & Household",inherited,1790-1810#4
combined,1810-1830,63,213,con; specu; plaisir; incon; histori; circu; vity; com; politi; mathemati,Word Fragments,Structural / Uncertain,human,
combined,1810-1830,54,336,ephes; zech; zechariah; deut; thess; xx; glenfinnart; ezek; xxxviii; eph,Roman Numerals,Structural / Uncertain,inherited,1790-1810#62
combined,1810-1830,43,635,cestor; swering; tique; anabaptist; tiochus; noyance; ticipated; cients; nette; swers,Herbal and Animal Remedies,"Medicine, Body & Health",inherited,1790-1810#42
combined,1810-1830,16,1620,pull'd; llywel; honddu; dash'd; jumps; flings; raked; pulls; yode; rush'd,Base-Form Verbs,Structural / Uncertain,inherited,1790-1810#13
combined,1810-1830,14,1663,buff; muslin; nails; striped; steely; satin; glossy; straps; woolsey; gloves,Weapons and Battle Gear,Military & Warfare,inherited,1790-1810#36
combined,1810-1830,68,145,phal; tive; tions; narchs; nasteries; lested; tionally; desty; tion; tives,Word Fragments,Structural / Uncertain,inherited,1790-1810#66
combined,1810-1830,35,947,impartiality; acuteness; frankness; liveliness; disinterested; liberality; integrity; clearness; refin'd; energetic,"Faith, Sin and Justification","Religion, Theology & the Church",inherited,1790-1810#14
combined,1810-1830,58,257,thinkest; wouldest; said'st; sleep'st; sayst; avilt; speakest; weep'st; liv'st; giv'st,Second-Person Verb Forms,Structural / Uncertain,inherited,1790-1810#68
combined,1810-1830,10,1872,laminar; sulphatee; manganese; estner; amygdaloid; reniform; oxigen; natif; pyroxene; molybdena,Pharmacology and Remedies,"Medicine, Body & Health",inherited,1790-1810#26
combined,1810-1830,71,104,astrous; turbance; cretion; cussions; cussed; turbances; senters; tinctions; cernible; gusted,"Word Fragments, dis- Prefix Stems",Structural / Uncertain,human,
combined,1810-1830,45,543,forman; torso; domenichino; titian; annunziata; caracci; girolamo; correggio; farnese; rubens,Virtues and Excellent Qualities,Morality: Virtue & Vice,inherited,1790-1810#46
combined,1810-1830,9,1917,omnino; videtur; salutem; quos; ipsa; huic; illam; multo; volumus; deinde,Latin Religious Text,Structural / Uncertain,inherited,1790-1810#1
combined,1810-1830,41,728,tufted; scented; jasmine; poplar; cowslips; blossom'd; woodbine; flow'rets; o'erhung; fring'd,Military Campaign Narrative,Military & Warfare,inherited,1790-1810#30
combined,1810-1830,61,231,advanc; allud; secur; includ; engag; arrang; complet; suppos; provid; undertak,Truncated Word Stems,Structural / Uncertain,inherited,1790-1810#65
combined,1810-1830,59,244,mawman; darton; gracechurch; westgate; fenchurch; stockdale; simpkin; downing; westley; buhner,London Streets and Publishers,Structural / Uncertain,human,
combined,1810-1830,49,452,curriers; saddlers; hatters; ironmongery; coopers; hardware; blacksmiths; baizes; tradesmen; bakers,Combat and Action Narration,Military & Warfare,inherited,1790-1810#23
combined,1810-1830,56,277,bedeck'd; trifled; deck'd; temper'd; compatible; incompatible; inconsistent; conversant; blent; associated,Spelling Variants,Structural / Uncertain,inherited,1790-1810#55
combined,1810-1830,39,833,vetera; survaie; diodor; panegyr; epit; verm; scaliger; philostratus; guerin; ep,Mixed Verb Forms,Structural / Uncertain,inherited,1790-1810#18
combined,1810-1830,1,2807,paramithia; giardino; sandgiak; zeitoun; saffy; avlona; alicante; ooscat; capitanata; sobre,"Rivers, Seas and World Geography",Geography & Territory,inherited,1790-1810#10
combined,1810-1830,52,389,schonen; nieht; iiber; hebben; reize; heeft; wasser; vinden; schon; reizen,Verbs of Transformation,Structural / Uncertain,inherited,1790-1810#64
combined,1810-1830,81,59,laugharne; nicostratus; bedde; takings; standings; superintendance; litton; lyne; tendence; milian,Word Fragments and Miscellany,Structural / Uncertain,human,
combined,1810-1830,40,754,snipe; rabbits; parrot; squirrels; widgeon; lizards; crows; ducks; squirrel; tabby,Mixed Proper Names,Structural / Uncertain,inherited,1790-1810#39
combined,1810-1830,31,1052,bellamy; neild; ricketts; mompesson; plowden; dallas; dowton; morier; kendall; gaskell,"Proper Names, Authors and Publishers",Structural / Uncertain,inherited,1790-1810#19
combined,1810-1830,27,1152,clarions; dulcet; pealing; cymbal; warbling; whooping; roar'd; thund'ring; warbles; fiddle,"Music, Song and Melody","Literature, Drama & Poetic Diction",inherited,1790-1810#29
combined,1810-1830,23,1211,destino; accenti; forza; valli; riposo; troppo; fiamme; lontano; vicino; poiche,Miscellaneous Word Fragments,Structural / Uncertain,inherited,1790-1810#56
combined,1810-1830,25,1187,almonds; radishes; onions; sarsaparilla; stewed; ginger; molasses; celery; spinach; beets,Household Ingredients and Materials,"Domestic Life, Dress & Household",inherited,1790-1810#17
combined,1810-1830,51,422,justifica; augmenta; revela; proposi; prescrip; diminu; retalia; interpreta; assump; supposi,"Comparison, Analogy and Relation",Rhetoric & Persuasion,inherited,1790-1810#50
combined,1810-1830,53,370,summation; tinuation; centrated; necting; stituents; stituent; trive; firming; tradiction; jectured,Verbs of Separation and Withdrawal,Structural / Uncertain,inherited,1790-1810#48
combined,1810-1830,74,74,modi; fication; curiosi; socie; authori; quali; varie; diversi; securi; facul,Verbs of Exceeding and Surpassing,Structural / Uncertain,inherited,1790-1810#35
combined,1810-1830,57,258,poignantly; communi; solito; cations; modifi; sitions; efficiently; tributa; desig; impli,Anatomy and Bodily Ailments,"Medicine, Body & Health",inherited,1790-1810#9
combined,1810-1830,70,109,petually; formances; sonally; petuate; petrated; plexed; severance; vades; suasion; pendicularly,"Word Fragments, per- Prefix Stems",Structural / Uncertain,human,
combined,1810-1830,29,1089,murad; quintus; eutropius; marcus; polydamas; caius; publius; albinus; maximin; messala,Verbs of Thinking and Perceiving,Structural / Uncertain,inherited,1790-1810#47
combined,1810-1830,76,66,chipelago; guments; tillery; nold; gument; bitrary; gyle; ticle; rangement; tridges,"Word Fragments, ar- Prefix Stems",Structural / Uncertain,human,
combined,1810-1830,87,37,minia; conjec; furni; litera; expendi; entabla; frac; legisla; architec; signa,Word Fragments,Structural / Uncertain,human,
combined,1810-1830,47,501,helens; levan; neot's; botolph's; feux; germains; austle; leonards; leger; ubes,Saints' Names,"Religion, Theology & the Church",inherited,1790-1810#57
combined,1810-1830,75,69,preciate; parel; plauded; purtenances; prehensions; plicable; pendages; pearing; meredydd; plications,"Word Fragments, ap- Prefix Stems",Structural / Uncertain,inherited,1790-1810#70
combined,1810-1830,77,65,libitum; vocates; mittance; herents; miring; mirers; miralty; vancing; mired; infinitum,"Word Fragments, ad- Prefix Stems",Structural / Uncertain,inherited,1790-1810#71
combined,1810-1830,69,145,apprehen; submis; condescen; depres; suppres; conclu; aggres; admis; persua; discus,"Word Fragments, -sion Stems",Structural / Uncertain,inherited,1790-1810#67
combined,1810-1830,67,170,pensated; mittees; pliment; petitors; prehends; monalty; pliments; missary; monwealth; munications,"Word Fragments, com- Prefix Stems",Structural / Uncertain,human,
combined,1810-1830,64,206,ecution; travagance; panded; aggerated; amples; ploded; horted; amining; quisitely; cavation,"Word Fragments, com-/ex- Stems",Structural / Uncertain,inherited,1790-1810#60
combined,1810-1830,5,2395,desirit; presens; yowth; utheris; whiche; discomfist; beyng; sabinis; schalbe; schall,Family and Kinship Terms,"History, Genealogy, Nobility & Kinship",inherited,1790-1810#52
combined,1810-1830,92,16,sutor; phew; gative; cessary; vertheless; glected; cessity; ver; therlands; groes,"Word Fragments, ne- Prefix Stems",Structural / Uncertain,human,
combined,1810-1830,83,57,amelio; corpo; incorpo; commemo; vene; exagge; delibe; conside; tole; resto,Word Fragments,Structural / Uncertain,human,
combined,1810-1830,84,46,ieroe; instantiarum; wayfaring; alder; doza; ners; seafaring; hoang; uvring; uvred,Word Fragments and Miscellany,Structural / Uncertain,human,
combined,1810-1830,60,241,spectability; ceipts; storation; striction; sponsible; freshments; garding; nowned; gardless; newal,"Word Fragments, re- Prefix Stems",Structural / Uncertain,inherited,1790-1810#58
combined,1810-1830,79,60,carpen; slaugh; minates; thermome; ritory; winches; rific; manches; ritories; dorches,"Word Fragments, English Place-Name Stems",Structural / Uncertain,human,
combined,1810-1830,66,183,tector; posals; menade; phet; verbial; fessors; vence; mising; tecting; montories,"Word Fragments, pro- Prefix Stems",Structural / Uncertain,human,
combined,1810-1830,55,328,braw; anither; mither; luve; amang; gae; wrang; laddie; gudeman; cauld,Latin Ecclesiastical Text,Structural / Uncertain,inherited,1790-1810#51
combined,1810-1830,73,96,cipitate; tensions; cincts; paratory; decessors; cisely; ferable; decessor; rogative; cipitated,"Entreaty, Necessity and Endeavor",Rhetoric & Persuasion,inherited,1790-1810#54
combined,1810-1830,33,1005,lyndesay; troit; caloris; rivage; monsr; spatched; l'armee; urbib; signated; conserver,Royal and Noble Names,"History, Genealogy, Nobility & Kinship",inherited,1790-1810#37
combined,1810-1830,80,60,commodated; knowledging; companying; knowledgment; complish; complishment; ceptable; ceptance; quiesce; cumulation,"Word Fragments, ac- Prefix Stems",Structural / Uncertain,human,
combined,1810-1830,72,99,terprise; tertaining; campment; gagement; tertained; joyments; virons; deavouring; tertainment; thusiasm,"Word Fragments, en- Prefix Stems",Structural / Uncertain,inherited,1790-1810#69
combined,1810-1830,38,887,castanea; sylvatica; fagus; geum; occidentalis; juniperus; cinerea; rubrum; canadensis; cranberry,Latin Text,Structural / Uncertain,inherited,1790-1810#34
combined,1810-1830,86,41,bany; giers; derman; ternative; ternately; legiance; dermen; teration; luvial; luded,"Word Fragments, al- Prefix Stems",Structural / Uncertain,human,
combined,1810-1830,88,34,ployments; ployers; ploying; bellished; ploys; pires; ployment; ploy; phatically; perors,"Word Fragments, em- Prefix Stems",Structural / Uncertain,human,
combined,1810-1830,19,1376,caernarvonsh; grimshaw; denbighsh; hayton; seafield; aveland; llandovery; foston; brimstrey; cardigansh,Chivalric Romance Narration,"Literature, Drama & Poetic Diction",inherited,1790-1810#63
combined,1810-1830,82,59,drid; nagement; nufactures; naged; gazine; chinery; nufactory; sonry; nuscript; jority,"Word Fragments, ma- Prefix Stems",Structural / Uncertain,human,
combined,1810-1830,26,1162,tenta; tenuis; humanis; aeris; velit; cursu; latus; sedem; concessit; interdum,Latin Grammar Instruction,"Books, Learning & Scholarship",inherited,1790-1810#45
combined,1810-1830,85,45,suscepti; remarka; amia; valua; favoura; respecta; reasona; agreea; misera; honoura,"Word Fragments, -able Adjective Stems",Structural / Uncertain,human,
combined,1810-1830,89,29,tigue; tigued; shion; miliar; cosa; tigues; ther's; milies; cility; vourite,"Word Fragments, fa- Prefix Stems",Structural / Uncertain,human,
combined,1810-1830,93,13,phocenses; nicus; nomena; nices; nician; nicia; drus; dra; nomenon; nix,Word Fragments,Structural / Uncertain,human,
combined,1810-1830,78,63,tholic; nada; pacity; tholics; thedral; valry; tastrophe; binet; therine; pital,"Word Fragments, ca- Prefix Stems",Structural / Uncertain,human,
combined,1810-1830,2,2716,beauvoir; winnebagoes; soutenir; effets; bataillons; tercera; ballivos; tupper; howarth; taverner,Miscellaneous Narrative Fragments,Structural / Uncertain,inherited,1790-1810#0
combined,1810-1830,91,27,warrantable; dertaken; doubtedly; dertook; dertake; questionably; principled; derstood; dergo; avoidable,Worldly Vice and Temptation,Morality: Virtue & Vice,inherited,1790-1810#33
combined,1810-1830,90,29,illustri; obvi; numer; labori; industri; errone; vari; glori; contigu; seri,"Word Fragments, -ous Adjective Stems",Structural / Uncertain,human,
combined,1810-1830,44,557,basta; entier; e'est; nouveaux; supremo; viennent; discorde; derniere; puma; biens,"Grief, Sorrow and Lamentation","Literature, Drama & Poetic Diction",inherited,1790-1810#32
combined,1830-1850,50,685,semaines; eighths; reals; guilders; skillings; annas; roubles; cwts; quintals; martlets,Verbs of Remaining and Enduring,Structural / Uncertain,inherited,1810-1830#46
combined,1830-1850,64,216,healthier; handsomer; whiter; prettier; lovelier; sharper; sadder; fleeter; swifter; sweeter,Praise and Worship,"Religion, Theology & the Church",inherited,1810-1830#65
combined,1830-1850,38,1185,unjustifiably; lemnly; comprehensively; mently; cruelly; affectingly; judiciously; shamefully; basely; nicely,"Wrongdoing, Fraud and Harm",Morality: Virtue & Vice,inherited,1810-1830#11
combined,1830-1850,9,2265,reprehensible; vindictive; licentious; brutal; bigoted; heartless; unaccountable; immoral; intolerant; atrocious,"Faith, Sin and Justification","Religion, Theology & the Church",inherited,1810-1830#35
combined,1830-1850,54,465,dorothy; radulphi; burdon; vxor; darnton; relict; frances; armigeri; maij; richardi,Family and Kinship Terms,"History, Genealogy, Nobility & Kinship",inherited,1810-1830#48
combined,1830-1850,7,2693,countenanced; counteracted; stung; misled; weakened; deported; influenced; depriving; betakes; enforcing,"Battle Outcomes, Past Participles",Military & Warfare,inherited,1810-1830#4
combined,1830-1850,66,195,southwest; northeastern; eastward; ogyg; northwestern; westward; twentieth; eighteenth; sixteenth; eleventh,"Word Fragments, al- Prefix Stems",Structural / Uncertain,inherited,1810-1830#86
combined,1830-1850,3,2946,voute; laisse; l'honneur; firent; paraitre; encor; venger; endroits; couvert; octobre,Prayer and Devotional Practice,"Religion, Theology & the Church",inherited,1810-1830#22
combined,1830-1850,40,1079,lancers; mainsail; bowsprit; jib; regulars; astern; yagers; schooner; grenadiers; freebooters,"Biblical Genealogies, Old Testament","Religion, Theology & the Church",inherited,1810-1830#36
combined,1830-1850,59,296,harbottle; humphry; avalter; nathan; bevil; bobert; tatton; amias; donkin; guyon,Roman Numerals,Structural / Uncertain,inherited,1810-1830#54
combined,1830-1850,13,2005,micaceous; epidote; siliceous; quartzose; calcium; chlorite; concretions; actynolite; crystallized; limestones,Pharmacology and Remedies,"Medicine, Body & Health",inherited,1810-1830#10
combined,1830-1850,6,2755,hypotheses; developement; tendencies; concession; absurdities; reasonings; enforcement; assertions; anguish; softness,"Leisure, Games and Entertainment","Domestic Life, Dress & Household",inherited,1810-1830#6
combined,1830-1850,44,822,pelasgians; huns; cimbri; belg; goths; umbrians; mohammedan; silures; scythian; tatars,"Parliament, Estates and Nobility","Government, Law & Administration",inherited,1810-1830#30
combined,1830-1850,33,1409,cornices; bosses; pilasters; semicircular; pannels; carvings; vases; cupola; corbels; cornice,Buildings and Domestic Spaces,"Domestic Life, Dress & Household",inherited,1810-1830#28
combined,1830-1850,52,500,ironmonger; knave; druggist; currier; coward; plumber; fiddler; rogue; victualler; grocer,Welsh Text,Structural / Uncertain,inherited,1810-1830#50
combined,1830-1850,12,2031,forfeitures; assessors; treasurers; bailiffs; custos; receipts; payments; fines; hereditaments; dividends,Constitutional and Political Authority,"Government, Law & Administration",inherited,1810-1830#13
combined,1830-1850,20,1824,coanza; cuyahoga; camaroens; kaskaskias; tolland; richland; erymanthus; merrimaek; fairfield; lycoming,Geometry and Diagram Terminology,"Science, Mathematics & Natural Philosophy",inherited,1810-1830#24
combined,1830-1850,4,2858,newmarch; adcock; whiteman; dennison; cuthbertson; junr; collyer; watkins; cheeseman; cropley,English Nobility and Earldoms,"History, Genealogy, Nobility & Kinship",inherited,1810-1830#3
combined,1830-1850,0,3691,fever'd; with'ring; vengeful; darkling; glist'ning; flapp'd; quivering; tortur'd; sadden'd; threat'ning,Contracted Verb Forms,Structural / Uncertain,inherited,1810-1830#0
combined,1830-1850,49,691,niece; eleanor; spouse; philippa; compatriots; schoolfellows; paramour; wife; eadburga; entertainer,"Scripture, Doctrine and Preaching","Religion, Theology & the Church",inherited,1810-1830#42
combined,1830-1850,30,1563,abridg; accompani; deride; impedi; embank; deny; constrain; despise; condemn; subdue,Infinitive Verb Forms,Structural / Uncertain,inherited,1810-1830#18
combined,1830-1850,26,1674,manilius; callimachus; bactriana; porcius; ethelbald; valerius; justinus; hophra; stephanus; dardanus,Verbs of Thinking and Perceiving,Structural / Uncertain,inherited,1810-1830#29
combined,1830-1850,24,1768,jonnie; wilbye; weel; zaid; phemie; canny; mammy; susan; cicely; nanny,Latin Poetic Text,Structural / Uncertain,inherited,1810-1830#17
combined,1830-1850,27,1614,odorous; ilex; jessamine; arbutus; wreathed; shrubby; dewy; myrtles; tufted; o'erspread,Military Campaign Narrative,Military & Warfare,inherited,1810-1830#41
combined,1830-1850,15,1977,euripides; chaldaic; lyric; ethics; metaphysical; lexicon; mathe; ethical; satirical; watts's,Learned Professions and Sects,"Books, Learning & Scholarship",inherited,1810-1830#8
combined,1830-1850,11,2083,bormio; linth; bursa; miraflores; orsieres; nordhausen; neuwied; zacatin; interlachen; kaiserstuhl,"Salvation, Merit and Virtue","Religion, Theology & the Church",inherited,1810-1830#15
combined,1830-1850,17,1848,shoved; flings; darted; whirling; ttg; dashes; conjures; scrambled; leaped; degenerates,Base-Form Verbs,Structural / Uncertain,inherited,1810-1830#16
combined,1830-1850,16,1941,brocade; satin; perles; slashed; quilted; leggings; scarfs; tassels; nails; casque,Weapons and Battle Gear,Military & Warfare,inherited,1810-1830#14
combined,1830-1850,14,1988,manzanillo; astrabad; arbe; hacha; grenadines; piana; dassen; belmonte; pembrey; agios,"Rivers, Seas and World Geography",Geography & Territory,inherited,1810-1830#1
combined,1830-1850,29,1563,sunnites; perjury; impiety; frauds; fanati; intolerance; wilful; malevolence; selfishness; hypocrisy,Dutch and German Text,Structural / Uncertain,inherited,1810-1830#34
combined,1830-1850,36,1386,cxxxvi; cxlix; folcland; morell; paneg; euseb; diog; axx; fiiv; meurs,Mixed Verb Forms,Structural / Uncertain,inherited,1810-1830#39
combined,1830-1850,56,453,embued; animosities; feuds; endow'd; dissensions; fill'd; tumults; contentions; mix'd; collisions,Spelling Variants,Structural / Uncertain,inherited,1810-1830#56
combined,1830-1850,63,238,timocr; benisouef; mayville; subjectum; monreale; con; verel; miscon; circu; calcu,Word Fragments,Structural / Uncertain,inherited,1810-1830#63
combined,1830-1850,10,2159,kg; ovx; gp; iariv; virb; qh; roig; jh; vb; tlvai,Latin Arithmetic Text,"Science, Mathematics & Natural Philosophy",inherited,1810-1830#20
combined,1830-1850,37,1359,cineas; elisondo; bergerac; clauzel; churubusco; porsenna; torgau; otaki; houcheon; eylau,Word Fragments,Structural / Uncertain,inherited,1810-1830#87
combined,1830-1850,1,3239,certamine; temporibus; dicit; etsi; discrimen; essent; conventui; fuisse; omnem; facta,Latin Religious Text,Structural / Uncertain,inherited,1810-1830#9
combined,1830-1850,5,2847,brookhouse; brogden; womersley; swillington; fishlake; oulton; ramsbottom; swinefleet; penistone; arncliffe,Humoral Medicine and Diet,"Medicine, Body & Health",inherited,1810-1830#7
combined,1830-1850,61,247,pitsligo; mdcccxxx; mdcccxxxvi; mdcccxli; airlie; broomhill; mdcccxxxv; varty; hesket; hartfell,London Streets and Publishers,Structural / Uncertain,inherited,1810-1830#59
combined,1830-1850,69,161,tives; lept; poleon; tive; tion; tionality; tional; vigable; ture's; tionally,Word Fragments,Structural / Uncertain,inherited,1810-1830#68
combined,1830-1850,22,1798,betray'd; adores; spurn'd; smil'd; sigh'd; watch'd; vow'd; awakes; allures; hates,Third-Person -eth Verb Forms,Structural / Uncertain,inherited,1810-1830#12
combined,1830-1850,32,1418,salahieh; ghaleb; taimur; abdul; rechid; ismael; fatteh; cuernavaca; mobarik; ferozpoor,Verbs of Transformation and Infusion,Structural / Uncertain,inherited,1810-1830#62
combined,1830-1850,43,837,eddlestone; durness; lochgilphead; lochalsh; lesmahagow; cambuslang; banchory; libberton; kirkcaldy; kirkcudbright,Chivalric Romance Narration,"Literature, Drama & Poetic Diction",inherited,1810-1830#19
combined,1830-1850,79,99,winches; manches; ritories; dorches; diame; glouces; lancas; restrial; minates; worces,"Word Fragments, English Place-Name Stems",Structural / Uncertain,inherited,1810-1830#79
combined,1830-1850,58,317,commenc; prepar; preserv; advanc; conclud; resid; believ; requir; describ; uninterest,Truncated Word Stems,Structural / Uncertain,inherited,1810-1830#61
combined,1830-1850,48,705,joiners; dyers; hairdressrs; turners; cutlery; blacksmiths; woollens; plumbers; shoemakers; bakers,Combat and Action Narration,Military & Warfare,inherited,1810-1830#49
combined,1830-1850,81,81,narchs; narch; narchy; desty; nopoly; nastery; numents; notony; tionless; nument,"Word Fragments, fa- Prefix Stems",Structural / Uncertain,inherited,1810-1830#89
combined,1830-1850,21,1815,cockerell; pegge; morier; coolidge; finlayson; gwilt; bartley; finlay; petrie; paulding,"Proper Names, Authors and Publishers",Structural / Uncertain,inherited,1810-1830#31
combined,1830-1850,41,1046,lanius; bustards; barbel; cristata; turdus; herons; skunk; bitterns; parrots; roach,Mixed Proper Names,Structural / Uncertain,inherited,1810-1830#40
combined,1830-1850,71,140,rememberest; speak'st; thinkest; speakest; doest; seekest; sawest; think'st; said'st; weepest,Second-Person Verb Forms,Structural / Uncertain,inherited,1810-1830#58
combined,1830-1850,55,458,scrofula; dysenteries; visceral; rheumatism; chronic; dysentery; dropsy; dyspepsia; catarrhs; lential,"Christ, Virgin and Trinity Devotion","Religion, Theology & the Church",inherited,1810-1830#21
combined,1830-1850,72,139,kaubul; muskau; machanidas; surveillance; superintendance; thurn; casemates; takings; ziska; panghulu,Word Fragments and Miscellany,Structural / Uncertain,inherited,1810-1830#81
combined,1830-1850,35,1389,thund'ring; dulcet; hoarse; trill; deafening; warbling; squeaking; thunder's; bellowing; chaffinch,"Music, Song and Melody","Literature, Drama & Poetic Diction",inherited,1810-1830#27
combined,1830-1850,34,1400,personas; medios; diez; verso; tienen; allora; aparatos; destino; cual; queste,Miscellaneous Word Fragments,Structural / Uncertain,inherited,1810-1830#23
combined,1830-1850,18,1839,thapsus; sakhara; saghalien; agrafa; minieh; pheneus; corinthia; seger; edfou; babi,Virtues and Excellent Qualities,Morality: Virtue & Vice,inherited,1810-1830#45
combined,1830-1850,62,240,preying; gaz'd; pounced; gazes; doats; commenting; relying; commented; animadverted; pounce,Latin Ecclesiastical Text,Structural / Uncertain,inherited,1810-1830#55
combined,1830-1850,47,708,conus; depressa; variabilis; tenuis; terebra; pholadomya; sanguinolaria; giganteum; barbatus; dentalium,Latin Text,Structural / Uncertain,inherited,1810-1830#38
combined,1830-1850,23,1769,sinapis; nigrum; gnaphalium; turmeric; cashew; lycopodium; panicum; laurus; virginiana; stewed,Household Ingredients and Materials,"Domestic Life, Dress & Household",inherited,1810-1830#25
combined,1830-1850,74,134,parquet; tyrannis; peculiari; universi; necessi; authori; locali; facul; curiosi; antiqui,Verbs of Exceeding and Surpassing,Structural / Uncertain,inherited,1810-1830#74
combined,1830-1850,100,15,wtith; witu; aaith; yvith; avith; aa'ith; wilh; wiih; wdth; ivith,Spelling Variants of 'With',Structural / Uncertain,human,
combined,1830-1850,28,1565,laissait; nolre; l'orme; cristo; cisive; celebres; prive; excidio; monstration; cuivre,Royal and Noble Names,"History, Genealogy, Nobility & Kinship",inherited,1810-1830#33
combined,1830-1850,53,480,temptuously; ventual; fiscated; temptuous; lentes; figuration; formable; sultation; tradiction; stituents,Verbs of Separation and Withdrawal,Structural / Uncertain,inherited,1810-1830#53
combined,1830-1850,45,804,tagonist; erde; noying; orangeman; thony; tique; pratis; octogenarian; nouncement; artilleryman,Herbal and Animal Remedies,"Medicine, Body & Health",inherited,1810-1830#43
combined,1830-1850,46,717,austell; hilaire; palamos; helens; trinite; sauveur; columb; kitt's; cyr; florence's,Saints' Names,"Religion, Theology & the Church",inherited,1810-1830#47
combined,1830-1850,77,109,plexed; forated; suasion; sonages; petuate; manently; suasions; formances; petually; petrated,"Word Fragments, per- Prefix Stems",Structural / Uncertain,inherited,1810-1830#70
combined,1830-1850,98,20,sellor; trymen; tess; teract; tenanced; sellors; cils; cillors; tryman; try's,"Word Fragments, coun- Prefix Stems",Structural / Uncertain,human,
combined,1830-1850,97,24,lestine; tronage; triotism; rish; triarch; triotic; tient; tience; rishes; rallel,"Word Fragments, pa- Prefix Stems",Structural / Uncertain,human,
combined,1830-1850,65,199,communi; lumbus; lony; lumn; lonies; lonial; lonel; lumbia; eval; modifi,Anatomy and Bodily Ailments,"Medicine, Body & Health",inherited,1810-1830#57
combined,1830-1850,25,1754,gode; frende; wylle; seye; bothe; johne; teres; feir; bryght; schuld,Family and Kinship Terms,"History, Genealogy, Nobility & Kinship",inherited,1810-1830#5
combined,1830-1850,67,192,pleting; batants; placency; mentators; prehends; piler; munes; missary; bining; memoration,"Word Fragments, com- Prefix Stems",Structural / Uncertain,inherited,1810-1830#67
combined,1830-1850,68,163,persua; aggres; omis; depres; profu; delu; seclu; admis; conces; transgres,"Word Fragments, -sion Stems",Structural / Uncertain,inherited,1810-1830#69
combined,1830-1850,39,1177,sperj; poefie; beiben; siebe; roenn; fcf; mitte; nidit; ganzen; trug,Verbs of Transformation,Structural / Uncertain,inherited,1810-1830#52
combined,1830-1850,51,556,usurpa; repara; correc; interposi; recommenda; rejec; afflic; abstrac; consumma; selec,"Comparison, Analogy and Relation",Rhetoric & Persuasion,inherited,1810-1830#51
combined,1830-1850,80,82,quis; riages; bary; riage; rying; penters; northamp; thage; tren; thaginians,Word Fragments,Structural / Uncertain,inherited,1810-1830#93
combined,1830-1850,92,42,wouter; couver; diemen; buren; twiller; courtland; sulli; schaick; schenck; jacobus,"Dutch Colonial Names, New Amsterdam","History, Genealogy, Nobility & Kinship",human,
combined,1830-1850,57,416,prietary; cedure; testantism; gressively; cavation; verbial; pansion; syllogismi; montories; travagance,"Word Fragments, com-/ex- Stems",Structural / Uncertain,inherited,1810-1830#64
combined,1830-1850,42,872,thynne; buckhurst; wharncliffe; broghill; lynedoch; ellenborough; infantado; salop; braybrooke; grantham,Legal Writs and Property Law,"Government, Law & Administration",inherited,1810-1830#37
combined,1830-1850,85,65,confede; evapo; commemo; corpo; remune; corrobo; exagge; enume; delibe; dange,Word Fragments,Structural / Uncertain,inherited,1810-1830#83
combined,1830-1850,60,253,instated; sponsibility; luctant; storation; spectively; membering; verend; ceipts; joiced; gulations,"Word Fragments, re- Prefix Stems",Structural / Uncertain,inherited,1810-1830#60
combined,1830-1850,78,103,turbing; seminated; turb; cernible; persion; gusted; senters; cretion; bursements; turbance,"Word Fragments, dis- Prefix Stems",Structural / Uncertain,inherited,1810-1830#71
combined,1830-1850,94,31,darin; ufacturing; uvering; uvring; mahee; darins; mussul; wayfaring; uvred; ners,Word Fragments and Miscellany,Structural / Uncertain,inherited,1810-1830#84
combined,1830-1850,82,72,moines; vaches; cription; corbeau; truction; troyed; titute; tined; potism; tination,Word Fragments and French Text,Structural / Uncertain,human,
combined,1830-1850,76,122,larged; thusiastic; terprise; tertainment; campment; dangered; livened; gagement; revanche; joyment,"Word Fragments, en- Prefix Stems",Structural / Uncertain,inherited,1810-1830#72
combined,1830-1850,75,127,liminaries; bendary; cursor; decessor; ferable; cedence; cipitate; cedents; liminary; dominate,"Entreaty, Necessity and Endeavor",Rhetoric & Persuasion,inherited,1810-1830#73
combined,1830-1850,87,58,libitum; vocates; infinitum; vancement; justed; journment; mired; venturers; vancing; miring,"Word Fragments, ad- Prefix Stems",Structural / Uncertain,inherited,1810-1830#77
combined,1830-1850,90,56,cumulated; complishment; complishments; quiesced; knowledging; knowledges; quaintances; cusation; companying; complishing,"Word Fragments, ac- Prefix Stems",Structural / Uncertain,inherited,1810-1830#80
combined,1830-1850,84,66,proval; plause; purtenances; prehensions; pearances; pendage; savent; peased; propriations; plauded,"Word Fragments, ap- Prefix Stems",Structural / Uncertain,inherited,1810-1830#75
combined,1830-1850,93,40,ploying; barrassing; bankments; ploy; ployments; peror's; ployers; bellished; bankment; barrassments,"Word Fragments, em- Prefix Stems",Structural / Uncertain,inherited,1810-1830#88
combined,1830-1850,70,144,granja; riccia; guayra; poile; fontaine; motte; reole; bourdonnais; perouse; nereide,"Word Fragments, -ous Adjective Stems",Structural / Uncertain,inherited,1810-1830#90
combined,1830-1850,95,30,rolina; pua; valry; binet; verns; reer; mohr; tholics; tholic; thedral,"Word Fragments, ca- Prefix Stems",Structural / Uncertain,inherited,1810-1830#78
combined,1830-1850,89,56,innumera; accessi; remarka; desira; favora; practica; indispensa; horri; misera; honoura,"Word Fragments, -able Adjective Stems",Structural / Uncertain,inherited,1810-1830#85
combined,1830-1850,91,47,vinus; stices; ruptions; preters; vening; spersed; sected; ested; sica; preter,"Word Fragments, pro- Prefix Stems",Structural / Uncertain,inherited,1810-1830#66
combined,1830-1850,83,69,traduit; exemple; allel; liaments; liamentary; tridges; guments; menians; menia; tisans,"Word Fragments, ar- Prefix Stems",Structural / Uncertain,inherited,1810-1830#76
combined,1830-1850,88,58,nuscripts; nufactured; naged; jestic; dras; hometan; sonry; hometans; gistrates; rines,"Word Fragments, ma- Prefix Stems",Structural / Uncertain,inherited,1810-1830#82
combined,1830-1850,99,16,saurais; vertheless; phew; groes; gotiations; therlands; glected; cessary; cessaries; glect,"Word Fragments, ne- Prefix Stems",Structural / Uncertain,inherited,1810-1830#92
combined,1830-1850,19,1837,proximum; boriali; millibus; summam; monstra; hannibali; majestate; missum; habentes; egregium,Latin Grammar Instruction,"Books, Learning & Scholarship",inherited,1810-1830#26
combined,1830-1850,31,1522,fallowfield; bagley; barratt; allgood; greenside; knightley; haslam; holbrooke; kempton; brocklebank,Place Names and Geographic Terms,Geography & Territory,inherited,1810-1830#32
combined,1830-1850,96,25,naturel; gustus; gustin; tumn; thenticity; thors; thorized; thorities; thentic; thorize,"Word Fragments, au- Prefix Stems",Structural / Uncertain,human,
combined,1830-1850,73,135,ennerdale; kinnaird's; eskdale; dargle; ferrato; malin; bowness; rydall; keswick; chebucto,Worldly Vice and Temptation,Morality: Virtue & Vice,inherited,1810-1830#91
combined,1830-1850,101,14,commercio; paco; caes; torna; praca; minion; cument; minions; mestics; cohabit,Word Fragments and Miscellany,Structural / Uncertain,human,
combined,1830-1850,2,3057,conduite; hijo; reyne; reynos; dicendo; accepimus; contenu; arete; theologie; siens,"Grief, Sorrow and Lamentation","Literature, Drama & Poetic Diction",inherited,1810-1830#44
combined,1830-1850,8,2398,matrosses; torem; etde; hapai; conclure; adeoque; ingston; meyn; danses; mystere,Miscellaneous Narrative Fragments,Structural / Uncertain,inherited,1810-1830#2
combined,1830-1850,86,59,marlb; longdon; mecattina; chesterford; vyas; peard; dathy; brickhill; casterton; salkeld,Mixed Place and Proper Names,Structural / Uncertain,human,
combined,1850-1870,12,3040,peevishly; lucy; ellen; kitty; curtly; sententiously; laura; slillicent; jessie; christine,"Wrongdoing, Fraud and Harm",Morality: Virtue & Vice,inherited,1830-1850#38
combined,1850-1870,63,348,smarter; cleverer; tougher; straighter; duller; fresher; wickeder; bitterer; thicker; stouter,Praise and Worship,"Religion, Theology & the Church",inherited,1830-1850#64
combined,1850-1870,47,1001,eighths; sixteenths; zucchero; shdlings; shiuings; reals; kreutzers; deckers; sevenths; sixths,Verbs of Remaining and Enduring,Structural / Uncertain,inherited,1830-1850#50
combined,1850-1870,35,1579,warbling; tuneful; yells; yelling; linnet; dulcet; song; chirping; yelping; warbled,"Music, Song and Melody","Literature, Drama & Poetic Diction",inherited,1830-1850#35
combined,1850-1870,11,3148,unamiable; unprincipled; reprehensible; flippant; inhuman; illiberal; depraved; unjustifiable; excitable; overbearing,"Faith, Sin and Justification","Religion, Theology & the Church",inherited,1830-1850#9
combined,1850-1870,9,3235,sherwin; scholefield; betts; willard; haigh; dodgson; bellamy; m'millan; atkin; earlsheaton,English Nobility and Earldoms,"History, Genealogy, Nobility & Kinship",inherited,1830-1850#4
combined,1850-1870,2,4262,teases; betaking; reseated; bestirred; hates; condemns; enforcing; reseating; snubbed; denies,"Battle Outcomes, Past Participles",Military & Warfare,inherited,1830-1850#7
combined,1850-1870,58,516,fetes; concerts; casino; eucharist; entertainments; cth; sth; nth; cafes; gth,Family and Kinship Terms,"History, Genealogy, Nobility & Kinship",inherited,1830-1850#54
combined,1850-1870,30,1764,blackguard; vagabonds; rascal; cordwainer; villain; puppy; scamp; rogues; fool; cousin,"Scripture, Doctrine and Preaching","Religion, Theology & the Church",inherited,1830-1850#49
combined,1850-1870,36,1577,veil'd; glow'd; resplendent; creamy; sunset's; rainbow's; glistening; roseate; dewy; greyish,"Christ, Virgin and Trinity Devotion","Religion, Theology & the Church",inherited,1830-1850#55
combined,1850-1870,29,1807,befriend; emolu; predica; mismanage; annihilate; impedi; accompani; undeceive; think; deport,Infinitive Verb Forms,Structural / Uncertain,inherited,1830-1850#30
combined,1850-1870,33,1720,cornices; pilasters; groining; mosaics; cornice; rafters; jambs; niches; porticoes; friezes,Buildings and Domestic Spaces,"Domestic Life, Dress & Household",inherited,1830-1850#33
combined,1850-1870,67,295,drouyn; l'abbe; jules; gueret; d'arblay; capefigue; letronne; emile; dacier; cenas,Word Fragments and Miscellany,Structural / Uncertain,inherited,1830-1850#94
combined,1850-1870,40,1296,crawfordsville; elkhart; allegan; ozaukee; penniman; painesville; wapello; tallahatchie; shiawassee; greenville,Geometry and Diagram Terminology,"Science, Mathematics & Natural Philosophy",inherited,1830-1850#20
combined,1850-1870,24,2109,trachyte; transversely; diorite; ovate; trachytic; laminated; pentagonal; cherty; dorsal; quartzite,Pharmacology and Remedies,"Medicine, Body & Health",inherited,1830-1850#13
combined,1850-1870,14,2940,patronages; payments; escheators; treasurers; receipts; annuities; assessors; copyhold; llandaff; loans,Constitutional and Political Authority,"Government, Law & Administration",inherited,1830-1850#12
combined,1850-1870,44,1155,continente; sqq; kateef; publ; coulomb; polyb; odyss; pausan; zonaras; leob,Mixed Verb Forms,Structural / Uncertain,inherited,1830-1850#36
combined,1850-1870,45,1083,foamy; billowy; surging; surge; rippling; beetling; billow; gullies; craggy; watercourses,Mixed Place and Proper Names,Structural / Uncertain,inherited,1830-1850#86
combined,1850-1870,38,1448,mahanuddy; kolima; linth; irrawady; karun; mokau; ucayale; savus; soormah; crathis,Chivalric Romance Narration,"Literature, Drama & Poetic Diction",inherited,1830-1850#43
combined,1850-1870,32,1735,secessionville; fuentes; idstedt; wittgenstein; sentinum; coldwater; d'hilliers; rosecrans; longstreet's; ipsus,Word Fragments,Structural / Uncertain,inherited,1830-1850#37
combined,1850-1870,61,420,hedworth; hildebrande; jeffery; galahad; wuuam; foppington; bouchier; coheir; knt; hildebrand,Roman Numerals,Structural / Uncertain,inherited,1830-1850#59
combined,1850-1870,59,442,fringed; tampered; encrusted; imbued; tinctured; tamper; intermingled; encompassed; sympathised; sympathized,Spelling Variants,Structural / Uncertain,inherited,1830-1850#56
combined,1850-1870,7,3381,mannert; antiq; chronicon; historica; technology; alexandrinus; monumenta; lycophron; sanscrit; plutarch,Learned Professions and Sects,"Books, Learning & Scholarship",inherited,1830-1850#15
combined,1850-1870,10,3200,paranagua; kavarna; cochinos; chaonia; lagosta; formentera; blaskets; jask; linosa; dassen,"Rivers, Seas and World Geography",Geography & Territory,inherited,1830-1850#14
combined,1850-1870,72,235,bros; lumbia; lonial; savill; lumbus; stbeet; mdcccl; lumns; tooks; lonies,Anatomy and Bodily Ailments,"Medicine, Body & Health",inherited,1830-1850#65
combined,1850-1870,22,2269,mewed; scampered; trotted; puued; jerked; flings; screwed; cooped; shoved; cantered,Base-Form Verbs,Structural / Uncertain,inherited,1830-1850#17
combined,1850-1870,27,1937,codomanus; gallienus; metellus; ninus; scipio; maximus; asinius; schulenburg; ethelbald; epiphanes,Verbs of Thinking and Perceiving,Structural / Uncertain,inherited,1830-1850#26
combined,1850-1870,46,1067,pawlet; rosse; yarborough; gormanstown; dalhousie; ashburton; monteagle; lyndhurst; wiuoughby; arundell,Legal Writs and Property Law,"Government, Law & Administration",inherited,1830-1850#42
combined,1850-1870,18,2753,leggings; sdk; frilled; crapes; tights; serges; pantaloons; quilted; haberdashery; tassels,Weapons and Battle Gear,Military & Warfare,inherited,1830-1850#16
combined,1850-1870,82,156,ehin; bressuire; boddam; courtown; torwood; paneas; parthenay; nuddy; ronco; parell,Mixed Place Names and Fragments,Structural / Uncertain,human,
combined,1850-1870,23,2261,vogogna; sciarra; jazi; fornarina; grosseto; ferrata; degli; chiquimula; legnago; meyringen,"Salvation, Merit and Virtue","Religion, Theology & the Church",inherited,1830-1850#11
combined,1850-1870,3,4225,scrofula; perjury; baseness; hypocrisy; levity; enormities; syphilis; sensuality; usurpations; pneumonia,"Leisure, Games and Entertainment","Domestic Life, Dress & Household",inherited,1830-1850#6
combined,1850-1870,31,1764,celto; annamooka; waialua; belg; visigoths; sclavonians; bulgarians; sarmatians; dankali; ottawas,"Parliament, Estates and Nobility","Government, Law & Administration",inherited,1830-1850#44
combined,1850-1870,26,1994,noo; hev; oot; aboot; vy; dae; boh; fayther; loike; gae,Latin Poetic Text,Structural / Uncertain,inherited,1830-1850#24
combined,1850-1870,19,2702,sorrow's; tempest's; tyrant's; spirit's; britannia's; ev'n; charm'd; sappho; redeem'd; rush'd,Contracted Verb Forms,Structural / Uncertain,inherited,1830-1850#0
combined,1850-1870,60,429,miscon; gesticu; circu; expostu; confis; vindi; con; calcu; annihi; suffo,Word Fragments,Structural / Uncertain,inherited,1830-1850#63
combined,1850-1870,48,983,tufted; juniper; tamarind; eglantine; hackberry; tamarisk; flow'rs; jasmine; sprays; cactus,Military Campaign Narrative,Military & Warfare,inherited,1830-1850#27
combined,1850-1870,0,4692,reepham; lochee; enzie; halbeath; clarkston; haulgh; elsenham; tuxford; alness; crathie,Humoral Medicine and Diet,"Medicine, Body & Health",inherited,1830-1850#5
combined,1850-1870,65,326,tionally; tive; tioner; tion; tionable; tiveness; admix; judica; aper; minia,Word Fragments,Structural / Uncertain,inherited,1830-1850#69
combined,1850-1870,34,1718,gmelinite; dioptase; diopside; melanite; wavellite; ilmenau; tetradymite; lievrite; prehnite; lithomarge,Third-Person -eth Verb Forms,Structural / Uncertain,inherited,1830-1850#22
combined,1850-1870,6,3818,choisis; cappadoce; suivre; l'honneur; ptolemee; poetes; retranchements; siecles; inutile; appeler,Prayer and Devotional Practice,"Religion, Theology & the Church",inherited,1830-1850#3
combined,1850-1870,53,741,dogmas; monarchical; absolutism; dogma; religion; expounder; arian; tenets; unitarian; materialism,Dutch and German Text,Structural / Uncertain,inherited,1830-1850#29
combined,1850-1870,5,3996,predictum; scilicet; habeant; illam; poterat; singula; quibus; litteris; cvm; tenentibus,Latin Religious Text,Structural / Uncertain,inherited,1830-1850#1
combined,1850-1870,28,1861,yucca; sausages; esculentum; onions; stewed; saleratus; linseed; fried; treacle; cloves,Household Ingredients and Materials,"Domestic Life, Dress & Household",inherited,1830-1850#23
combined,1850-1870,89,111,dertaken; mistakable; dertaking; speakable; deniable; derwood; questionably; dertake; dergo; doubtedly,"Word Fragments, un-/under- Stems",Structural / Uncertain,human,
combined,1850-1870,42,1198,lizards; squirrels; raccoons; tusked; herons; bison; hyena; antelopes; antelope; buffaloes,Mixed Proper Names,Structural / Uncertain,inherited,1830-1850#41
combined,1850-1870,54,665,laura's; lucy's; ellen's; clara's; alice's; annie's; fanny's; frank's; susan's; evelyn's,London Streets and Publishers,Structural / Uncertain,inherited,1830-1850#61
combined,1850-1870,49,868,hatters; shoemakers; tinsmiths; machinists; bakers; tailors; wheelwrights; drays; haberdashers; seamstresses,Combat and Action Narration,Military & Warfare,inherited,1830-1850#48
combined,1850-1870,81,159,orld; hile; ater; hrend; eak; aters; ords; alk; ife; eek,Spelling Variants of 'With',Structural / Uncertain,inherited,1830-1850#100
combined,1850-1870,25,2048,secondo; essere; mejor; onde; e'l; cual; avete; lettera; questi; tratado,Miscellaneous Word Fragments,Structural / Uncertain,inherited,1830-1850#34
combined,1850-1870,56,555,bowsprit; schooners; boats; rudder; pinnace; brigs; jib; towing; sloops; towed,"Biblical Genealogies, Old Testament","Religion, Theology & the Church",inherited,1830-1850#40
combined,1850-1870,62,374,perceiv; suppos; diverg; relat; describ; fascinat; escap; divid; assum; remov,Truncated Word Stems,Structural / Uncertain,inherited,1830-1850#58
combined,1850-1870,77,178,numents; narch; desty; nument; notonous; hammedan; nastery; mentarily; nopoly; narchy,"Word Fragments, fa- Prefix Stems",Structural / Uncertain,inherited,1830-1850#81
combined,1850-1870,90,98,ritories; lancas; dorches; minates; tiary; manches; ritorial; rific; diame; clois,"Word Fragments, English Place-Name Stems",Structural / Uncertain,inherited,1830-1850#79
combined,1850-1870,79,175,speakest; see'st; thinkest; lov'st; hearest; livest; shouldest; say'st; com'st; seemest,Second-Person Verb Forms,Structural / Uncertain,inherited,1830-1850#71
combined,1850-1870,66,326,naman; commenting; pouncing; bestoaved; preyed; descanted; relying; buttocks; pounced; commented,Latin Ecclesiastical Text,Structural / Uncertain,inherited,1830-1850#62
combined,1850-1870,8,3320,kaukab; gedrosia; kerman; carmania; ahmed; abad; jebel; brahilov; mowr; bactriana,Virtues and Excellent Qualities,Morality: Virtue & Vice,inherited,1830-1850#18
combined,1850-1870,13,3003,elvat; avra; peah; dxxa; dxx; ppa; rbv; ydp; iaa; rijs,Latin Arithmetic Text,"Science, Mathematics & Natural Philosophy",inherited,1830-1850#10
combined,1850-1870,16,2849,fluitans; mentha; alsi; linearis; inflata; carnea; rufescens; fluviatilis; nemoralis; pulchella,Latin Text,Structural / Uncertain,inherited,1830-1850#47
combined,1850-1870,100,57,knowledging; commodate; costed; cusation; complishments; quiesced; ceptable; commodated; cordes; knowledgment,"Word Fragments, ac- Prefix Stems",Structural / Uncertain,inherited,1830-1850#90
combined,1850-1870,109,23,trymen; tries; cillor; teract; tenanced; sellors; selled; trey; tess; cils,"Word Fragments, coun- Prefix Stems",Structural / Uncertain,inherited,1830-1850#98
combined,1850-1870,93,80,malinmore; ferryland; gurnard's; strumble; bengore; beachy; dunnet; gorgon's; flamborough; slyne,Coastal Headlands and Capes,Geography & Territory,human,
combined,1850-1870,75,215,crofty; hafoon; camborne; molton; redruth; bromford; umberland; placer; luganure; benfleet,"Word Fragments, ne- Prefix Stems",Structural / Uncertain,inherited,1830-1850#99
combined,1850-1870,51,799,affrique; jenni; alkmund's; eoque; neots; amand; guthlac; burian; swithin's; wandrille,Saints' Names,"Religion, Theology & the Church",inherited,1830-1850#46
combined,1850-1870,21,2480,sollen; getoefen; feines; dieselbe; suchte; fetbft; beiben; einige; igen; fottte,Verbs of Transformation,Structural / Uncertain,inherited,1830-1850#39
combined,1850-1870,52,795,cierge; summated; sulate; maggior; cealing; conventum; mentre; gregational; ciliating; fidant,Verbs of Separation and Withdrawal,Structural / Uncertain,inherited,1830-1850#53
combined,1850-1870,101,54,giveness; apology; accounting; getful; substitution; uncalled; nonce; atoned; apologizing; apologized,"Word Fragments, for- Prefix Stems",Structural / Uncertain,human,
combined,1850-1870,43,1186,cestor; ticipating; poetischen; noyance; nexed; fanft; cients; annulet; overmatch; tique,Herbal and Animal Remedies,"Medicine, Body & Health",inherited,1830-1850#45
combined,1850-1870,74,218,neith; athor; zoroaster; achilles; laocoon; siva; apollo; vesta; cybele; zeus,"Word Fragments, au- Prefix Stems",Structural / Uncertain,inherited,1830-1850#96
combined,1850-1870,87,115,petuated; fidious; petrated; plexing; nicious; manently; petually; forated; secutors; plexity,"Word Fragments, per- Prefix Stems",Structural / Uncertain,inherited,1830-1850#77
combined,1850-1870,57,554,gebouwen; weldra; kunnen; werken; herinnering; weinig; zijner; vaart; slechts; valt,Welsh Text,Structural / Uncertain,inherited,1830-1850#52
combined,1850-1870,76,193,omis; delu; persua; suppres; condescen; subdivi; intru; disper; expul; conces,"Word Fragments, -sion Stems",Structural / Uncertain,inherited,1830-1850#68
combined,1850-1870,86,123,guerite; seilles; chioness; tyrs; shalled; garet's; cayambe; ter; quis; penters,Word Fragments,Structural / Uncertain,inherited,1830-1850#80
combined,1850-1870,106,28,spen; geant; bunes; vitude; vice; umphal; butary; bune; umphs; umphant,Word Fragments and Miscellany,Structural / Uncertain,inherited,1830-1850#72
combined,1850-1870,92,81,pretation; abnegation; abasement; venes; stices; secting; sacrificing; ruptions; rupting; preters,"Word Fragments, pro- Prefix Stems",Structural / Uncertain,inherited,1830-1850#91
combined,1850-1870,71,238,monest; plimented; monalty; memorates; forting; pilation; petitors; moner; posedly; prehends,"Word Fragments, com- Prefix Stems",Structural / Uncertain,inherited,1830-1850#67
combined,1850-1870,50,821,zagros; gelli; llanrwst; dundry; breidden; stanovoi; torpenhow; ogwen; tremadoc; bocky,Worldly Vice and Temptation,Morality: Virtue & Vice,inherited,1830-1850#73
combined,1850-1870,78,176,considerer; ipsavich; harrisville; scalaris; sandhaile; mtie; gurrah; figari; cilius; tinghai,Word Fragments and Miscellany,Structural / Uncertain,inherited,1830-1850#101
combined,1850-1870,15,2873,thys; nowe; eftir; fulle; sayde; whiche; moste; verye; ffor; lyke,Family and Kinship Terms,"History, Genealogy, Nobility & Kinship",inherited,1830-1850#25
combined,1850-1870,84,143,einion; ednyfed; meredyth; tewdwr; pearances; gryffydd; proval; prehensions; pellation; gruffyth,"Word Fragments, ap- Prefix Stems",Structural / Uncertain,inherited,1830-1850#84
combined,1850-1870,55,632,realiza; restitu; confisca; compunc; promo; emancipa; relaxa; prescrip; precipita; indiscre,"Comparison, Analogy and Relation",Rhetoric & Persuasion,inherited,1830-1850#51
combined,1850-1870,1,4577,briscoe; walcote; kenrick; gorst; birrell; mitcheu; purves; killikur; skillicorne; mardingly,"Proper Names, Authors and Publishers",Structural / Uncertain,inherited,1830-1850#21
combined,1850-1870,73,231,tectors; vence; babilities; phesied; posals; visional; mulgated; fligacy; sperity; longation,"Word Fragments, em- Prefix Stems",Structural / Uncertain,inherited,1830-1850#93
combined,1850-1870,88,112,ploying; phatically; barrassment; ployers; ploy; bellished; peror's; evapo; bassy; ployments,Word Fragments,Structural / Uncertain,inherited,1830-1850#85
combined,1850-1870,96,68,vertisement; mirers; infinitum; vancement; libitum; vocates; vocate; nauseam; mittance; miring,"Word Fragments, ad- Prefix Stems",Structural / Uncertain,inherited,1830-1850#87
combined,1850-1870,64,330,spectively; joicing; flect; muneration; spectability; vealing; pentance; questing; singuli; medy,"Word Fragments, re- Prefix Stems",Structural / Uncertain,inherited,1830-1850#60
combined,1850-1870,85,142,riched; lightenment; tertain; croachments; gravings; tertaining; chantment; deavored; gineers; croaching,"Word Fragments, en- Prefix Stems",Structural / Uncertain,inherited,1830-1850#76
combined,1850-1870,91,93,mysteri; seri; glori; conspicu; treacher; errone; labori; industri; delici; numer,"Word Fragments, -ous Adjective Stems",Structural / Uncertain,human,
combined,1850-1870,83,151,sipation; pensary; sipated; memberment; consolate; tinguishes; posable; tilleries; gusting; cussions,"Word Fragments, dis- Prefix Stems",Structural / Uncertain,inherited,1830-1850#78
combined,1850-1870,69,258,cracroft; mcclure; shortland; luard; sitgreaves; m'clure; haines; kidd; sulivan; moresby,"Word Fragments, pa- Prefix Stems",Structural / Uncertain,inherited,1830-1850#97
combined,1850-1870,107,28,suality; itive; timent; sitive; raisen; timents; tence; sibly; sibilities; sations,"Entreaty, Necessity and Endeavor",Rhetoric & Persuasion,inherited,1830-1850#75
combined,1850-1870,68,264,pansion; travagance; cavation; plorations; ploit; planations; ploded; ecution; hausting; periences,"Word Fragments, com-/ex- Stems",Structural / Uncertain,inherited,1830-1850#57
combined,1850-1870,110,21,naut; nesia; nifying; nify; nificently; nificantly; netism; nesian; giore; dalene,"Word Fragments, mag- Prefix Stems",Structural / Uncertain,human,
combined,1850-1870,80,162,granja; superba; riccia; vendee; turque; hontan; wrence; trobe; hogue; mancha,"Word Fragments, -ous Adjective Stems",Structural / Uncertain,inherited,1830-1850#70
combined,1850-1870,95,70,alh; onel; harun; lingwood; lectively; umn; onists; lision; lector; umns,"Word Fragments, al- Prefix Stems",Structural / Uncertain,inherited,1830-1850#66
combined,1850-1870,105,31,carring; southamp; harring; kensing; isling; hamil; clin; lexing; hadding; lyttle,"Word Fragments, English Place-Name Stems",Structural / Uncertain,human,
combined,1850-1870,94,79,recting; porations; nices; crede; cessarily; respondence; pleton; rectness; nelius; diality,Word Fragments and French Text,Structural / Uncertain,inherited,1830-1850#82
combined,1850-1870,39,1310,boheme; fendant; cochons; flandre; galega; varr; monstrations; estrema; ferrariis; toiles,Royal and Noble Names,"History, Genealogy, Nobility & Kinship",inherited,1830-1850#28
combined,1850-1870,97,65,unavoid; formid; inevit; unutter; unaccount; uncomfort; vener; unpardon; unmistake; unfavour,"Word Fragments, un-able Adjective Stems",Structural / Uncertain,human,
combined,1850-1870,108,25,yowes; valry; tania; thedral; meron; tholics; tholic; therine; hos; tilities,"Word Fragments, ca- Prefix Stems",Structural / Uncertain,inherited,1830-1850#95
combined,1850-1870,70,252,stevensen; pietersen; loockermans; hendrickse; oloff; dirck; gerrit; cornelis; teunissen; dircksen,"Dutch Colonial Names, New Amsterdam","History, Genealogy, Nobility & Kinship",inherited,1830-1850#92
combined,1850-1870,104,38,parenthese; allel; tridge; liaments; exemple; tisans; tiality; liamentary; thenon; tisan,"Word Fragments, ar- Prefix Stems",Structural / Uncertain,inherited,1830-1850#83
combined,1850-1870,99,59,impractica; desira; forci; favora; suita; memora; remarka; valua; impossi; formida,"Word Fragments, -able Adjective Stems",Structural / Uncertain,inherited,1830-1850#89
combined,1850-1870,17,2829,wiborg; cachalot; tenebres; bttern; ztg; estaba; matrona; jessulmere; douzaine; capitanata,"Grief, Sorrow and Lamentation","Literature, Drama & Poetic Diction",inherited,1830-1850#2
combined,1850-1870,41,1288,ausdruck; fibrigen; mediasch; bttin; obdorsk; enthalten; fpateren; bilden; treiben; altes,Latin Grammar Instruction,"Books, Learning & Scholarship",inherited,1830-1850#19
combined,1850-1870,37,1471,h'lassa; arachosia; molise; potentia; touz; barcellos; zenta; drangiana; chistan; carvilius,Verbs of Transformation and Infusion,Structural / Uncertain,inherited,1830-1850#32
combined,1850-1870,4,4074,montenegrine; vynckt; dibbs; gijon; tumbat; chabannes; meilleures; larochejaquelein; mcmurphy; desseins,Miscellaneous Narrative Fragments,Structural / Uncertain,inherited,1830-1850#8
combined,1850-1870,20,2641,hindle; bramwell; ramsdell; hemenway; blewitt; colnett; murgatroyd; gowland; standfast; scovill,Place Names and Geographic Terms,Geography & Territory,inherited,1830-1850#31
combined,1850-1870,102,47,capabili; extremi; abili; peculiari; capaci; facul; infirmi; opportuni; locali; hostili,Verbs of Exceeding and Surpassing,Structural / Uncertain,inherited,1830-1850#74
combined,1850-1870,103,43,chantant; isab; oesterr; ztschr; carneddau; bleman; valleyfield; vonder; lenger; luckput,Miscellany and Fragments,Structural / Uncertain,human,
combined,1850-1870,98,60,lermo; terially; rauders; nagement; jestic; chinery; terials; jesty; terial; sonry,"Word Fragments, ma- Prefix Stems",Structural / Uncertain,inherited,1830-1850#88
combined,1870-1890,14,3808,ethel; gertrude; sissy; lurline; brasig; mabel; gruffly; maude; laconically; nina,"Wrongdoing, Fraud and Harm",Morality: Virtue & Vice,inherited,1850-1870#12
combined,1870-1890,2,5291,bestirred; teus; teds; betaking; annoyed; influenced; deceived; convinces; snubbed; robs,"Battle Outcomes, Past Participles",Military & Warfare,inherited,1850-1870#2
combined,1870-1890,15,3790,licentious; lingaet; intolerant; immoral; frenzied; suave; irritating; unjustifiable; reprehensible; sarcastic,"Faith, Sin and Justification","Religion, Theology & the Church",inherited,1850-1870#11
combined,1870-1890,66,450,sorrier; duller; stiffer; crueller; stiller; luckier; alore; sourer; stupider; saveeter,Praise and Worship,"Religion, Theology & the Church",inherited,1850-1870#63
combined,1870-1890,44,1614,vindhya; karakorum; dovrefield; carpathian; dodabetta; satpura; wasatch; muswell; eocky; drakenberg,Mixed Place and Proper Names,Structural / Uncertain,inherited,1850-1870#45
combined,1870-1890,7,4592,darkling; shimmering; lambent; sparkles; heav'nly; doom'd; list'ning; sigh'd; voiceless; breath'd,Contracted Verb Forms,Structural / Uncertain,inherited,1850-1870#19
combined,1870-1890,37,1941,boardman; noyes; dillingham; robbins; aa'alker; saml; junr; sen'r; huntting; bigelow,"Word Fragments, pa- Prefix Stems",Structural / Uncertain,inherited,1850-1870#69
combined,1870-1890,55,988,deckers; thalers; sevenths; ffifty; taels; eighths; sixths; florins; kreuzers; maunds,Verbs of Remaining and Enduring,Structural / Uncertain,inherited,1850-1870#47
combined,1870-1890,30,2193,rascals; rascal; puppy; vagabonds; rogues; blackguard; scoundrels; hypocrite; politician; niece,"Scripture, Doctrine and Preaching","Religion, Theology & the Church",inherited,1850-1870#30
combined,1870-1890,49,1441,drancisco; langsam; tendrombohitra; hsiung; thracite; erinnerung; cestor; swering; tagonist; orten,Herbal and Animal Remedies,"Medicine, Body & Health",inherited,1850-1870#43
combined,1870-1890,39,1907,impedi; gouverne; emolu; predica; destroy; undeceive; misgovern; abridg; embodi; supplant,Infinitive Verb Forms,Structural / Uncertain,inherited,1850-1870#29
combined,1870-1890,69,386,phdlip; belleau; ayling; marmaduke's; bobert; vicary; cauline; wilham; bevil; jonn,Roman Numerals,Structural / Uncertain,inherited,1850-1870#61
combined,1870-1890,34,2058,pilasters; cornices; corbels; domed; cylinders; wedges; tubes; cylinder; gules; architraves,Buildings and Domestic Spaces,"Domestic Life, Dress & Household",inherited,1850-1870#33
combined,1870-1890,68,415,marlatt; slseted; seacome; obaries; gilbertville; ckool; marcelia; kimbunda; bekes; wyllis,"Word Fragments, ne- Prefix Stems",Structural / Uncertain,inherited,1850-1870#75
combined,1870-1890,16,3318,arrable; assessments; registration; margam; payment; loans; forfeitures; enforcing; coroners; judiciary,Constitutional and Political Authority,"Government, Law & Administration",inherited,1850-1870#14
combined,1870-1890,22,2837,jerked; triced; parceled; flings; hobbled; gobbled; bolstered; trotted; smartened; surge,Base-Form Verbs,Structural / Uncertain,inherited,1850-1870#22
combined,1870-1890,1,5337,perjury; arrogance; indigestion; sensuality; selfishness; immorality; uterine; intimidation; bronchitis; insincerity,"Leisure, Games and Entertainment","Domestic Life, Dress & Household",inherited,1850-1870#3
combined,1870-1890,10,4224,caracteres; armees; trouvaient; construire; revenir; endroit; exprimer; vaisseaux; perdre; facilement,Prayer and Devotional Practice,"Religion, Theology & the Church",inherited,1850-1870#6
combined,1870-1890,31,2168,collens; neeld; chaundeler; alman; parkyn; bluett; baldwyn; myller; hervy; burdet,Family and Kinship Terms,"History, Genealogy, Nobility & Kinship",inherited,1850-1870#58
combined,1870-1890,54,1151,tainus; petrefactenkunde; karazana; runcini; rilston; bekesbourne; clontibret; russl; hapter; nertschinsk,Mixed Verb Forms,Structural / Uncertain,inherited,1850-1870#44
combined,1870-1890,45,1549,ovate; axial; radial; striated; rhombic; cylindrical; posteriorly; incurved; dodecahedron; whitish,Pharmacology and Remedies,"Medicine, Body & Health",inherited,1850-1870#24
combined,1870-1890,19,3008,reichenstein; lavalle; ayron; muscatine; danville; middletown; brahmaputra; waitaki; purna; farmington,Geometry and Diagram Terminology,"Science, Mathematics & Natural Philosophy",inherited,1850-1870#40
combined,1870-1890,56,963,ennek; getragen; burty; ihesu; annak; fanb; sinb; omma; miatt; toenn,Latin Grammar Instruction,"Books, Learning & Scholarship",inherited,1850-1870#41
combined,1870-1890,17,3221,staurolite; strontianite; embolite; thomsonite; pyrosclerite; valentinite; pyrophyllite; brookite; menaccanite; haughtonite,Third-Person -eth Verb Forms,Structural / Uncertain,inherited,1850-1870#34
combined,1870-1890,43,1823,carabobo; longstreet's; coronea; mcdowell's; manstein; l'admirault; lutzen; metaurus; bourbaki; centreville,Word Fragments,Structural / Uncertain,inherited,1850-1870#32
combined,1870-1890,86,149,braila; anyrate; onetime; mansu; persano; tendant; connived; geographi; chuch; histori,Mixed Place Names and Fragments,Structural / Uncertain,inherited,1850-1870#82
combined,1870-1890,29,2194,ethical; religion; metaphysical; calvinistic; romish; dogmas; geometry; physiology; sanskrit; soane's,Dutch and German Text,Structural / Uncertain,inherited,1850-1870#53
combined,1870-1890,27,2306,pantaloons; quilted; frilled; leggings; vests; pelisse; plush; scarves; scarfs; tunics,Weapons and Battle Gear,Military & Warfare,inherited,1850-1870#18
combined,1870-1890,28,2226,robertland; limavady; kincardine; kinneff; buttevant; balcarry; tinwald; balgavies; gormanstown; castleblaney,Coastal Headlands and Capes,Geography & Territory,inherited,1850-1870#93
combined,1870-1890,58,907,morogh; cathal; dermod; sigebert; edred; thelweard; winchelsey; tostig; prebend; harald,"Word Fragments, ap- Prefix Stems",Structural / Uncertain,inherited,1850-1870#84
combined,1870-1890,77,274,mdccclxxxii; cautley; lumbus; isbister; lonel; houlston; stkeet; kerby; metzler; bevington,Anatomy and Bodily Ailments,"Medicine, Body & Health",inherited,1850-1870#72
combined,1870-1890,24,2464,indicopleustes; bagwell; schylus; epigrams; anacreon; annales; circulars; publications; polybius; lyric,Learned Professions and Sects,"Books, Learning & Scholarship",inherited,1850-1870#7
combined,1870-1890,21,2940,dsrs; rsport; dnitsd; lds; dilled; iattsr; bstwssu; valus; mattsr; eouutr,"Christ, Virgin and Trinity Devotion","Religion, Theology & the Church",inherited,1850-1870#36
combined,1870-1890,18,3162,luik; loike; fowk; theer; niwer; sicht; seein; intil; trowth; guidman,Latin Poetic Text,Structural / Uncertain,inherited,1850-1870#26
combined,1870-1890,72,315,tionally; tive; tion; tiveness; ciones; tion's; tives; aper; admix; tionist,Word Fragments,Structural / Uncertain,inherited,1850-1870#65
combined,1870-1890,33,2072,berbers; shawanese; mongols; scythians; kolarian; cherokees; shawnees; ottowa; kurds; bakwena,"Parliament, Estates and Nobility","Government, Law & Administration",inherited,1850-1870#31
combined,1870-1890,35,2049,cuneo; pilsen; toscanella; maggia; corneto; rheinstein; sargans; sondrio; brieg; lukmanier,"Salvation, Merit and Virtue","Religion, Theology & the Church",inherited,1850-1870#23
combined,1870-1890,3,5176,stanstead; cottisford; buntingford; kaniva; kildale; horbury; fletching; weobley; eartham; greenford,Humoral Medicine and Diet,"Medicine, Body & Health",inherited,1850-1870#0
combined,1870-1890,74,308,miscon; con; stipu; manipu; tenegro; circu; calcu; articu; pro; perambu,Word Fragments,Structural / Uncertain,inherited,1850-1870#60
combined,1870-1890,23,2592,muara; ramree; poile; paimpol; kragerb; modon; nanao; moda; yenbo; llanddwyn,"Rivers, Seas and World Geography",Geography & Territory,inherited,1850-1870#10
combined,1870-1890,36,2044,gnaphalium; sativum; pursh; paniculata; vitex; prosopis; bignonia; rhododendron; mimusops; linaria,Military Campaign Narrative,Military & Warfare,inherited,1850-1870#48
combined,1870-1890,50,1418,cordwainer; saddlers; ironmongers; dyers; bronzes; tinsmiths; embossed; watchmaker; queensware; hosiery,Combat and Action Narration,Military & Warfare,inherited,1850-1870#49
combined,1870-1890,79,242,resolvable; transmuted; merges; degenerates; merging; sntsrsd; instilling; lapsing; divisible; debouching,Word Fragments and French Text,Structural / Uncertain,inherited,1850-1870#94
combined,1870-1890,38,1925,clanging; music's; screech; anthems; bellowing; howls; warbled; blackbird's; allegretto; song,"Music, Song and Melody","Literature, Drama & Poetic Diction",inherited,1850-1870#35
combined,1870-1890,8,4498,maisur; sonpur; sirguja; purniah; bikaner; jalaun; bapatla; kapurthala; kolhapur; shanse,Virtues and Excellent Qualities,Morality: Virtue & Vice,inherited,1850-1870#8
combined,1870-1890,90,137,orld; orth; hilst; orked; ater; hile; alk; anted; ithin; edding,Spelling Variants of 'With',Structural / Uncertain,inherited,1850-1870#81
combined,1870-1890,6,4700,voluntatem; subsidium; decimas; copias; haberet; fuisse; ipsos; postquam; condidit; ipsius,Latin Religious Text,Structural / Uncertain,inherited,1850-1870#5
combined,1870-1890,52,1270,macartney; hatherton; brayhead; monteagle; rosebery; hunsdon; salisbury's; gardenstone; beaurepaire; mountgarret,Legal Writs and Property Law,"Government, Law & Administration",inherited,1850-1870#46
combined,1870-1890,25,2415,accipiter; wildcats; tarandus; crocodilus; zebras; tapir; weasels; porcupines; koodoo; opossum,Mixed Proper Names,Structural / Uncertain,inherited,1850-1870#42
combined,1870-1890,63,590,wishest; rememberest; xim; sawest; couldest; leadest; com'st; see'st; lellia; speak'st,Second-Person Verb Forms,Structural / Uncertain,inherited,1850-1870#79
combined,1870-1890,60,810,sloops; staysail; schooners; foresail; mainmast; schooner; boats; jib; hauling; hauled,"Biblical Genealogies, Old Testament","Religion, Theology & the Church",inherited,1850-1870#56
combined,1870-1890,99,45,pretti; dreari; unhappi; steadi; readi; friendli; loneli; hearti; caith; uneasi,"Dutch Colonial Names, New Amsterdam","History, Genealogy, Nobility & Kinship",inherited,1850-1870#70
combined,1870-1890,65,532,assum; declar; fascinat; suppos; separat; inspir; retir; contemplat; describ; perceiv,Truncated Word Stems,Structural / Uncertain,inherited,1850-1870#62
combined,1870-1890,93,94,worces; carpen; ritories; minates; restrial; rific; minal; dorches; rified; ribly,"Word Fragments, English Place-Name Stems",Structural / Uncertain,inherited,1850-1870#90
combined,1870-1890,9,4314,hitchins; fynn; elgar; giffen; coulson; whitmarsh; gaskell; ashburner; bevan; holyoake,English Nobility and Earldoms,"History, Genealogy, Nobility & Kinship",inherited,1850-1870#9
combined,1870-1890,13,3834,kotopna; irepl; nz; irorapov; moacete; xai; dpi; icl; ttj; rovrov,Latin Arithmetic Text,"Science, Mathematics & Natural Philosophy",inherited,1850-1870#13
combined,1870-1890,71,315,descanted; commenting; pouncing; expatiated; descanting; relying; tyrannised; tyrannized; preyed; expatiating,Latin Ecclesiastical Text,Structural / Uncertain,inherited,1850-1870#66
combined,1870-1890,42,1832,radishes; sausages; pickled; fried; stewed; linseed; arrowroot; chillies; turmeric; tomatoes,Household Ingredients and Materials,"Domestic Life, Dress & Household",inherited,1850-1870#28
combined,1870-1890,61,759,corrobora; identifica; retribu; justifica; augmenta; detesta; perturba; expira; reproduc; supplica,"Comparison, Analogy and Relation",Rhetoric & Persuasion,inherited,1850-1870#55
combined,1870-1890,57,938,monans; ebbe's; ffagan; asaph's; germain's; canice's; irvyne; aubin's; heliers; endellion,Saints' Names,"Religion, Theology & the Church",inherited,1850-1870#51
combined,1870-1890,53,1209,mabel's; edith's; judith's; laura's; ruth's; stella's; maggie's; violet's; esther's; kate's,London Streets and Publishers,Structural / Uncertain,inherited,1850-1870#54
combined,1870-1890,48,1484,mejdel; haboo; jenin; nahr; tikal; neby; kulat; arak; mosk; ammon,"Word Fragments, au- Prefix Stems",Structural / Uncertain,inherited,1850-1870#74
combined,1870-1890,40,1891,russy; will'ms; scends; fiantly; molendino; liefde; capitalibus; liverance; gelto; plaire,Royal and Noble Names,"History, Genealogy, Nobility & Kinship",inherited,1850-1870#39
combined,1870-1890,32,2105,olynthian; macrinus; metellus; amphissa; kambyses; vibius; dfts; gonatas; batis; sulpicius,Verbs of Thinking and Perceiving,Structural / Uncertain,inherited,1850-1870#27
combined,1870-1890,97,57,commodated; ceptance; ceptable; companying; complishments; quiesced; complishment; cumulated; commodating; complishing,"Word Fragments, ac- Prefix Stems",Structural / Uncertain,inherited,1850-1870#100
combined,1870-1890,64,581,lieden; slechts; zelfs; zoodra; alleen; schrijvers; stukken; zouden; weinig; gelijk,Welsh Text,Structural / Uncertain,inherited,1850-1870#57
combined,1870-1890,26,2321,hecha; tiempo; eduardo; teixeira; castellanos; cuenta; justo; ordenes; trabajo; gonzalez,Miscellaneous Word Fragments,Structural / Uncertain,inherited,1850-1870#25
combined,1870-1890,47,1487,granulata; knorria; conica; attenuata; maculata; globosa; lycopodites; compressa; annulatus; undulatus,Latin Text,Structural / Uncertain,inherited,1850-1870#16
combined,1870-1890,88,143,petuated; pendicularly; forated; manence; sonality; plexities; petuity; nicious; vades; tinacity,"Word Fragments, per- Prefix Stems",Structural / Uncertain,inherited,1850-1870#87
combined,1870-1890,20,2949,steuern; beschr; sollten; aufrecht; zeilen; schlosse; selber; spuren; verlangen; gedanke,Verbs of Transformation,Structural / Uncertain,inherited,1850-1870#21
combined,1870-1890,41,1865,possa; moglie; detto; sagrestia; faccia; ancora; quindi; territorio; parlare; fondo,Word Fragments and Miscellany,Structural / Uncertain,inherited,1850-1870#78
combined,1870-1890,51,1365,pethau; ymyl; mhlith; hynafol; gwnaeth; oblegyd; enwau; awyr; rhymni; gyda'u,Worldly Vice and Temptation,Morality: Virtue & Vice,inherited,1850-1870#50
combined,1870-1890,91,131,onists; umn; umns; onies; ored; onel; lecting; orado; lision; lectors,"Word Fragments, al- Prefix Stems",Structural / Uncertain,inherited,1850-1870#95
combined,1870-1890,96,73,sors; dends; dend; siveness; sions; sioned; sionable; sion; hollen; verance,"Word Fragments, -ous Adjective Stems",Structural / Uncertain,inherited,1850-1870#91
combined,1870-1890,5,4749,oute; bothe; whiche; wardeyns; werkis; vther; aboute; salbe; wyth; foresayd,Family and Kinship Terms,"History, Genealogy, Nobility & Kinship",inherited,1850-1870#15
combined,1870-1890,59,891,ssiich'uan; t'ung; liang; ch'i; t'u; kuangtung; huai; cheng; burm; ssii,Chivalric Romance Narration,"Literature, Drama & Poetic Diction",inherited,1850-1870#38
combined,1870-1890,73,311,prehends; munes; pagnie; mercially; mentaries; munists; memorative; bining; piler; prehending,"Word Fragments, com- Prefix Stems",Structural / Uncertain,inherited,1850-1870#71
combined,1870-1890,62,613,vulsively; spiracies; gregations; triving; stantia; secration; nivance; centration; valescence; nellsville,Verbs of Separation and Withdrawal,Structural / Uncertain,inherited,1850-1870#52
combined,1870-1890,80,230,expan; omis; expul; effu; delu; condescen; persua; profu; confes; seces,"Word Fragments, -sion Stems",Structural / Uncertain,inherited,1850-1870#76
combined,1870-1890,4,5070,stanthwaite; poyser; vauance; ohphant; alwynn; blewitt; verney's; wardell; fielden; bannerleigh,"Proper Names, Authors and Publishers",Structural / Uncertain,inherited,1850-1870#1
combined,1870-1890,67,443,d'avezac; alexandre; d'abbadie; d'arblay; cenas; desor; guizot; urach; emile; faragon,Word Fragments and Miscellany,Structural / Uncertain,inherited,1850-1870#67
combined,1870-1890,0,6530,poitrine; arvin; haydoc; mcgrew; albro; demorest; achlysur; sabit; troxell; luckner,Miscellaneous Narrative Fragments,Structural / Uncertain,inherited,1850-1870#4
combined,1870-1890,84,180,cipitation; sumably; raphaelites; sentable; ponderance; cipitate; cipitately; cipice; cepts; paratory,"Entreaty, Necessity and Endeavor",Rhetoric & Persuasion,inherited,1850-1870#107
combined,1870-1890,75,283,hatramy; anatin; mitovy; mafy; samy; tahaka; mahazo; avokoa; ekoatora; aminy,Spelling Variants,Structural / Uncertain,inherited,1850-1870#59
combined,1870-1890,101,26,piton; cervin; parnasse; orgueil; morency; pelvoux; pelier; marin; gomery; pellier,"Word Fragments, fa- Prefix Stems",Structural / Uncertain,inherited,1850-1870#77
combined,1870-1890,92,112,whitting; southamp; harring; guerite; tyrdom; torring; jorie; pember; hamil; brigh,Word Fragments,Structural / Uncertain,inherited,1850-1870#86
combined,1870-1890,83,181,slen; ouri; atty; tlemanly; surren; erally; coa; blun; tleman's; bor,"Word Fragments, -ous Adjective Stems",Structural / Uncertain,inherited,1850-1870#80
combined,1870-1890,70,366,muneration; gardless; flecting; pudiated; spectability; storation; linquished; pentance; stricted; volted,"Word Fragments, re- Prefix Stems",Structural / Uncertain,inherited,1850-1870#64
combined,1870-1890,85,169,lightenment; tertained; gagements; virons; tertaining; rogel; chantment; gaging; dowment; bloc,"Word Fragments, en- Prefix Stems",Structural / Uncertain,inherited,1850-1870#85
combined,1870-1890,78,273,prietorship; phesied; miscuous; longation; mulgated; fessionally; verbially; testantism; prieties; vokingly,"Word Fragments, em- Prefix Stems",Structural / Uncertain,inherited,1850-1870#73
combined,1870-1890,89,143,paraging; sipated; comfited; dainful; creetly; paragement; creet; persion; pensing; persing,"Word Fragments, dis- Prefix Stems",Structural / Uncertain,inherited,1850-1870#83
combined,1870-1890,76,279,tremities; asperated; ecution; ertions; votos; aggeration; ercise; periously; agined; horted,"Word Fragments, com-/ex- Stems",Structural / Uncertain,inherited,1850-1870#68
combined,1870-1890,87,145,locali; capabili; liabili; festivi; peculiari; abili; socie; infirmi; augmen; extremi,Verbs of Exceeding and Surpassing,Structural / Uncertain,inherited,1850-1870#102
combined,1870-1890,82,184,excommuni; fabri; confis; incul; mortifi; intoxi; eradi; publi; extermi; modifi,"Word Fragments, mag- Prefix Stems",Structural / Uncertain,inherited,1850-1870#110
combined,1870-1890,94,85,questionably; mistakably; deniably; speakably; wieldy; dertaken; precedented; awares; reservedly; ceasingly,"Word Fragments, un-/under- Stems",Structural / Uncertain,inherited,1850-1870#89
combined,1870-1890,98,57,bellished; ployers; ployer; ploying; ploy; peror's; barrassments; ployes; phatically; perors,Word Fragments,Structural / Uncertain,inherited,1850-1870#88
combined,1870-1890,81,219,unanswer; abomin; unmistak; unconquer; insupport; unfavour; mischiev; conspicu; labori; inevit,"Word Fragments, un-able Adjective Stems",Structural / Uncertain,inherited,1850-1870#97
combined,1870-1890,95,84,miralty; mirer; vertisements; nauseam; herents; vancement; visable; mirers; mirable; vertised,"Word Fragments, ad- Prefix Stems",Structural / Uncertain,inherited,1850-1870#96
combined,1870-1890,100,36,tiality; tisans; exemple; allel; tridge; liamentary; tisan; nassus; liaments; tridges,"Word Fragments, ar- Prefix Stems",Structural / Uncertain,inherited,1850-1870#104
combined,1870-1890,12,3956,mercatores; gujrdt; acuta; herwydd; gwna; ferruginea; alij; carrucis; yntau; adeiladu,"Grief, Sorrow and Lamentation","Literature, Drama & Poetic Diction",inherited,1850-1870#17
combined,1870-1890,104,15,cante; cies; rily; riment; cenaries; midsum; ciful; chants; chant's; chandise,"Word Fragments, pro- Prefix Stems",Structural / Uncertain,inherited,1850-1870#92
combined,1870-1890,105,12,mante; bancs; terers; lotte's; lotte; acterized; acteristic; acter; lemagne; banc,"Word Fragments, -able Adjective Stems",Structural / Uncertain,inherited,1850-1870#99
combined,1870-1890,102,22,bouchal; chree; naged; jority; jesty's; turity; jesty; foi; chinery; sonry,"Word Fragments, ma- Prefix Stems",Structural / Uncertain,inherited,1850-1870#98
combined,1870-1890,103,22,tryman; sellor; selled; cil; trymen; tess; sellors; cils; try's; tenanced,"Word Fragments, coun- Prefix Stems",Structural / Uncertain,inherited,1850-1870#109
combined,1870-1890,11,4032,mccalmont; basham; heintz; callahan; brubaker; voorhis; joslin; copeman; faunthorpe; fassett,Place Names and Geographic Terms,Geography & Territory,inherited,1850-1870#20
combined,1870-1890,46,1535,religiosos; contulit; juramento; tenenda; heant; bapte; ministrorum; faciemus; plegii; negotio,Verbs of Transformation and Infusion,Structural / Uncertain,inherited,1850-1870#37
combined,1890-1910,47,986,excessively; artistically; elegantly; kurumbas; unjustly; extraordinarily; extremely; undeniably; cruelly; aptly,"Word Fragments, -ous Adjective Stems",Structural / Uncertain,inherited,1870-1890#96
combined,1890-1910,73,238,replied; interjected; exclaimed; said; cried; murmured; remarked; yelled; answered; retorted,"Word Fragments, -ous Adjective Stems",Structural / Uncertain,inherited,1870-1890#83
combined,1890-1910,57,564,noav; talouel; northeastern; belhaven; iioav; hoavever; uoav; motionless; southeastern; peav,Latin Grammar Instruction,"Books, Learning & Scholarship",inherited,1870-1890#56
combined,1890-1910,62,386,funnier; wickeder; bitterer; shyer; tougher; stiffer; queerer; aviser; sorer; stupider,Praise and Worship,"Religion, Theology & the Church",inherited,1870-1890#66
combined,1890-1910,53,643,hundered; deckers; eighths; sixths; roubles; kroner; centesimi; soldi; piastres; ha'pence,Verbs of Remaining and Enduring,Structural / Uncertain,inherited,1870-1890#55
combined,1890-1910,25,1936,comported; predica; bestirred; mismanage; intrench; destroy; gainsay; embodi; emolu; deport,Infinitive Verb Forms,Structural / Uncertain,inherited,1870-1890#39
combined,1890-1910,51,742,hockey; feby; football; octr; dominoes; concerts; fetes; banquets; gth; celebration,Family and Kinship Terms,"History, Genealogy, Nobility & Kinship",inherited,1870-1890#31
combined,1890-1910,35,1565,prig; compatriots; politician; mathematician; essayist; rogue; gentleman; stager; snob; hypocrite,"Scripture, Doctrine and Preaching","Religion, Theology & the Church",inherited,1870-1890#30
combined,1890-1910,8,3428,indelicate; flippant; intolerant; inborn; unprepossessing; incorrect; ironical; bloodthirsty; inherent; brusque,"Faith, Sin and Justification","Religion, Theology & the Church",inherited,1870-1890#15
combined,1890-1910,9,2914,elsie; bertha; mabel; interrogatively; nellie; spilford; eileen; letty; sarcastically; agatha,"Wrongdoing, Fraud and Harm",Morality: Virtue & Vice,inherited,1870-1890#14
combined,1890-1910,44,1132,fauconberg; falconberg; austinminster; charlemont; rosebery; kenny; brabourne; tweedy; balmuto; dartmouth's,Legal Writs and Property Law,"Government, Law & Administration",inherited,1870-1890#52
combined,1890-1910,2,4633,influenced; frightens; liveth; assures; deceived; annoys; oppresses; counterbalanced; sanctioned; enforcing,"Battle Outcomes, Past Participles",Military & Warfare,inherited,1870-1890#2
combined,1890-1910,14,2430,trotted; gripping; slid; shoved; grubbed; raced; pulled; pulling; perked; ladled,Base-Form Verbs,Structural / Uncertain,inherited,1870-1890#22
combined,1890-1910,3,4591,brutality; intolerance; sensitiveness; bigotry; coarseness; denunciations; selfishness; enactments; insurrections; hypocrisy,"Leisure, Games and Entertainment","Domestic Life, Dress & Household",inherited,1870-1890#1
combined,1890-1910,28,1839,kolarian; banians; malays; bushmen; aborigines; finns; turanian; kayasths; indians; hindus,"Parliament, Estates and Nobility","Government, Law & Administration",inherited,1870-1890#33
combined,1890-1910,38,1473,alleghany; yablonoi; satpura; ridges; craggy; watercourses; kenia; bocky; asmai; uplands,Mixed Place and Proper Names,Structural / Uncertain,inherited,1870-1890#44
combined,1890-1910,17,2148,statuettes; cornices; semicircular; pilasters; perforated; octagonal; glassware; crocketed; carvings; parapets,Buildings and Domestic Spaces,"Domestic Life, Dress & Household",inherited,1870-1890#34
combined,1890-1910,5,4262,kilner; tavlor; donkin; macritchie; tyrer; spooner; michell; matthewson; sommerton; macborrowdale,English Nobility and Earldoms,"History, Genealogy, Nobility & Kinship",inherited,1870-1890#9
combined,1890-1910,27,1840,zebayir; viziadrug; engano; awaji; kilwa; farisan; prawl; kamaran; panay; tobago,"Rivers, Seas and World Geography",Geography & Territory,inherited,1870-1890#23
combined,1890-1910,16,2366,trowsers; tunics; neckerchief; leggings; buckskin; muskets; blouse; trimmings; calicoes; velveteen,Weapons and Battle Gear,Military & Warfare,inherited,1870-1890#27
combined,1890-1910,56,571,edouard; fevre; l'abbe; bonjour; skram; amalie; fabre; comtesse; baronne; delesse,Word Fragments and Miscellany,Structural / Uncertain,inherited,1870-1890#67
combined,1890-1910,19,2126,ginkle; zorndorf; auray; saragossa; mccook's; requesens; nashville; malplaquet; ghoorkas; schneeberg,Word Fragments,Structural / Uncertain,inherited,1870-1890#43
combined,1890-1910,26,1913,deathless; divinest; jehovah; spirit's; tyrant's; osiris; supernal; sin's; fancy's; zeus,"Word Fragments, au- Prefix Stems",Structural / Uncertain,inherited,1870-1890#48
combined,1890-1910,63,373,aa'illiam; osbert; john; hugh; evas; bobert; aberteifi; ralph; richard; ernest,Roman Numerals,Structural / Uncertain,inherited,1870-1890#69
combined,1890-1910,22,2023,hydrated; chlorine; selenium; chromium; strontium; auric; cylinders; calcium; molybdenum; richards's,Pharmacology and Remedies,"Medicine, Body & Health",inherited,1870-1890#45
combined,1890-1910,4,4290,naw; deein; nivver; an'ra; rinnin; onyway; hoo's; gowks; gangin; wi't,Latin Poetic Text,Structural / Uncertain,inherited,1870-1890#18
combined,1890-1910,15,2418,reprints; imar's; annales; memoranda; literaria; sophocles; annotations; virgil; sanskrit; narratives,Learned Professions and Sects,"Books, Learning & Scholarship",inherited,1870-1890#24
combined,1890-1910,24,1988,darkling; shimmering; bespangled; illumes; starry; gemmed; mauve; glows; glooms; glints,Contracted Verb Forms,Structural / Uncertain,inherited,1870-1890#7
combined,1890-1910,40,1398,namoi; yass; kistna; narbada; shoalhaven; cauveri; maputa; rheidol; coleroon; colne,Geometry and Diagram Terminology,"Science, Mathematics & Natural Philosophy",inherited,1870-1890#19
combined,1890-1910,33,1699,warbling; tuneful; swirling; song; surge; skylark's; yells; murmurous; guitars; clanging,"Music, Song and Melody","Literature, Drama & Poetic Diction",inherited,1870-1890#38
combined,1890-1910,20,2079,thorismund; mithridates; crassus; marcius; poliorcetes; wurtemburg; metellus; huns; nicephorus; pontus,Verbs of Thinking and Perceiving,Structural / Uncertain,inherited,1870-1890#32
combined,1890-1910,6,3930,kington; wootton; sharrow; handsworth; kingsclere; hebden; binstead; alnham; broomhall; banwell,Humoral Medicine and Diet,"Medicine, Body & Health",inherited,1870-1890#3
combined,1890-1910,34,1588,ethical; materialism; mineralogy; romish; bacteriology; ethics; humanitarian; classification; clergymen; religion,Dutch and German Text,Structural / Uncertain,inherited,1870-1890#29
combined,1890-1910,18,2135,ratification; freeholders; sheriffs; enforcement; assessments; copyhold; payment; loans; valuations; judiciary,Constitutional and Political Authority,"Government, Law & Administration",inherited,1870-1890#16
combined,1890-1910,45,1097,loen; memphite; gregorii; boninsegni; mullas; hatten's; ephes; avrov; receptis; hjetla,Mixed Verb Forms,Structural / Uncertain,inherited,1870-1890#54
combined,1890-1910,49,786,yawl; pinnace; schooners; mainsail; mizzen; schooner; frigate; boat's; sloop; boats,"Biblical Genealogies, Old Testament","Religion, Theology & the Church",inherited,1870-1890#60
combined,1890-1910,66,311,miscon; con; circu; calcu; perambu; expostu; conthe; capitu; accumu; stipu,Word Fragments,Structural / Uncertain,inherited,1870-1890#74
combined,1890-1910,10,2778,soulsby; sulivan; bicknell; gummere; druitt; hindle; tharp; robynson; fairburn; aplin,"Word Fragments, pa- Prefix Stems",Structural / Uncertain,inherited,1870-1890#37
combined,1890-1910,50,770,ironmongers; redcliss; haberdashery; glovers; grocers; confectioners; hardware; blacksmiths; shoemakers; woollens,Combat and Action Narration,Military & Warfare,inherited,1870-1890#50
combined,1890-1910,7,3496,principaute; autorites; barbare; fievre; soldat; pouvons; barbares; endroit; pousser; marchandises,Prayer and Devotional Practice,"Religion, Theology & the Church",inherited,1870-1890#10
combined,1890-1910,80,128,tiveness; tionally; tive; tional; tioner; tionable; tioners; ciones; tives; tion,Word Fragments,Structural / Uncertain,inherited,1870-1890#72
combined,1890-1910,52,646,wagons; gigs; horse; buggies; muleteers; mule; bullocks; waggon; springless; horses,"Grief, Sorrow and Lamentation","Literature, Drama & Poetic Diction",inherited,1870-1890#12
combined,1890-1910,36,1497,dioica; scabiosa; atriplex; festuca; repens; habenaria; hirsuta; pratensis; palustre; polygala,Military Campaign Narrative,Military & Warfare,inherited,1870-1890#36
combined,1890-1910,21,2048,coston; penybont; birdsorth; auchterderran; arborfield; tulliebole; megis; caiff; bucklow; greenlaw,Coastal Headlands and Capes,Geography & Territory,inherited,1870-1890#28
combined,1890-1910,77,156,sawest; rememberest; askest; see'st; believest; seekest; saidst; speak'st; makest; saw'st,Second-Person Verb Forms,Structural / Uncertain,inherited,1870-1890#63
combined,1890-1910,61,428,irovel; mdcccxciii; macquoid; mdcccxciv; mdcccxcvi; mdcccxcii; yeats; conney; isbister; mdcccxcvii,Anatomy and Bodily Ailments,"Medicine, Body & Health",inherited,1870-1890#77
combined,1890-1910,12,2595,dictorum; annuatim; fideli; assensu; aliorum; habeant; debita; illius; habere; aliquibus,Latin Religious Text,Structural / Uncertain,inherited,1870-1890#6
combined,1890-1910,32,1699,oatmeal; tomatoes; puddings; pickled; stewed; treacle; molasses; custard; cardamom; papaya,Household Ingredients and Materials,"Domestic Life, Dress & Household",inherited,1870-1890#42
combined,1890-1910,72,241,mercially; bining; pagnie; munes; forter; posedly; panionable; pleting; munal; municates,"Word Fragments, com- Prefix Stems",Structural / Uncertain,inherited,1870-1890#73
combined,1890-1910,43,1172,lucy's; eleanor's; dick's; frank's; judith's; maud's; molly's; sybil's; kate's; alice's,London Streets and Publishers,Structural / Uncertain,inherited,1870-1890#53
combined,1890-1910,31,1810,ovk; ttjv; ttjs; tta; ffi; nodi; jb; rbv; twv; fj,Latin Arithmetic Text,"Science, Mathematics & Natural Philosophy",inherited,1870-1890#13
combined,1890-1910,65,344,assum; choos; describ; secur; starv; provok; embrac; divid; receiv; believ,Truncated Word Stems,Structural / Uncertain,inherited,1870-1890#65
combined,1890-1910,11,2761,gerasa; firoz; sialkot; maragha; rohri; tranquebar; samadh; khotan; huseyn; saharanpur,Virtues and Excellent Qualities,Morality: Virtue & Vice,inherited,1870-1890#8
combined,1890-1910,67,302,relying; expatiated; reacted; commenting; descanted; impinge; expatiating; preyed; kimmins; preying,Latin Ecclesiastical Text,Structural / Uncertain,inherited,1870-1890#71
combined,1890-1910,37,1489,calmar; galleria; bellinzona; fuori; remagen; graian; verita; verrocchio; montanvert; degli,"Salvation, Merit and Virtue","Religion, Theology & the Church",inherited,1870-1890#35
combined,1890-1910,71,242,llandaff; chicheley; ossory; howley; raphoe; clogher; prebendary; atterbury; presbyter; prebend,"Word Fragments, ap- Prefix Stems",Structural / Uncertain,inherited,1870-1890#58
combined,1890-1910,70,271,loku; mahatmeyo; staincliff; morape; bagborough; dingiri; udapalata; melpattu; petherton; dereham,"Christ, Virgin and Trinity Devotion","Religion, Theology & the Church",inherited,1870-1890#21
combined,1890-1910,23,1989,heulandite; buccinum; datolite; spiriferina; willemite; axinite; prehnite; zincite; gypseous; andalusite,Third-Person -eth Verb Forms,Structural / Uncertain,inherited,1870-1890#17
combined,1890-1910,39,1412,hartebeest; canis; zebras; bison; tapir; leopards; giganteus; scorpions; plover; bushbuck,Mixed Proper Names,Structural / Uncertain,inherited,1870-1890#25
combined,1890-1910,42,1199,cisively; soie; laugier; gourgues; spatch; saussure; flandre; claration; franchi; claring,Royal and Noble Names,"History, Genealogy, Nobility & Kinship",inherited,1870-1890#40
combined,1890-1910,54,636,brieuc; serf's; neot; goar; botolph's; legue; clairs; neot's; audries; monans,Saints' Names,"Religion, Theology & the Church",inherited,1870-1890#57
combined,1890-1910,83,106,petuated; petually; suasively; meated; functory; manently; suading; sonages; suasions; sonality,"Word Fragments, per- Prefix Stems",Structural / Uncertain,inherited,1870-1890#88
combined,1890-1910,46,1015,cestor; tiquities; tiquity; groifdjen; nually; swer; englishwoman's; alarmist; eyewitness; swers,Herbal and Animal Remedies,"Medicine, Body & Health",inherited,1870-1890#49
combined,1890-1910,64,351,edkins; junker's; giinther; felkin; kessler; miiller; buch; meyer; adolph; zirkel,Place Names and Geographic Terms,Geography & Territory,inherited,1870-1890#11
combined,1890-1910,81,107,merging; degenerating; instilling; lapsing; transmuted; cardon; inveigled; infuses; servis; merges,Word Fragments and French Text,Structural / Uncertain,inherited,1870-1890#79
combined,1890-1910,30,1826,hermana; noticias; extranjero; cultivo; actualidad; periodo; memorables; matias; chieh; espa,Miscellaneous Word Fragments,Structural / Uncertain,inherited,1870-1890#26
combined,1890-1910,41,1338,cyffredin; blaid; gylch; tovtov; gwelir; ymaith; crybwylledig; flaenorol; gywir; appuhami,Worldly Vice and Temptation,Morality: Virtue & Vice,inherited,1870-1890#51
combined,1890-1910,69,293,catarrh; sciatica; bronchitis; asthma; neuralgia; dysentery; debility; endemic; fetid; sleeplessness,Verbs of Transformation and Infusion,Structural / Uncertain,inherited,1870-1890#46
combined,1890-1910,1,5161,lindell; mackinlay; athalyn; postle; fargus; allenby; waylen; grindrod; euicombe; beache,"Proper Names, Authors and Publishers",Structural / Uncertain,inherited,1870-1890#4
combined,1890-1910,88,78,buren; diemen; couver; sittart; dorn; dieman; eyck; velde; dyck; quished,Welsh Text,Structural / Uncertain,inherited,1870-1890#64
combined,1890-1910,48,887,prova; genio; entro; dunque; pensiero; vostra; assai; istoria; tutte; gioia,Word Fragments and Miscellany,Structural / Uncertain,inherited,1870-1890#41
combined,1890-1910,55,620,chuan; kwang; pien; ku; erh; shih; ssu; ngan; tung; chia,Chivalric Romance Narration,"Literature, Drama & Poetic Diction",inherited,1870-1890#59
combined,1890-1910,29,1828,selber; ftihrt; sichtbar; ausser; mebr; laffen; fahrwassers; mehr; aufs; sondern,Verbs of Transformation,Structural / Uncertain,inherited,1870-1890#20
combined,1890-1910,78,151,persua; intru; apprehen; omis; expul; confu; delu; repres; seces; condescen,"Word Fragments, -sion Stems",Structural / Uncertain,inherited,1870-1890#80
combined,1890-1910,13,2460,fyrst; xvd; oute; wyth; oure; accomptes; sayde; thys; comyng; saide,Family and Kinship Terms,"History, Genealogy, Nobility & Kinship",inherited,1870-1890#5
combined,1890-1910,79,144,istics; minis; clois; nomi; worces; minates; denomi; quar; ritory; ritories,"Word Fragments, English Place-Name Stems",Structural / Uncertain,inherited,1870-1890#93
combined,1890-1910,76,174,alk; bekker's; elcome; anted; orld; hite; ork; halfbound; hile; biblewomen,Spelling Variants of 'With',Structural / Uncertain,inherited,1870-1890#90
combined,1890-1910,68,295,phecy; prietary; phesied; posals; menade; tectorate; mier; portionately; sumably; cipitate,"Word Fragments, em- Prefix Stems",Structural / Uncertain,inherited,1870-1890#78
combined,1890-1910,59,507,suls; fidant; ventionalities; fiscated; trasts; stituency; fidentially; tingencies; trition; gregational,Verbs of Separation and Withdrawal,Structural / Uncertain,inherited,1870-1890#62
combined,1890-1910,58,559,incarna; prescrip; conflagra; circula; reconcilia; assassina; diges; distrac; adop; insinua,"Comparison, Analogy and Relation",Rhetoric & Persuasion,inherited,1870-1890#61
combined,1890-1910,60,507,morg; hohenlohe; nemea; recit; lambra; issa; siffredi; ferd; idelette; prithee,Latin Text,Structural / Uncertain,inherited,1870-1890#47
combined,1890-1910,95,41,wayman; waymen; landers; rockton; stomached; ness's; falutin; cullingdon; churchism; flyers,"Entreaty, Necessity and Endeavor",Rhetoric & Persuasion,inherited,1870-1890#84
combined,1890-1910,75,228,cognized; sponsibilities; joicing; laxed; freshment; spectfully; peating; instated; flecting; freshed,"Word Fragments, re- Prefix Stems",Structural / Uncertain,inherited,1870-1890#70
combined,1890-1910,74,230,hilarating; hibiting; asperated; planations; pansion; pediency; isted; tremes; pectancy; periencing,"Word Fragments, com-/ex- Stems",Structural / Uncertain,inherited,1870-1890#76
combined,1890-1910,84,106,traught; sipated; sensions; paraging; mayed; cussions; creetly; pensing; cernible; dainful,"Word Fragments, dis- Prefix Stems",Structural / Uncertain,inherited,1870-1890#89
combined,1890-1910,82,107,vironment; thusiastically; grossing; tertained; lightenment; dured; deavor; bloc; deavours; tertaining,"Word Fragments, en- Prefix Stems",Structural / Uncertain,inherited,1870-1890#85
combined,1890-1910,93,52,periodi; chemi; histori; typi; economi; cutta; politi; logi; ecclesiasti; culations,Mixed Place Names and Fragments,Structural / Uncertain,inherited,1870-1890#86
combined,1890-1910,99,25,friendli; uneasi; steadi; pretti; weari; manli; lazi; cleanli; kindli; caith,"Dutch Colonial Names, New Amsterdam","History, Genealogy, Nobility & Kinship",inherited,1870-1890#99
combined,1890-1910,86,84,dontegnetty; dlofse; soutty; calleb; meabow; jotyn; idest; tanb; jtortty; bottome,"Word Fragments, al- Prefix Stems",Structural / Uncertain,inherited,1870-1890#91
combined,1890-1910,96,36,quiesced; complishment; commodation; ceptable; cumulated; complished; quaintances; cordingly; complish; companying,"Word Fragments, ac- Prefix Stems",Structural / Uncertain,inherited,1870-1890#97
combined,1890-1910,92,55,propriated; preciated; plauded; pearances; pliances; plause; preciation; pearing; preciate; meurig,"Word Fragments, ne- Prefix Stems",Structural / Uncertain,inherited,1870-1890#68
combined,1890-1910,89,73,communi; confis; impli; edu; suffo; suppli; cations; publi; poral; indi,"Word Fragments, mag- Prefix Stems",Structural / Uncertain,inherited,1870-1890#82
combined,1890-1910,91,55,nauseam; reductio; vancement; mirer; ministrative; libitum; justed; journed; absurdum; mirers,"Word Fragments, ad- Prefix Stems",Structural / Uncertain,inherited,1870-1890#95
combined,1890-1910,85,99,unapproach; immov; abomin; unmistak; unutter; disreput; unaccount; unavoid; unspeak; unbear,"Word Fragments, un-able Adjective Stems",Structural / Uncertain,inherited,1870-1890#81
combined,1890-1910,100,20,modation; modated; plishing; plished; plish; panied; modations; modating; modate; unaccom,"Word Fragments, ar- Prefix Stems",Structural / Uncertain,inherited,1870-1890#100
combined,1890-1910,101,14,sels; tiy; tenances; sellors; trymen; tess; tenance; cils; cillors; cillor,"Word Fragments, coun- Prefix Stems",Structural / Uncertain,inherited,1870-1890#103
combined,1890-1910,87,81,rett; exemple; parenthese; liamentary; ents; allel; ticles; ticle; ticipate; riages,Word Fragments,Structural / Uncertain,inherited,1870-1890#92
combined,1890-1910,94,48,nerv; boister; notori; anxi; contemptu; conspicu; mysteri; impetu; mischiev; treacher,Spelling Variants,Structural / Uncertain,inherited,1870-1890#75
combined,1890-1910,90,59,flinchingly; mistakably; derstood; questionably; earthed; derstanding; deniable; dulating; mistakable; ceasingly,"Word Fragments, un-/under- Stems",Structural / Uncertain,inherited,1870-1890#94
combined,1890-1910,0,5970,lalain; considerables; testamento; gymydogaeth; lengua; ballikinrain; basanite; chiamdo; teoria; ropa,Miscellaneous Narrative Fragments,Structural / Uncertain,inherited,1870-1890#0
combined,1890-1910,97,31,ployer; barrassment; ployment; ployers; peror; bodiment; pire; phatically; barrassing; bankment,Word Fragments,Structural / Uncertain,inherited,1870-1890#98
combined,1890-1910,98,26,ouseburn; kaan; dunmow; chesterford; budworth; saltee; mongeham; eversden; renowne; lexicographer,Verbs of Exceeding and Surpassing,Structural / Uncertain,inherited,1870-1890#87
