region,period,community_id,n_words,top_words_preview,label,lane,origin,inherited_from
british,1510-1530,40,59,sadde; bryght; shynynge; lusty; eke; eye; couetous; syght; countenaunce; alwaye,Descriptive Poetic Adjectives,"Literature, Drama & Poetic Diction",human,
british,1510-1530,28,115,hoost; seneshall; shyppe; walle; palays; hermyte; anone; damoysell; ponthus; hylle,Chivalric Romance Names,Structural / Uncertain,human,
british,1510-1530,3,230,excuse; spare; aske; thynk; gete; blame; parceyue; swere; amende; thinke,Verbs of Thinking and Perceiving,Structural / Uncertain,human,
british,1510-1530,12,171,forestes; capitaynes; countreys; burgesses; countres; positio; greattest; mart; comons; confermed,"Realms, Offices and Civic Administration","Government, Law & Administration",human,
british,1510-1530,26,120,apperceyued; behelde; auayled; amended; strongely; wonne; conforted; wyst; wyste; perceyued,Past-Tense Narrative Verbs,Structural / Uncertain,human,
british,1510-1530,2,239,ranne; salued; sate; drewe; dyscomfyted; yssued; lepte; strake; felle; roche,Combat and Motion Verbs,Military & Warfare,human,
british,1510-1530,6,213,worthynesse; goodnesse; gladnes; synfull; corage; felycyte; goodnes; strength; courage; solace,Virtues and Moral Qualities,Morality: Virtue & Vice,human,
british,1510-1530,31,113,neutre; gendre; factus; dus; sitis; plurel; perfe; noi; doctus; eris,Latin and French Grammar Terms,"Books, Learning & Scholarship",human,
british,1510-1530,39,61,myt; maundeme; cluded; scie; quered; mytted; maun; fort; mytte; myng,Word Fragments,Structural / Uncertain,human,
british,1510-1530,20,136,merites; merytes; withdrewe; trespace; reioyse; mouthes; wyckednesse; raunsome; delyueraunce; sheldes,"Sin, Ransom and Deliverance","Religion, Theology & the Church",human,
british,1510-1530,15,158,apres; ceo; bref; mez; accio; auera; teneme; brefe; feme; couenau,Law French Legal Text,Structural / Uncertain,human,
british,1510-1530,38,67,kyndes; diseases; peres; sortes; poyntes; diuerse; degrees; thoughtes; oxen; matters,Generic Plural Nouns,Structural / Uncertain,human,
british,1510-1530,0,268,trueth; consciences; evyll; bloud; love; obedience; deale; agenst; preach; godly,"Truth, Conscience and Preaching","Religion, Theology & the Church",human,
british,1510-1530,19,137,petycyon; spouse; departure; maieste; cosyns; syster; requestes; broder; benefytes; welbeloued,"Holy Family, Salvation and Kinship","Religion, Theology & the Church",human,
british,1510-1530,23,125,score; twenty; wekes; mornynge; thousand; pounde; houres; souper; sondaye; lx,"Dates, Times and Numerals",Structural / Uncertain,human,
british,1510-1530,35,89,dryue; lepe; goo; caste; loked; blowe; cast; breke; morne; fall,Infinitive Verb Forms,Structural / Uncertain,human,
british,1510-1530,29,115,irlonde; loyes; arundell; rycharde; therle; yonger; penbroke; ep; eldred; irlande,English Nobility and Earldoms,"History, Genealogy, Nobility & Kinship",human,
british,1510-1530,5,218,enim; primi; gratia; suis; illud; quoniam; dominus; homines; christvs; tuum,Latin Religious Text,Structural / Uncertain,human,
british,1510-1530,32,113,staple; writ; fraunches; shyryff; attaynt; issue; deposed; accion; valew; sute,Legal Writs and Property Actions,"Government, Law & Administration",human,
british,1510-1530,16,156,bisshop; romayne; gregory; translacyon; martyne; addicyons; luke; neuewe; euangelyst; empresse,Church Fathers and Evangelists,"Religion, Theology & the Church",human,
british,1510-1530,27,118,subtile; moyst; bludde; sodde; rawe; fatte; melancoly; drie; colde; spiritis,Humours and Bodily Complexion,"Medicine, Body & Health",human,
british,1510-1530,14,170,delectacyon; herytages; noblesse; swetnes; exercyse; wretchednesse; entencyon; behauour; othes; delectable,"Vice, Misery and Vanity",Morality: Virtue & Vice,human,
british,1510-1530,1,260,omnino; iam; solomon; eam; ecclesiae; alijs; omnes; nunc; facile; ita,Latin Function Words,Structural / Uncertain,human,
british,1510-1530,10,175,egypt; marches; affryke; saxons; turney; kent; scotland; wales; perse; newcastell,Place Names and Regions,Geography & Territory,human,
british,1510-1530,8,200,roses; lynen; hony; cole; barly; grene; potte; fenell; butter; yelowe,Household Goods and Provisions,"Domestic Life, Dress & Household",human,
british,1510-1530,43,37,bri; pry; pacie; ki; nothy; obedye; dre; yo; remembrau; pryn,Word Fragments,Structural / Uncertain,human,
british,1510-1530,13,171,guttes; vyne; grauell; myddest; bladder; longues; barres; brest; raynes; dropsy,Internal Organs and Anatomy,"Medicine, Body & Health",human,
british,1510-1530,34,102,archers; monasteryes; shippes; batayles; marchauntes; enclosed; countrees; capytaynes; brytons; townes,"Archers, Knights and Castles",Military & Warfare,human,
british,1510-1530,22,129,lyked; fleeth; receyueth; greueth; openeth; loveth; delyteth; comyth; clenseth; worketh,Third-Person -eth Verb Forms,Structural / Uncertain,human,
british,1510-1530,9,189,xxvij; xxxvi; xlii; vltimo; xxij; lxiiii; xlv; xviij; xxxix; xxxii,Roman Numerals and Dates,Structural / Uncertain,human,
british,1510-1530,4,229,consente; accuse; punysshe; styrre; prepare; happely; suffyse; scape; displease; obeye,Base-Form Verbs,Structural / Uncertain,human,
british,1510-1530,17,156,affection; mekenesse; excellence; benygne; sanctite; pacyence; vyrgynyte; chastyte; humylyte; bounte,"Meekness, Chastity and Devout Virtue",Morality: Virtue & Vice,human,
british,1510-1530,36,68,bien; ee; aurei; christo; quel; plura; mundo; sin; bonis; latine,Mixed Foreign-Language Text,Structural / Uncertain,human,
british,1510-1530,21,136,helme; chayre; throte; necke; fynger; lyppes; sydes; baner; legge; breste,Body Parts and Physical Description,"Medicine, Body & Health",human,
british,1510-1530,41,50,godt; hedde; op; niet; dat; nicht; maer; ist; christus; als,Dutch and German Text,Structural / Uncertain,human,
british,1510-1530,7,204,robbers; beheeded; sufficyent; auoyded; ordened; presentes; fortunes; desired; regarded; bifore,"Treason, Punishment and Corruption","Government, Law & Administration",human,
british,1510-1530,42,41,oughtest; mayste; sholdest; shuldest; haddest; doest; ayded; canst; wylte; wylt,Second-Person Verb Forms,Structural / Uncertain,human,
british,1510-1530,37,67,suo; unam; fiet; seu; bertram; lon; quicquid; sermo; sauoy; englo,Latin Text and Word Fragments,Structural / Uncertain,human,
british,1510-1530,44,25,vnce; hun; olyue; hepe; quarter; egge; ounce; aulter; peny; oxe,Miscellaneous Rare Nouns,Structural / Uncertain,human,
british,1510-1530,11,174,marcell; zelande; margarete; scotlonde; edwardes; apeased; tremoyle; longed; spanyerdes; ioyously,"Historical Names, Places and Titles","History, Genealogy, Nobility & Kinship",human,
british,1510-1530,33,105,rursus; singulis; ibi; loci; diuisoris; figura; uno; summam; uiginti; notis,Latin Arithmetic Text,"Science, Mathematics & Natural Philosophy",human,
british,1510-1530,30,114,dimidium; fleme; lytter; hattes; toguyder; treatie; danys; gascoyne; vy; counsayled,"Treaties, Parliament and Baronial Councils","Government, Law & Administration",human,
british,1510-1530,18,149,chalenge; charters; stell; cardynalles; therafter; sectionis; roberte; englisshmen; rendre; phylosophre,"Charters, Cardinals and Ministers","Government, Law & Administration",human,
british,1510-1530,25,122,wette; dyke; lepre; incontynente; fylled; couenaunt; chopped; vsurye; moneye; therwyth,"Usury, Money and Covenants","Trade, Finance & Commerce",human,
british,1510-1530,24,124,integra; promp; derby; xaynton; regulam; creant; benedictus; togider; inuenies; ferant,Latin Commercial Arithmetic,"Science, Mathematics & Natural Philosophy",human,
british,1530-1550,45,151,lyttell; dyuers; forasmoch; serten; lytel; diuers; asmuche; thyse; sondrie; moch,"Archers, Knights and Castles",Military & Warfare,inherited,1510-1530#34
british,1530-1550,37,209,preaching; preching; trwe; preachyng; veryte; promises; knolege; catholyke; teaching; promyses,"Truth, Conscience and Preaching","Religion, Theology & the Church",inherited,1510-1530#0
british,1530-1550,28,279,perceiue; wist; reherse; deny; wyst; perceaue; recite; allege; praie; affirme,Verbs of Thinking and Perceiving,Structural / Uncertain,inherited,1510-1530#3
british,1530-1550,54,69,tiles; emo; wro; bei; stra; strau; liui; tle; ki; ima,Word Fragments,Structural / Uncertain,human,
british,1530-1550,36,216,cowe; goote; hatte; deane; coridon; basket; henne; bishope; carpenter; tyb,"Charters, Cardinals and Ministers","Government, Law & Administration",inherited,1510-1530#18
british,1530-1550,47,136,whilest; whereby; stood; whe; vnlesse; bicause; wherfore; wherefore; wherby; bycause,Conjunctions and Connective Words,Structural / Uncertain,human,
british,1530-1550,41,183,hogge; ape; adder; consumption; homicide; archer; handmayde; lare; aduerbe; egge,Miscellaneous Rare Nouns,Structural / Uncertain,inherited,1510-1530#44
british,1530-1550,39,188,redempcion; saluacio; sauior; merite; deseruinges; saueoure; iustificacion; sauyoure; deseruyng; techyng,"Redemption, Salvation and Righteousness","Religion, Theology & the Church",human,
british,1530-1550,8,521,detraction; fraudes; imaginations; wyly; flatery; fierce; deceytes; sauage; erronious; supersticio,"Treaties, Parliament and Baronial Councils","Government, Law & Administration",inherited,1510-1530#30
british,1530-1550,7,523,disquieted; combred; stuffed; mocked; amended; enryched; supposed; replenished; lyghtened; defyled,"Treason, Punishment and Corruption","Government, Law & Administration",inherited,1510-1530#7
british,1530-1550,24,301,diuina; ni; vie; nit; ir; ae; della; val; tiel; nyd,Law French Legal Text,Structural / Uncertain,inherited,1510-1530#15
british,1530-1550,16,371,cowarde; amiable; excellente; noysome; sobre; renoumed; discrete; abundant; nedefull; hurtfull,Descriptive Poetic Adjectives,"Literature, Drama & Poetic Diction",inherited,1510-1530#40
british,1530-1550,5,569,abbottes; preistes; scri; vsages; canons; chanons; rites; nonnes; enormities; doctrynes,"Realms, Offices and Civic Administration","Government, Law & Administration",inherited,1510-1530#12
british,1530-1550,53,72,lasse; liberally; lesse; greatter; stronger; harder; worse; lyghter; sooner; gretter,Humours and Bodily Complexion,"Medicine, Body & Health",inherited,1510-1530#27
british,1530-1550,32,229,bloode; incarnation; blood; drynkyng; eatyng; drinking; meat; chalyce; bodi; eating,Generic Plural Nouns,Structural / Uncertain,inherited,1510-1530#38
british,1530-1550,49,121,doune; narrowe; incontynent; down; asyde; sodaynly; flyght; forward; downe; thyther,Chivalric Romance Names,Structural / Uncertain,inherited,1510-1530#28
british,1530-1550,4,572,thesaid; appoyncted; lymitted; inuaded; examyned; conuicte; aforesaied; thesaied; slain; lyen,Past-Tense Narrative Verbs,Structural / Uncertain,inherited,1510-1530#26
british,1530-1550,10,491,receyueth; nameth; purgeth; rekeneth; regardeth; affirmeth; rebuketh; estemeth; despyseth; happed,Third-Person -eth Verb Forms,Structural / Uncertain,inherited,1510-1530#22
british,1530-1550,33,228,westminster; mydnyght; landed; bulwarkes; dyce; syege; thebes; euensonge; douer; cardes,"Historical Names, Places and Titles","History, Genealogy, Nobility & Kinship",inherited,1510-1530#11
british,1530-1550,0,841,impute; assist; compell; catche; compel; condemne; oppresse; enclyne; condempne; refreshe,Base-Form Verbs,Structural / Uncertain,inherited,1510-1530#4
british,1530-1550,1,616,cary; hermon; caryed; throwen; pulled; casten; digged; pitche; plucke; trede,Infinitive Verb Forms,Structural / Uncertain,inherited,1510-1530#35
british,1530-1550,26,295,thirtie; twentye; score; marche; lxxx; fyfty; december; apryll; sixe; nouember,"Dates, Times and Numerals",Structural / Uncertain,inherited,1510-1530#23
british,1530-1550,12,477,thairof; quhil; sindry; answerit; succedit; confiderat; baith; quhais; pichtis; battall,Dutch and German Text,Structural / Uncertain,inherited,1510-1530#41
british,1530-1550,35,225,perfectly; euydently; euidently; sufficiently; plainly; manifeste; rightly; easily; greuousely; euidente,Adverbs of Manner,Structural / Uncertain,human,
british,1530-1550,23,331,eldaris; enymes; confederates; neighboure; teethe; iniquities; heartes; companyons; affaires; studies,"Sin, Ransom and Deliverance","Religion, Theology & the Church",inherited,1510-1530#20
british,1530-1550,14,428,mago; octauius; claudius; seuerus; britons; lucius; caius; gallia; antonius; nauy,Place Names and Regions,Geography & Territory,inherited,1510-1530#10
british,1530-1550,44,161,doughter; daughter; babe; mayde; virgyn; ladye; chyldre; cosyn; knyght; wyfes,"Holy Family, Salvation and Kinship","Religion, Theology & the Church",inherited,1510-1530#19
british,1530-1550,11,486,benignitie; sincere; sobrenes; clemencie; goodnes; humblenes; philosophye; efficacy; policie; charytie,"Meekness, Chastity and Devout Virtue",Morality: Virtue & Vice,inherited,1510-1530#17
british,1530-1550,43,170,drad; benygne; louinge; gracyous; gratious; mercifull; eter; benigne; dampnacion; besechynge,"Mercy, Grace and Damnation","Religion, Theology & the Church",human,
british,1530-1550,27,291,proposicion; infallible; interpretation; wryter; argumente; declaracion; exposicion; hystorye; greeke; chaptre,Latin and French Grammar Terms,"Books, Learning & Scholarship",inherited,1510-1530#31
british,1530-1550,20,353,dedit; tamen; similiter; tam; quomodo; debet; dicit; quando; multa; quem,Latin Function Words,Structural / Uncertain,inherited,1510-1530#1
british,1530-1550,30,250,roger; surrey; rufus; roberte; raufe; priamus; admyrall; rychard; salisbury; nicolas,English Nobility and Earldoms,"History, Genealogy, Nobility & Kinship",inherited,1510-1530#29
british,1530-1550,29,265,wynd; kene; stremes; dennes; visage; gemini; arcyte; thunder; vysage; shene,"Weather, Sky and Zodiac","Nature, Landscape & Weather",human,
british,1530-1550,48,135,lepte; discomfited; drewe; ran; sat; ranne; smote; rolled; behelde; fel,Combat and Motion Verbs,Military & Warfare,inherited,1510-1530#2
british,1530-1550,13,431,perils; heuynes; heuynesse; infamye; werynes; sorowe; bitternes; tormentes; syckenesses; vexacion,Virtues and Moral Qualities,Morality: Virtue & Vice,inherited,1510-1530#6
british,1530-1550,38,198,prowesse; dignitee; iurisdiction; princely; priuilege; iurisdiccion; excellence; procurement; empire; succession,"Princely Dignity, Jurisdiction and Empire","Government, Law & Administration",human,
british,1530-1550,42,181,tantum; tuorum; tanquam; tuos; facta; tia; oculis; statim; simul; deuote,Mixed Foreign-Language Text,Structural / Uncertain,inherited,1510-1530#36
british,1530-1550,9,499,top; toppe; browes; walle; heer; courser; gowne; rockes; towre; hoke,Body Parts and Physical Description,"Medicine, Body & Health",inherited,1510-1530#21
british,1530-1550,2,612,fygges; sylke; myxt; vynegre; apples; plantayne; barly; thycke; blewe; saffron,Household Goods and Provisions,"Domestic Life, Dress & Household",inherited,1510-1530#8
british,1530-1550,50,121,hearest; couldest; speakest; saiest; dooest; spekest; knoweste; shouldest; beleuest; wost,Second-Person Verb Forms,Structural / Uncertain,inherited,1510-1530#42
british,1530-1550,46,144,hierome; augustyn; chrysostome; ambrose; ierome; cyprian; laurence; barnarde; augustyne; hierom,Church Fathers and Evangelists,"Religion, Theology & the Church",inherited,1510-1530#16
british,1530-1550,34,225,flesshely; filthines; glotony; inconstant; vnclennes; fylthynes; desires; beastly; pestiferous; humane,"Vice, Misery and Vanity",Morality: Virtue & Vice,inherited,1510-1530#14
british,1530-1550,19,354,regu; xxvij; psalmus; capvt; xxij; xxviij; xxiiij; xvij; matthew; xxiij,Roman Numerals and Dates,Structural / Uncertain,inherited,1510-1530#9
british,1530-1550,52,74,blou; lan; exte; syre; husba; clare; vndersto; thousa; worl; rou,Latin Text and Word Fragments,Structural / Uncertain,inherited,1510-1530#37
british,1530-1550,25,299,abia; antiochus; ioram; madianites; genuit; nahor; ionathas; kynreds; assur; zorobabel,"Biblical Genealogies, Old Testament","Religion, Theology & the Church",human,
british,1530-1550,55,64,contynewe; peryshe; prycke; remaine; abyde; abide; fayle; continue; escape; endure,Verbs of Enduring and Continuing,Structural / Uncertain,human,
british,1530-1550,51,84,conseruation; ciuile; administration; gaynes; preseruation; ciuill; publike; commoditie; publique; welthes,Civil Administration and Public Wealth,"Government, Law & Administration",human,
british,1530-1550,6,534,caleys; guysnes; fortresses; marches; hundredes; auctorities; capytaynes; constables; castelles; archedeacons,Legal Writs and Property Actions,"Government, Law & Administration",inherited,1510-1530#32
british,1530-1550,31,229,gregacio; gregacyon; demned; tinuall; tinual; sydered; fessyon; fessio; clusion; tynuall,Word Fragments,Structural / Uncertain,inherited,1510-1530#39
british,1530-1550,15,397,uero; arturij; ipsis; postea; paulo; principis; igitur; posuit; unus; ecclesiae,Latin Arithmetic Text,"Science, Mathematics & Natural Philosophy",inherited,1510-1530#33
british,1530-1550,17,362,princeps; illorum; fama; atque; redemisti; christu; vitam; nostras; gaudium; nostro,Latin Religious Text,Structural / Uncertain,inherited,1510-1530#5
british,1530-1550,22,333,coler; vryne; fleume; bladder; skyn; fome; flewme; lunges; melancolye; melancholy,Internal Organs and Anatomy,"Medicine, Body & Health",inherited,1510-1530#13
british,1530-1550,40,187,penite; augme; suffycye; thinte; cleme; oyntme; arroga; auncie; agreme; punishme,Word Fragments,Structural / Uncertain,inherited,1510-1530#43
british,1530-1550,21,345,veluet; ueluet; baners; myters; richely; bankes; speres; woddes; botes; sleues,"Usury, Money and Covenants","Trade, Finance & Commerce",inherited,1510-1530#25
british,1530-1550,3,601,duabus; yair; danis; aminadab; uocem; conques; capernaum; gloucester; infla; nyghtshade,Miscellaneous Mixed Vocabulary,Structural / Uncertain,human,
british,1530-1550,18,354,deinde; fructum; potius; suu; memor; apostoli; ista; locum; pcto; qualiter,Latin Commercial Arithmetic,"Science, Mathematics & Natural Philosophy",inherited,1510-1530#24
british,1550-1570,43,218,bycause; wherof; wherby; wherein; bicause; whereby; seynge; whereof; thoroughe; hauynge,Conjunctions and Connective Words,Structural / Uncertain,inherited,1530-1550#47
british,1550-1570,51,119,varietie; sundrye; sondry; particuler; sundry; diuers; sondrie; languages; forasmuche; sundrie,"Archers, Knights and Castles",Military & Warfare,inherited,1530-1550#45
british,1550-1570,11,590,sincere; vnspeakable; syncere; valiaunt; wittye; righteousnesse; modest; louing; exquisite; wytty,"Mercy, Grace and Damnation","Religion, Theology & the Church",inherited,1530-1550#43
british,1550-1570,50,123,apace; asyde; down; hastely; thyther; homeward; back; wende; forwarde; flyght,Chivalric Romance Names,Structural / Uncertain,inherited,1530-1550#49
british,1550-1570,48,157,hotter; colder; harder; stronger; bigger; surer; oftener; bygger; meruaile; lighter,Humours and Bodily Complexion,"Medicine, Body & Health",inherited,1530-1550#53
british,1550-1570,27,351,proposition; preface; assertion; treatise; parlament; interpretation; estatute; repeale; proufe; definition,Latin and French Grammar Terms,"Books, Learning & Scholarship",inherited,1530-1550#27
british,1550-1570,8,634,adherents; countenaunces; auncesters; mallice; beaute; imaginations; palais; minds; redempcion; predecessours,"Sin, Ransom and Deliverance","Religion, Theology & the Church",inherited,1530-1550#23
british,1550-1570,56,61,commodious; hurtfull; profytable; expedient; requisite; profitable; apte; agreable; necessarye; easie,Evaluative Adjectives of Fitness,Structural / Uncertain,human,
british,1550-1570,10,595,annuities; rentes; iurisdictions; tenements; reuenues; prebendes; castles; parkes; fermes; manours,Legal Writs and Property Actions,"Government, Law & Administration",inherited,1530-1550#6
british,1550-1570,3,927,plagued; blamed; conquered; condempned; lien; inuaded; writen; vanquished; examined; counselled,Past-Tense Narrative Verbs,Structural / Uncertain,inherited,1530-1550#4
british,1550-1570,38,281,quintus; brutus; regulus; lucius; caius; valerius; tarquinius; cyrus; marcellus; consul,"Holy Family, Salvation and Kinship","Religion, Theology & the Church",inherited,1530-1550#44
british,1550-1570,31,327,sacraments; fleash; deitie; faythe; bloode; participation; sacramente; sacramental; regeneration; ministring,Generic Plural Nouns,Structural / Uncertain,inherited,1530-1550#32
british,1550-1570,45,209,tia; ci; ki; bei; sei; ri; exe; ting; cie; ke,Word Fragments,Structural / Uncertain,inherited,1530-1550#54
british,1550-1570,0,1247,reueale; constraine; assayle; assaile; compell; ioyn; incline; impute; greue; asswage,Base-Form Verbs,Structural / Uncertain,inherited,1530-1550#0
british,1550-1570,18,520,iawes; pawes; chekes; nailes; pype; gray; haire; guttes; beard; throte,Body Parts and Physical Description,"Medicine, Body & Health",inherited,1530-1550#9
british,1550-1570,7,638,dissenteth; abstain; dryue; thenceforth; pulled; pluckt; hensforth; glyde; agew; pul,Infinitive Verb Forms,Structural / Uncertain,inherited,1530-1550#1
british,1550-1570,39,255,syr; perceiue; trowe; dalila; beseke; beseching; trow; wyshe; beseech; thincke,Verbs of Thinking and Perceiving,Structural / Uncertain,inherited,1530-1550#28
british,1550-1570,19,480,detriment; heuynes; smart; heauinesse; vnkyndnes; sorrowes; myserye; hinderaunce; heuines; grief,Virtues and Moral Qualities,Morality: Virtue & Vice,inherited,1530-1550#13
british,1550-1570,9,634,tempteth; correcteth; loueth; knowes; calleth; nameth; assureth; repenteth; affirmeth; leaueth,Third-Person -eth Verb Forms,Structural / Uncertain,inherited,1530-1550#10
british,1550-1570,34,291,southe; zodiake; northe; quadrate; triangle; paralleles; heyght; thicknes; northwest; heighte,Civil Administration and Public Wealth,"Government, Law & Administration",inherited,1530-1550#51
british,1550-1570,58,38,veniall; propitiation; forgiuenes; remissio; satisfaction; forgeuenes; actual; forgyuenes; contrition; remission,"Redemption, Salvation and Righteousness","Religion, Theology & the Church",inherited,1530-1550#39
british,1550-1570,22,418,plainlye; plainely; besecheth; euidentlye; euidently; horribly; amply; playnely; impudently; ernestly,Adverbs of Manner,Structural / Uncertain,inherited,1530-1550#35
british,1550-1570,46,187,westmynster; lenght; roes; episcoporum; bethlehem; lipsia; pallaice; chalcedo; cylch; westminster,"Historical Names, Places and Titles","History, Genealogy, Nobility & Kinship",inherited,1530-1550#33
british,1550-1570,21,441,interpretations; constitutions; policies; assertions; canons; rites; doctors; kinds; canonicall; propositions,"Realms, Offices and Civic Administration","Government, Law & Administration",inherited,1530-1550#5
british,1550-1570,15,545,alexandrinus; anacletus; apostoli; macedonius; ecclesiastica; aduersus; verb; sabell; ordine; manicheus,Latin Arithmetic Text,"Science, Mathematics & Natural Philosophy",inherited,1530-1550#15
british,1550-1570,32,316,nouember; october; iune; septembre; decembre; mercurie; nouembre; seuentene; december; wyndy,"Dates, Times and Numerals",Structural / Uncertain,inherited,1530-1550#26
british,1550-1570,23,416,suffolke; rychard; roger; somerset; richarde; wylliam; ogyer; marques; sister; robert,English Nobility and Earldoms,"History, Genealogy, Nobility & Kinship",inherited,1530-1550#30
british,1550-1570,41,221,glorye; pilgrimages; spyryte; offerynges; diriges; masses; gooste; blessyng; laud; aulters,"Truth, Conscience and Preaching","Religion, Theology & the Church",inherited,1530-1550#37
british,1550-1570,36,283,hung; threwe; riding; mounted; horsebacke; ran; horsbacke; strake; runnes; casteth,Combat and Motion Verbs,Military & Warfare,inherited,1530-1550#48
british,1550-1570,42,220,fiftene; twenty; fyftene; fourty; twentie; thirtie; thirty; twentye; thyrty; fiftie,Verbs of Enduring and Continuing,Structural / Uncertain,inherited,1530-1550#55
british,1550-1570,24,404,excellencie; kindnesse; dyligence; magnificence; wisedom; prowesse; prowes; goodnesse; kindenes; stoutnesse,"Meekness, Chastity and Devout Virtue",Morality: Virtue & Vice,inherited,1530-1550#11
british,1550-1570,28,340,byshoppes; gouernours; iurisdiction; abbottes; principalitie; ecclesiastical; prouinces; countryes; erles; chanons,"Princely Dignity, Jurisdiction and Empire","Government, Law & Administration",inherited,1530-1550#38
british,1550-1570,12,582,octauius; syria; assyria; ganges; cornewall; bithinia; aegipt; sicilie; ethiopians; sege,"Biblical Genealogies, Old Testament","Religion, Theology & the Church",inherited,1530-1550#25
british,1550-1570,29,335,ilz; eux; mort; voy; auer; poit; dict; prendre; auera; couient,Law French Legal Text,Structural / Uncertain,inherited,1530-1550#24
british,1550-1570,1,1101,modo; hinc; solum; omnem; illud; ipsam; sui; poterit; ipsius; terram,Latin Function Words,Structural / Uncertain,inherited,1530-1550#20
british,1550-1570,25,396,yelowe; hollow; black; thick; bladder; skyn; yellow; hollowe; stopping; fleume,Internal Organs and Anatomy,"Medicine, Body & Health",inherited,1530-1550#22
british,1550-1570,14,565,ofn; pethae; ddim; y'w; eithyr; iddo; hynn; vnic; nep; ddiscipulon,Mixed Foreign-Language Text,Structural / Uncertain,inherited,1530-1550#42
british,1550-1570,5,761,ginger; barlye; violettes; hennes; storax; beries; vinegre; isope; sorell; rosemary,Household Goods and Provisions,"Domestic Life, Dress & Household",inherited,1530-1550#2
british,1550-1570,13,567,bankes; lakes; woode; toppes; bushes; rocks; boyling; flouds; fiery; waue,"Weather, Sky and Zodiac","Nature, Landscape & Weather",inherited,1530-1550#29
british,1550-1570,37,282,womanly; restlesse; smiling; hue; visage; freshly; countnance; sadde; louely; iuliet,Descriptive Poetic Adjectives,"Literature, Drama & Poetic Diction",inherited,1530-1550#16
british,1550-1570,35,284,arria; auste; cipria; benet; publica; luthera; hilarie; ciprian; athenia; eketh,Church Fathers and Evangelists,"Religion, Theology & the Church",inherited,1530-1550#46
british,1550-1570,6,754,fylthie; cankred; wylfull; temeritie; tygre; fierce; neglygence; malicious; licencious; furyous,"Treaties, Parliament and Baronial Councils","Government, Law & Administration",inherited,1530-1550#8
british,1550-1570,52,113,vnderstandest; lyest; beleuest; sholdest; sawest; thynkest; knowst; nedest; couldest; knewest,Second-Person Verb Forms,Structural / Uncertain,inherited,1530-1550#50
british,1550-1570,33,306,beten; entangled; surprised; intangled; decked; ouercharged; dyspleased; replenyshed; combred; opprest,"Treason, Punishment and Corruption","Government, Law & Administration",inherited,1530-1550#7
british,1550-1570,17,522,outrages; heretical; superstitions; inuasions; practises; murders; oppression; mischieues; enormities; threates,"Vice, Misery and Vanity",Morality: Virtue & Vice,inherited,1530-1550#34
british,1550-1570,57,49,ip; dd; cit; peror; fl; gl; fores; preis; aucthorit; kn,Latin Religious Text,Structural / Uncertain,inherited,1530-1550#17
british,1550-1570,30,332,annibal; anniball; samnites; persians; frenchmen; antipater; lieuetenant; percians; discomfited; scithians,Place Names and Regions,Geography & Territory,inherited,1530-1550#14
british,1550-1570,16,526,abia; ioram; esd; xxxiiii; eleazar; micheas; xvij; lud; zorobabel; manasses,Roman Numerals and Dates,Structural / Uncertain,inherited,1530-1550#19
british,1550-1570,2,950,richt; thaym; contrar; feil; woddis; merchandis; commoun; sicht; fludis; persounis,Dutch and German Text,Structural / Uncertain,inherited,1530-1550#12
british,1550-1570,44,214,hereticke; hypocrite; idolater; prelat; adulterer; infidell; oke; adder; hogge; anciente,Miscellaneous Rare Nouns,Structural / Uncertain,inherited,1530-1550#41
british,1550-1570,26,392,veluet; speares; silke; shelles; furred; bankets; snakes; processions; garlandes; cappes,"Usury, Money and Covenants","Trade, Finance & Commerce",inherited,1530-1550#21
british,1550-1570,54,87,sou; desce; rou; defe; withsta; barns; scotla; reprehe; dough; comprehe,Latin Text and Word Fragments,Structural / Uncertain,inherited,1530-1550#52
british,1550-1570,40,235,forter; firmeth; tention; panions; municatio; stantinople; futed; maunding; prehended; dicions,Word Fragments,Structural / Uncertain,inherited,1530-1550#31
british,1550-1570,47,179,patie; deua; iudgme; neglige; commandeme; regime; preside; orname; couenau; couena,Word Fragments,Structural / Uncertain,inherited,1530-1550#40
british,1550-1570,49,138,fox; goate; snake; roe; traytoure; knaue; gyaunt; boy; swanne; byrde,"Charters, Cardinals and Ministers","Government, Law & Administration",inherited,1530-1550#36
british,1550-1570,59,16,ties; cel; tries; sellers; cels; celles; trey; sels; sell; saile,Word Fragments,Structural / Uncertain,human,
british,1550-1570,53,107,hedges; lyfted; lifting; swallowed; digge; lifted; lifte; swalowed; shutt; lifteth,Verbs of Lifting and Raising,Structural / Uncertain,human,
british,1550-1570,60,6,corpses; quycke; quicke; quick; burie; bawdewyn,Spelling Variants of 'Quick',Structural / Uncertain,human,
british,1550-1570,20,472,offerimus; earum; imperium; itaque; videre; persona; fuerint; certum; vrbis; ordo,Latin Commercial Arithmetic,"Science, Mathematics & Natural Philosophy",inherited,1530-1550#18
british,1550-1570,55,83,ouide; poete; aristotle; tullie; xenophon; intreateth; plinius; plinie; hippocrates; theophrastus,Classical Authors and Philosophers,"Books, Learning & Scholarship",human,
british,1550-1570,4,903,meason; sozom; summon; saxones; enfeffa; eto; cnawd; mysterijs; grocer; rrac,Miscellaneous Mixed Vocabulary,Structural / Uncertain,inherited,1530-1550#3
british,1570-1590,37,449,dexteritie; prowes; magnificence; magnanimitie; renoumed; prowesse; valure; renowned; excellente; valiaunt,"Meekness, Chastity and Devout Virtue",Morality: Virtue & Vice,inherited,1550-1570#24
british,1570-1590,17,854,sobernesse; sinceritie; bounty; sanctification; incomprehensible; rightuousnesse; lowlines; kindnesse; beneuolence; pietie,"Mercy, Grace and Damnation","Religion, Theology & the Church",inherited,1550-1570#11
british,1570-1590,29,521,notvvithstanding; novv; knovveth; alvvaies; vvolde; thyther; backward; whereupon; wherein; folovv,Conjunctions and Connective Words,Structural / Uncertain,inherited,1550-1570#43
british,1570-1590,31,514,extortioner; isosceles; heretick; englishman; oyster; vnderling; optimi; multiplex; eele; extinguere,Miscellaneous Rare Nouns,Structural / Uncertain,inherited,1550-1570#44
british,1570-1590,19,780,lauinia; pedante; darling; mayd; adonis; exit; lamia; mayde; fedele; victoria,Verbs of Thinking and Perceiving,Structural / Uncertain,inherited,1550-1570#39
british,1570-1590,14,897,rents; archdeacons; abbots; tenements; priors; exemptions; clearks; subdeacons; seminaries; bailiffes,Legal Writs and Property Actions,"Government, Law & Administration",inherited,1550-1570#10
british,1570-1590,59,121,bigger; hotter; wyser; heauier; woorse; whiter; swifter; drier; colder; broader,Humours and Bodily Complexion,"Medicine, Body & Health",inherited,1550-1570#48
british,1570-1590,18,834,villanously; vulgaris; sharplie; manyfestly; shamefully; amply; louingly; furiously; maliciously; cruellye,Adverbs of Manner,Structural / Uncertain,inherited,1550-1570#22
british,1570-1590,21,754,disdainefull; villanous; circumspecte; vncharitable; treacherous; riotous; pestiferous; spitefull; outragious; irefull,"Treaties, Parliament and Baronial Councils","Government, Law & Administration",inherited,1550-1570#6
british,1570-1590,1,1544,inforce; entangle; gainsay; betake; condempne; liken; slea; swel; auouch; applye,Base-Form Verbs,Structural / Uncertain,inherited,1550-1570#0
british,1570-1590,0,1641,pinched; blamed; discomfited; dyned; dined; intangled; conuicted; benummed; encombred; choaked,Past-Tense Narrative Verbs,Structural / Uncertain,inherited,1550-1570#3
british,1570-1590,12,987,noteth; expoundeth; describeth; correcteth; rebuketh; nameth; mollifieth; dulleth; considereth; sustaineth,Third-Person -eth Verb Forms,Structural / Uncertain,inherited,1550-1570#9
british,1570-1590,28,570,twentye; virginis; shillinges; december; thirty; september; xxvii; sixtie; xxviii; threescore,Verbs of Enduring and Continuing,Structural / Uncertain,inherited,1550-1570#42
british,1570-1590,42,398,extortioners; parasites; bawdes; baudes; persians; gothes; slaunderers; arrians; sectaries; ethiopians,Classical Authors and Philosophers,"Books, Learning & Scholarship",inherited,1550-1570#55
british,1570-1590,40,427,crispus; emilius; probus; lucius; caius; magnus; gallus; pompeius; honorius; decius,"Holy Family, Salvation and Kinship","Religion, Theology & the Church",inherited,1550-1570#38
british,1570-1590,15,876,fling; flang; flew; hurled; throweth; gushed; threwe; leapt; pulling; spewe,Infinitive Verb Forms,Structural / Uncertain,inherited,1550-1570#7
british,1570-1590,6,1222,applications; confutation; compositions; definition; definitions; explication; demonstration; diuines; allegations; syllogisme,"Realms, Offices and Civic Administration","Government, Law & Administration",inherited,1550-1570#21
british,1570-1590,57,195,disordinate; delightes; voluptuous; appetites; sensuall; pelfe; concupiscences; motions; stomackes; carnal,Generic Plural Nouns,Structural / Uncertain,inherited,1550-1570#31
british,1570-1590,34,459,allegeaunce; wyues; endeuours; auncetors; intentions; neighboures; dealinges; associates; studies; dooinges,"Sin, Ransom and Deliverance","Religion, Theology & the Church",inherited,1550-1570#8
british,1570-1590,36,452,iurisdiction; performaunce; conseruation; furtherance; maintenaunce; ecclesiastical; approbation; welfare; preseruation; aduancement,"Princely Dignity, Jurisdiction and Empire","Government, Law & Administration",inherited,1550-1570#28
british,1570-1590,20,760,fidei; richardus; marsilius; instit; faust; clemens; fid; nicholaus; libr; alexandrinus,Latin Arithmetic Text,"Science, Mathematics & Natural Philosophy",inherited,1550-1570#15
british,1570-1590,25,669,sobbing; pyning; sobs; griping; languishing; sobbes; grones; wayling; heauinesse; dolors,Virtues and Moral Qualities,Morality: Virtue & Vice,inherited,1550-1570#19
british,1570-1590,43,360,dema; latimer; scotla; stapleton; propou; confou; harding; comprehe; eply; desce,Latin Text and Word Fragments,Structural / Uncertain,inherited,1550-1570#54
british,1570-1590,50,291,regime; sile; conuenie; conse; appointme; abunda; maintena; assura; ancie; preside,Word Fragments,Structural / Uncertain,inherited,1550-1570#47
british,1570-1590,7,1146,elynnion; daioni; wneuthur; nef; gwared; syched; gyfraith; pob; ofn; wraig,Mixed Foreign-Language Text,Structural / Uncertain,inherited,1550-1570#14
british,1570-1590,44,359,vestiments; preachinges; vestments; processions; idolatries; pilgrimages; sacramente; ministration; rites; celebration,"Truth, Conscience and Preaching","Religion, Theology & the Church",inherited,1550-1570#41
british,1570-1590,33,485,diametre; concauitie; adc; tropicke; zodiacke; cancer; capricorne; circumference; southward; zodiack,Civil Administration and Public Wealth,"Government, Law & Administration",inherited,1550-1570#34
british,1570-1590,61,82,deponere; aliquem; aliquo; ris; ta; oris; abr; nis; cicer; plin,Latin Grammar and Classical Authors,"Books, Learning & Scholarship",human,
british,1570-1590,45,349,poti; deaco; lauter; retirer; baro; conseruare; auste; barbara; austens; longi,Church Fathers and Evangelists,"Religion, Theology & the Church",inherited,1550-1570#35
british,1570-1590,13,910,tetters; swellings; flegme; windines; wheales; windinesse; mundifieth; crude; swellinges; resolutiue,Internal Organs and Anatomy,"Medicine, Body & Health",inherited,1550-1570#25
british,1570-1590,8,1120,periuries; dissolutenes; extortion; extorcion; frowardnes; backbiting; deceipts; cauils; forgerie; deceiptes,Latin and French Grammar Terms,"Books, Learning & Scholarship",inherited,1550-1570#27
british,1570-1590,4,1324,nightshade; sorrell; cinamon; hysope; pomegranate; almonde; berries; broath; creame; decoct,Household Goods and Provisions,"Domestic Life, Dress & Household",inherited,1550-1570#5
british,1570-1590,26,652,foming; billowes; hurling; blustering; lightninges; amayne; blasts; ratling; lightenings; shiuering,"Weather, Sky and Zodiac","Nature, Landscape & Weather",inherited,1550-1570#13
british,1570-1590,23,736,nostris; iuxta; vrbem; quoque; quamuis; exemplum; nostrum; eam; illam; suum,Latin Function Words,Structural / Uncertain,inherited,1550-1570#1
british,1570-1590,32,489,footmen; vauntgard; roade; cornets; regiments; castel; gallies; troupes; harquebuziers; footemen,Place Names and Regions,Geography & Territory,inherited,1550-1570#30
british,1570-1590,5,1323,targets; sattin; furres; imbrodered; sylke; forkes; beake; tayles; veluet; dublet,Body Parts and Physical Description,"Medicine, Body & Health",inherited,1550-1570#18
british,1570-1590,9,1101,preston; feuersham; toledo; southhampton; lincolne; rouen; knolles; lantgraue; vvilliam; worcester,English Nobility and Earldoms,"History, Genealogy, Nobility & Kinship",inherited,1550-1570#23
british,1570-1590,47,309,marito; parere; tanta; expedit; tali; certi; numero; christiano; copia; institutum,Latin Religious Text,Structural / Uncertain,inherited,1550-1570#57
british,1570-1590,51,249,auspurge; randon; winked; tilt; wondred; boorde; goshawke; lenght; leastwise; beck,"Historical Names, Places and Titles","History, Genealogy, Nobility & Kinship",inherited,1550-1570#46
british,1570-1590,22,737,ioram; manasses; ammon; abia; iosaphat; asa; amasa; baasa; ruben; isachar,Roman Numerals and Dates,Structural / Uncertain,inherited,1550-1570#16
british,1570-1590,52,238,burton; tuesday; kingstone; sundaie; horseback; railed; horssebacke; backside; sundaies; seaze,Combat and Motion Verbs,Military & Warfare,inherited,1550-1570#36
british,1570-1590,35,453,medowes; thames; chanell; bankes; castels; banke; woodes; lakes; medow; vallies,Chivalric Romance Names,Structural / Uncertain,inherited,1550-1570#50
british,1570-1590,58,166,thoughtest; hearest; sawest; fearest; thinkst; vsest; woldest; seemest; beleuest; askest,Second-Person Verb Forms,Structural / Uncertain,inherited,1550-1570#52
british,1570-1590,53,222,parasite; baker; puero; dealer; robber; flatterer; runnagate; murtherer; despiser; frenchman,"Charters, Cardinals and Ministers","Government, Law & Administration",inherited,1550-1570#49
british,1570-1590,41,411,gorgious; glistring; carding; gorgeous; deckt; banquetting; decked; maydens; gallant; comly,Descriptive Poetic Adjectives,"Literature, Drama & Poetic Diction",inherited,1550-1570#37
british,1570-1590,56,205,illas; deducere; quas; aute; acri; diuina; legati; iohannis; mulieres; romanae,"Treason, Punishment and Corruption","Government, Law & Administration",inherited,1550-1570#33
british,1570-1590,16,863,soyent; d'angleterre; d'auoir; pouuoit; iamais; toutesfois; mieux; vouloit; maniere; desquels,Law French Legal Text,Structural / Uncertain,inherited,1550-1570#29
british,1570-1590,46,321,withdrawne; seuereth; secluded; separateth; dissenting; sequestred; swarueth; debarred; abstayne; estraunged,Evaluative Adjectives of Fitness,Structural / Uncertain,inherited,1550-1570#56
british,1570-1590,27,590,peloponesus; phrygia; venta; thracia; ladislaus; norway; albania; romania; latium; arabia,"Biblical Genealogies, Old Testament","Religion, Theology & the Church",inherited,1550-1570#12
british,1570-1590,39,437,outrages; murders; dissensions; insolencies; tumults; extortions; theftes; violences; seditions; murthers,"Vice, Misery and Vanity",Morality: Virtue & Vice,inherited,1550-1570#17
british,1570-1590,2,1429,refert; nempe; regia; logicae; vires; lumina; sceleris; praecepta; jam; illius,Latin Commercial Arithmetic,"Science, Mathematics & Natural Philosophy",inherited,1550-1570#20
british,1570-1590,30,516,sopra; essendo; tenuto; essi; nella; hauendo; accioche; sotto; tutto; cagione,Word Fragments,Structural / Uncertain,inherited,1550-1570#45
british,1570-1590,48,300,disciplinae; praeterea; iudices; ijs; duntaxat; summi; debent; veteres; iudici; iis,"Redemption, Salvation and Righteousness","Religion, Theology & the Church",inherited,1550-1570#58
british,1570-1590,60,83,taried; taryed; remained; reigned; soiourned; raigned; continued; continewed; lyued; contynued,Spelling Variants of 'Quick',Structural / Uncertain,inherited,1550-1570#60
british,1570-1590,24,728,swa; dreid; inglismen; gait; felloun; curage; wrocht; wallace; sutheroun; sicht,Dutch and German Text,Structural / Uncertain,inherited,1550-1570#2
british,1570-1590,38,440,stagge; woolfes; goate; capons; hares; hog; conies; kyte; rauen; crowes,"Usury, Money and Covenants","Trade, Finance & Commerce",inherited,1550-1570#26
british,1570-1590,49,292,agrestis; resinae; elemi; plumbi; chamaemeli; styracis; succi; resina; olibani; lupinorum,Word Fragments,Structural / Uncertain,inherited,1550-1570#59
british,1570-1590,54,220,lyfte; lyft; lyfted; rippe; plucking; trussed; started; bolster; trusse; styrreth,Verbs of Lifting and Raising,Structural / Uncertain,inherited,1550-1570#53
british,1570-1590,55,215,demnation; maunding; stantinople; municating; taineth; iecture; stantly; prehendeth; sequently; plained,Word Fragments,Structural / Uncertain,inherited,1550-1570#40
british,1570-1590,11,1012,ducem; ritus; fuerat; mortales; praestat; nullis; beneficio; plebis; committere; autoritate,"Dates, Times and Numerals",Structural / Uncertain,inherited,1550-1570#32
british,1570-1590,10,1034,hyperici; splendida; acriter; isthuc; exponere; syluae; inuidiam; constituere; vtilitatem; comae,"Archers, Knights and Castles",Military & Warfare,inherited,1550-1570#51
british,1570-1590,3,1418,cortes; amicorum; sicome; dyscu; llid; vitem; gyfammod; excedere; amoriaid; praeclar,Miscellaneous Mixed Vocabulary,Structural / Uncertain,inherited,1550-1570#4
british,1570-1590,62,25,aboout; coourt; awey; yoo; waz; oout; noow; castl; woold; oour,Spelling-Reform Orthographic Variants,Structural / Uncertain,human,
british,1590-1610,47,372,disagreement; inueighed; differences; ioine; conioyned; lincked; combined; amitie; inueigheth; warred,"Concord, Discord and Agreement",Rhetoric & Persuasion,human,
british,1590-1610,1,1527,propose; contradict; entreate; iniure; gainesay; refute; disproue; approoue; liken; compell,Base-Form Verbs,Structural / Uncertain,inherited,1570-1590#1
british,1590-1610,39,480,eucharist; glorification; celebration; celebrating; sacramentall; statues; redeemer; idols; regeneration; thanksgiuing,"Truth, Conscience and Preaching","Religion, Theology & the Church",inherited,1570-1590#44
british,1590-1610,31,563,vvhervvith; novv; notvvithstandinge; thervvith; vvholye; trepane; poyncte; operatione; vvher; knovven,Conjunctions and Connective Words,Structural / Uncertain,inherited,1570-1590#29
british,1590-1610,52,288,sixty; fourty; grains; sixtie; drammes; fourtie; fifty; threescore; poundes; fifteene,Spelling Variants of 'Quick',Structural / Uncertain,inherited,1570-1590#60
british,1590-1610,34,529,intellectuall; ingenious; proprieties; internall; essence; accidentall; philosophy; animall; subsisting; vegetatiue,Generic Plural Nouns,Structural / Uncertain,inherited,1570-1590#57
british,1590-1610,16,932,iniuriously; vilely; impiously; impertinently; significantly; outragiously; clearly; impudently; daungerously; spitefully,Adverbs of Manner,Structural / Uncertain,inherited,1570-1590#18
british,1590-1610,32,550,neece; familiars; kinswoman; neeces; countrymen; abettors; paramour; endeuours; coosin; nephew,"Sin, Ransom and Deliverance","Religion, Theology & the Church",inherited,1570-1590#34
british,1590-1610,44,439,draper; queane; rogue; pander; yeoman; fidler; girle; haberdasher; knaue; mercer,"Charters, Cardinals and Ministers","Government, Law & Administration",inherited,1570-1590#53
british,1590-1610,61,163,woorse; bigger; blacker; thicker; swifter; harder; whiter; wealthier; hotter; happier,Humours and Bodily Complexion,"Medicine, Body & Health",inherited,1570-1590#59
british,1590-1610,18,844,inhumaine; vnchristian; irreligious; inhumane; blockish; contemptuous; spitefull; vilde; luxurious; hidious,"Treaties, Parliament and Baronial Councils","Government, Law & Administration",inherited,1570-1590#21
british,1590-1610,36,501,shoomakers; taylers; queanes; bawdes; curriers; parlour; windowe; tinkers; nimphes; iesters,Spelling-Reform Orthographic Variants,Structural / Uncertain,inherited,1570-1590#62
british,1590-1610,50,315,ianuarie; nouember; ianuary; sixteenth; nineteenth; eighteenth; june; december; xvii; xxvii,Verbs of Enduring and Continuing,Structural / Uncertain,inherited,1570-1590#28
british,1590-1610,0,2056,wrongd; courted; enformed; glutted; surcharged; refuted; blamed; scorched; ouerthrowen; spide,Past-Tense Narrative Verbs,Structural / Uncertain,inherited,1570-1590#0
british,1590-1610,23,657,partridges; hennes; duckes; buzzard; ducke; geese; ducks; toade; mice; hogge,"Usury, Money and Covenants","Trade, Finance & Commerce",inherited,1570-1590#38
british,1590-1610,19,822,commissaries; suffraganes; archdeacons; notaries; metropolitans; archdeacon; prebendaries; bailiffes; officials; lordbishops,"Princely Dignity, Jurisdiction and Empire","Government, Law & Administration",inherited,1570-1590#36
british,1590-1610,58,185,hebr; comprehendeth; appertaining; concerneth; appertaineth; timoth; includeth; colos; rom; pertaine,New Testament Epistle Citations,"Religion, Theology & the Church",human,
british,1590-1610,37,496,conclusions; assertions; allegations; propositions; interpretations; suppositions; writinges; positions; distinctions; descriptions,"Realms, Offices and Civic Administration","Government, Law & Administration",inherited,1570-1590#6
british,1590-1610,21,724,ruthlesse; greefe; sobbing; grief; panges; anguish; vexations; tormenting; griefe; sobs,Virtues and Moral Qualities,Morality: Virtue & Vice,inherited,1570-1590#25
british,1590-1610,11,1005,casts; leapt; beats; pluckt; leaped; tumbled; threw; pulled; casteth; trip,Infinitive Verb Forms,Structural / Uncertain,inherited,1570-1590#15
british,1590-1610,4,1443,chastiseth; tearmeth; accuseth; loveth; nameth; citeth; alleageth; alledgeth; termeth; inflameth,Third-Person -eth Verb Forms,Structural / Uncertain,inherited,1570-1590#12
british,1590-1610,28,606,moderating; piety; gentlenesse; sinceritie; loyalty; dutifull; meekenes; feruencie; bounty; loyaltie,"Mercy, Grace and Damnation","Religion, Theology & the Church",inherited,1570-1590#17
british,1590-1610,14,983,damasc; gestis; gener; translat; illustr; luth; enchirid; praescript; laicis; iohanne,"Archers, Knights and Castles",Military & Warfare,inherited,1570-1590#10
british,1590-1610,26,625,explication; assertion; syllogisme; treatise; explanation; narration; patent; definition; clause; demonstration,Latin Grammar and Classical Authors,"Books, Learning & Scholarship",inherited,1570-1590#61
british,1590-1610,51,314,monothelites; caluinists; nestorians; montanists; nouatians; eutiches; familists; heretiques; schismatical; manichees,Classical Authors and Philosophers,"Books, Learning & Scholarship",inherited,1570-1590#42
british,1590-1610,48,368,thairfoir; quhill; quhy; zit; declair; micht; agane; befoir; richt; feir,Dutch and German Text,Structural / Uncertain,inherited,1570-1590#24
british,1590-1610,35,504,duskie; radiant; scorching; cloudy; starrie; shyning; raies; pitchie; rayes; clowd,"Weather, Sky and Zodiac","Nature, Landscape & Weather",inherited,1570-1590#26
british,1590-1610,33,550,chambering; obstinacie; gluttonie; luxurie; obstinacy; drunkennesse; arrogancie; riot; gluttony; filthinesse,Latin and French Grammar Terms,"Books, Learning & Scholarship",inherited,1570-1590#8
british,1590-1610,62,163,talkest; vsest; lyest; requirest; fearest; wantest; keepest; saidst; louedst; beleeuest,Second-Person Verb Forms,Structural / Uncertain,inherited,1570-1590#58
british,1590-1610,2,1512,carnation; buskins; corke; ierkin; spangled; imbrodered; speckled; plates; chinne; rosie,Body Parts and Physical Description,"Medicine, Body & Health",inherited,1570-1590#5
british,1590-1610,22,677,iurisdictions; rents; pensions; marchandize; subsidies; taxes; hereditaments; rentes; leases; reuenues,Legal Writs and Property Actions,"Government, Law & Administration",inherited,1570-1590#14
british,1590-1610,20,742,fleame; flegme; phlegme; lungs; clammie; inflamation; drines; dropsies; lunges; gummes,Internal Organs and Anatomy,"Medicine, Body & Health",inherited,1570-1590#13
british,1590-1610,42,454,percioche; poi; noi; molto; consiglio; maritata; giustitia; fatta; hauesse; essi,Word Fragments,Structural / Uncertain,inherited,1570-1590#30
british,1590-1610,43,451,roan; ratisbone; bruges; aix; dhulh; dreux; lenght; windsore; rheims; hartford,"Historical Names, Places and Titles","History, Genealogy, Nobility & Kinship",inherited,1570-1590#51
british,1590-1610,10,1070,forgeries; deceits; impostures; mutinies; toies; insurrections; deuices; trecheries; reuilings; practizes,"Vice, Misery and Vanity",Morality: Virtue & Vice,inherited,1570-1590#39
british,1590-1610,5,1295,ipsorum; quum; talem; adhuc; totam; disciplinae; nullam; cunctis; iterum; tollere,Latin Function Words,Structural / Uncertain,inherited,1570-1590#23
british,1590-1610,46,380,penit; ething; albons; andrewes; omers; poti; ali; nza; domingo; quintin,Church Fathers and Evangelists,"Religion, Theology & the Church",inherited,1570-1590#45
british,1590-1610,9,1084,limons; almonds; cinamon; endiue; smallage; berries; fennell; betony; ireos; betonie,Household Goods and Provisions,"Domestic Life, Dress & Household",inherited,1570-1590#4
british,1590-1610,49,363,matchles; matchlesse; stout; valorous; magnanimitie; valor; chiualrie; prowesse; renowne; prowes,"Meekness, Chastity and Devout Virtue",Morality: Virtue & Vice,inherited,1570-1590#37
british,1590-1610,24,641,valla; hosius; gregorius; scotus; petrus; laertius; franciscus; gellius; stapleton; iohannes,Latin Arithmetic Text,"Science, Mathematics & Natural Philosophy",inherited,1570-1590#20
british,1590-1610,54,267,impugning; conseruation; restrayning; misconstruing; maintaining; exercising; furtherance; deprauing; preseruation; establishing,Maintaining and Upholding Order,"Government, Law & Administration",human,
british,1590-1610,13,994,channell; medowes; shady; boughes; gutter; stormie; banks; stormy; sande; flakes,Chivalric Romance Names,Structural / Uncertain,inherited,1570-1590#35
british,1590-1610,57,220,seazeth; relye; ceaze; soddaine; gaz'd; dotes; rely; relied; leanes; backside,Combat and Motion Verbs,Military & Warfare,inherited,1570-1590#52
british,1590-1610,15,964,oueryssel; auxerre; artois; languedoc; cappadocia; pontus; cilicia; goa; walchren; prussia,"Biblical Genealogies, Old Testament","Religion, Theology & the Church",inherited,1570-1590#27
british,1590-1610,45,435,marw; interiection; appendix; sabbato; allegory; vrinall; vproare; infidel; idiot; heretick,Miscellaneous Rare Nouns,Structural / Uncertain,inherited,1570-1590#31
british,1590-1610,40,467,zodiacke; horizontall; eclipticke; semicircle; quadrant; horizon; verticall; progression; verbes; excentrique,Civil Administration and Public Wealth,"Government, Law & Administration",inherited,1570-1590#33
british,1590-1610,25,630,gordon; erle; edmund; excester; rodrigo; glocester; nassau; darby; malcolme; ferdinando,English Nobility and Earldoms,"History, Genealogy, Nobility & Kinship",inherited,1570-1590#9
british,1590-1610,55,262,swalloweth; ripping; ript; lifte; trussed; ripped; hoise; hudled; heaued; blowen,Verbs of Lifting and Raising,Structural / Uncertain,inherited,1570-1590#54
british,1590-1610,12,1002,val; ilf; geor; ifaith; sirrah; sirha; bully; horatio; balurdo; oni,Word Fragments,Structural / Uncertain,inherited,1570-1590#49
british,1590-1610,7,1186,enwedig; eythr; pwy; gwir; fydd; ymma; ydych; hunain; gwirionedd; gann,Mixed Foreign-Language Text,Structural / Uncertain,inherited,1570-1590#7
british,1590-1610,41,459,phoebe; hippolitus; daphne; hero; nymph; amintas; phillida; adonis; beauteous; iuno,Verbs of Thinking and Perceiving,Structural / Uncertain,inherited,1570-1590#19
british,1590-1610,17,856,amon; eliakim; ahaziah; issachar; iehoram; ioram; ahab; aram; azarias; abimelech,Roman Numerals and Dates,Structural / Uncertain,inherited,1570-1590#22
british,1590-1610,56,262,abstayning; estraunged; abstayne; withholden; swaruing; separat; withhold; seperating; abstain; withdraw,Evaluative Adjectives of Fitness,Structural / Uncertain,inherited,1570-1590#46
british,1590-1610,30,589,phillippe; caius; maximus; philadelphus; claudius; domitian; casar; manlius; trebellius; commodus,"Holy Family, Salvation and Kinship","Religion, Theology & the Church",inherited,1570-1590#40
british,1590-1610,53,287,nny; nowell; fulke; perkins; aldridge; blackwel; ek; rou; harding; propou,Latin Text and Word Fragments,Structural / Uncertain,inherited,1570-1590#43
british,1590-1610,38,485,moins; venir; liure; mesmes; quelques; ilz; qu'on; paix; royaume; ensemble,Law French Legal Text,Structural / Uncertain,inherited,1570-1590#16
british,1590-1610,29,591,warbling; shrill; melodious; nightingale; ratling; melody; chaunting; yelling; flutes; fragrant,Descriptive Poetic Adjectives,"Literature, Drama & Poetic Diction",inherited,1570-1590#41
british,1590-1610,27,609,lansquenets; wallons; artillerie; footemen; regiments; switzers; pikes; gallies; coronell; infanterie,Place Names and Regions,Geography & Territory,inherited,1570-1590#32
british,1590-1610,65,93,nae; assign; rechter; lincker; disagr; niet; inst; hant; fores; daer,Latin Religious Text,Structural / Uncertain,inherited,1570-1590#47
british,1590-1610,59,184,isto; tali; duce; colore; grata; vitio; cedere; castra; vulgo; imperio,"Redemption, Salvation and Righteousness","Religion, Theology & the Church",inherited,1570-1590#48
british,1590-1610,3,1474,istam; iudaei; illorum; quarum; denique; ritus; praesertim; principibus; alios; temporalis,Latin Commercial Arithmetic,"Science, Mathematics & Natural Philosophy",inherited,1570-1590#2
british,1590-1610,6,1205,istius; alicuius; reliquos; archiepiscopo; velint; mercatores; subditis; nihilominus; lata; idcirco,"Dates, Times and Numerals",Structural / Uncertain,inherited,1570-1590#11
british,1590-1610,63,160,manding; uersation; monweale; sequently; temne; mander; tradiction; panie; tinual; tinuall,Word Fragments,Structural / Uncertain,inherited,1570-1590#55
british,1590-1610,60,180,agnoscitur; filium; francorum; habetur; olimpias; atheniensium; clarus; annos; aegiptiorum; hebraeorum,"Treason, Punishment and Corruption","Government, Law & Administration",inherited,1570-1590#56
british,1590-1610,64,146,commaundeme; tena; imprisonme; sile; conuenie; preside; assista; prude; performa; grau,Word Fragments,Structural / Uncertain,inherited,1570-1590#50
british,1590-1610,8,1174,decembris; gallom; bourguignon; duras; philopator; moesia; ferarum; pheroras; ddydd; ymadrodd,Miscellaneous Mixed Vocabulary,Structural / Uncertain,inherited,1570-1590#3
british,1610-1630,46,377,sixtie; sixty; bushels; gilders; fiftie; yardes; thirtie; sixteene; dollars; inches,Spelling Variants of 'Quick',Structural / Uncertain,inherited,1590-1610#52
british,1610-1630,24,811,affability; affable; clemency; sincerity; bountie; goodnes; dexteritie; mildnesse; liberality; feruency,"Mercy, Grace and Damnation","Religion, Theology & the Church",inherited,1590-1610#28
british,1610-1630,3,1562,recommend; refute; authorize; dispossesse; intice; inable; entreate; oblige; disproue; propose,Base-Form Verbs,Structural / Uncertain,inherited,1590-1610#1
british,1610-1630,28,703,radiant; sky; phoebe; spangled; adonis; whoes; sparkling; thetis; beams; rayes,"Weather, Sky and Zodiac","Nature, Landscape & Weather",inherited,1590-1610#35
british,1610-1630,49,337,wherin; knovv; vvrote; wherein; shevved; hovv; ansvver; vvhen; novv; knevv,Conjunctions and Connective Words,Structural / Uncertain,inherited,1590-1610#31
british,1610-1630,55,290,designes; proiects; intendments; indeauours; imployments; endeauours; inclinations; functions; dispositions; projects,Latin Grammar and Classical Authors,"Books, Learning & Scholarship",inherited,1590-1610#26
british,1610-1630,18,974,sehon; ammonites; baasha; iehoram; ioash; ammon; absalon; rezin; moabites; necho,Roman Numerals and Dates,Structural / Uncertain,inherited,1590-1610#17
british,1610-1630,15,1122,jurisdictions; couents; prouinciall; jurisdiction; commissaries; officials; civil; iurisdiction; deanes; ecclesiastical,"Princely Dignity, Jurisdiction and Empire","Government, Law & Administration",inherited,1590-1610#19
british,1610-1630,45,379,bigger; incomprehensible; broader; elegant; swifter; perspicuous; lighter; fairer; unlawfull; significant,Humours and Bodily Complexion,"Medicine, Body & Health",inherited,1590-1610#61
british,1610-1630,42,445,cheater; iack; bawde; tinker; cony; queane; pedler; iade; pander; cobler,"Charters, Cardinals and Ministers","Government, Law & Administration",inherited,1590-1610#44
british,1610-1630,35,571,elianor; niece; margaret; dowager; neece; nephew; mauld; isabella; elenor; countesse,"Sin, Ransom and Deliverance","Religion, Theology & the Church",inherited,1590-1610#32
british,1610-1630,58,273,fourteenth; festiuall; februarie; seuenteenth; ianuarie; fifteenth; april; epiphany; nouember; saturday,Verbs of Enduring and Continuing,Structural / Uncertain,inherited,1590-1610#50
british,1610-1630,7,1356,blamed; affirmed; impugned; encountred; holpen; prooued; discussed; conuinced; assaulted; declared,Past-Tense Narrative Verbs,Structural / Uncertain,inherited,1590-1610#0
british,1610-1630,23,847,shamefully; barbarously; audaciously; impudently; impiously; grosly; malitiously; learnedly; amply; grauely,Adverbs of Manner,Structural / Uncertain,inherited,1590-1610#16
british,1610-1630,38,540,adrianus; antoninus; severus; caius; domitian; seuerus; valerius; northwales; lotharius; marius,"Holy Family, Salvation and Kinship","Religion, Theology & the Church",inherited,1590-1610#30
british,1610-1630,30,665,mallard; cats; ducke; waspe; hog; pheasants; mastiue; ducks; hennes; capons,"Usury, Money and Covenants","Trade, Finance & Commerce",inherited,1590-1610#23
british,1610-1630,13,1134,assertions; currants; propositions; assertion; positions; texts; logicall; interpretations; definitions; expositions,"Realms, Offices and Civic Administration","Government, Law & Administration",inherited,1590-1610#37
british,1610-1630,34,587,confirming; furthering; preservation; furtherance; conseruation; vpholding; suppressing; impeachment; aduancement; blessednes,Maintaining and Upholding Order,"Government, Law & Administration",inherited,1590-1610#54
british,1610-1630,25,764,sirra; frisco; cle; mol; delio; lod; amintor; seb; dick; dido,Word Fragments,Structural / Uncertain,inherited,1590-1610#12
british,1610-1630,17,1035,flung; leaps; leapes; puld; tumbled; tumbles; tosse; throwing; entering; spued,Infinitive Verb Forms,Structural / Uncertain,inherited,1590-1610#11
british,1610-1630,4,1557,tearmeth; flatters; apprehends; accuseth; correcteth; tempts; auoucheth; robbeth; oppresseth; nourisheth,Third-Person -eth Verb Forms,Structural / Uncertain,inherited,1590-1610#4
british,1610-1630,54,293,hereticks; sectaries; arminian; anabaptists; idolaters; schismaticall; heretiques; catholick; atheists; canonists,Classical Authors and Philosophers,"Books, Learning & Scholarship",inherited,1590-1610#51
british,1610-1630,21,894,arched; rhosne; brakes; banke; flowry; propontis; caspian; shady; meadowes; severne,Chivalric Romance Names,Structural / Uncertain,inherited,1590-1610#13
british,1610-1630,10,1257,sac; malmesb; sacr; lutea; defens; asserit; episc; gestis; extat; monachis,"Archers, Knights and Castles",Military & Warfare,inherited,1590-1610#14
british,1610-1630,40,513,tinkers; bawdes; coblers; masking; panders; carding; attires; cheaters; bowling; apish,Spelling-Reform Orthographic Variants,Structural / Uncertain,inherited,1590-1610#36
british,1610-1630,29,670,howlings; sobbing; haynous; dolour; sobs; griefe; misfortunes; miseries; anxiety; vexations,Virtues and Moral Qualities,Morality: Virtue & Vice,inherited,1590-1610#21
british,1610-1630,39,522,luxurie; frowardnes; luxury; gluttony; arrogance; worldlinesse; intemperance; epicurisme; blockishnesse; obstinacie,Latin and French Grammar Terms,"Books, Learning & Scholarship",inherited,1590-1610#33
british,1610-1630,19,940,fines; annuities; amerciaments; reuenues; rentes; forfeitures; allowances; leases; tradesmen; declarations,Legal Writs and Property Actions,"Government, Law & Administration",inherited,1590-1610#22
british,1610-1630,37,541,indiuiduall; operations; intellectuall; immateriall; intrinsecall; corporeall; essence; animall; amitie; physicall,Generic Plural Nouns,Structural / Uncertain,inherited,1590-1610#34
british,1610-1630,32,591,beguil'd; dide; courted; beguild; perceiu'd; blam'd; entertaind; lou'd; grac'd; gain'd,Verbs of Thinking and Perceiving,Structural / Uncertain,inherited,1590-1610#41
british,1610-1630,20,899,watrish; gouts; slimy; dropsies; swellings; fluxes; palsies; kidneyes; vlcers; apoplexies,Internal Organs and Anatomy,"Medicine, Body & Health",inherited,1590-1610#20
british,1610-1630,5,1492,leather; curled; doublet; veluet; stockins; ierkin; buttons; sleeues; imbrodered; skull,Body Parts and Physical Description,"Medicine, Body & Health",inherited,1590-1610#2
british,1610-1630,62,156,preiudiciall; sutable; appertaineth; appertaining; agreeable; surpassing; pertaineth; exceedeth; conteyneth; containeth,New Testament Epistle Citations,"Religion, Theology & the Church",inherited,1590-1610#58
british,1610-1630,12,1165,routs; dissimulations; trecheries; impostures; garboiles; equiuocations; calumniations; fooleries; forgeries; sleights,"Vice, Misery and Vanity",Morality: Virtue & Vice,inherited,1590-1610#10
british,1610-1630,0,1770,quamvis; interdum; priusquam; nonnulli; proponitur; deinceps; idque; habens; suorum; coelos,Latin Function Words,Structural / Uncertain,inherited,1590-1610#5
british,1610-1630,33,588,fil'd; glutted; inuironed; stung; delt; joyne; fill'd; combined; circled; adorn'd,"Concord, Discord and Agreement",Rhetoric & Persuasion,inherited,1590-1610#47
british,1610-1630,47,345,illustri; penit; saepi; albons; denis; citi; seri; ampli; maximin; hillarie,Church Fathers and Evangelists,"Religion, Theology & the Church",inherited,1590-1610#46
british,1610-1630,16,1041,windsore; haynault; roan; henault; artois; armenia; seruia; famagosta; corfu; aniou,"Biblical Genealogies, Old Testament","Religion, Theology & the Church",inherited,1590-1610#15
british,1610-1630,6,1362,gelwydd; fydd; trwy; sydd; eglur; diau; canys; eihun; bydd; newyn,Mixed Foreign-Language Text,Structural / Uncertain,inherited,1590-1610#7
british,1610-1630,27,705,intemperate; rusticke; peeuish; quaint; sullen; sottish; fantasticke; vncharitable; headie; lasciuious,"Treaties, Parliament and Baronial Councils","Government, Law & Administration",inherited,1590-1610#18
british,1610-1630,26,721,gaules; shippes; boats; colonels; footmen; hetruria; germanes; parthians; footemen; keele,Place Names and Regions,Geography & Territory,inherited,1590-1610#27
british,1610-1630,14,1123,gregorius; nicolaus; laurentius; papias; ioannes; valla; pomponius; pontanus; georgius; diodorus,Latin Arithmetic Text,"Science, Mathematics & Natural Philosophy",inherited,1590-1610#24
british,1610-1630,11,1173,insuper; pluribus; hisce; partibus; dictam; iis; summi; vtpote; uno; hostium,Latin Commercial Arithmetic,"Science, Mathematics & Natural Philosophy",inherited,1590-1610#3
british,1610-1630,60,228,pleasest; deniest; enioyest; requirest; tellest; oughtst; perceiuest; callest; speak'st; sawest,Second-Person Verb Forms,Structural / Uncertain,inherited,1590-1610#62
british,1610-1630,51,326,euterpe; melodious; shrill; warbling; satyrs; tunes; tones; flute; thundring; ecchoes,Descriptive Poetic Adjectives,"Literature, Drama & Poetic Diction",inherited,1590-1610#29
british,1610-1630,8,1268,ginger; cinamon; veriuice; berries; quinces; sorrell; fennell; mallowes; saffron; creame,Household Goods and Provisions,"Domestic Life, Dress & Household",inherited,1590-1610#9
british,1610-1630,61,217,random; iested; lenght; vext; randome; repined; wincke; laught; chide; leastwise,"Historical Names, Places and Titles","History, Genealogy, Nobility & Kinship",inherited,1590-1610#43
british,1610-1630,44,413,gusts; billowes; flawes; flakes; boreas; rore; surging; boystrous; fogs; enrag'd,Latin Text and Word Fragments,Structural / Uncertain,inherited,1590-1610#53
british,1610-1630,66,75,vlt; gala; thessal; rom; joh; colos; lu; cor; coloss; col,Biblical Book Abbreviations,Structural / Uncertain,human,
british,1610-1630,53,296,relied; relyed; horseback; relyeth; relies; relieth; spitted; doate; preyed; frowned,Combat and Motion Verbs,Military & Warfare,inherited,1590-1610#57
british,1610-1630,41,495,uniuersity; intruder; hebraisme; vproare; embryo; sigeb; ideot; anabaptist; aduowson; impostor,Miscellaneous Rare Nouns,Structural / Uncertain,inherited,1590-1610#45
british,1610-1630,43,440,quadrant; diameter; eclipticke; aequator; semidiameter; equinoctiall; ecliptick; meridian; diagram; aequinoctiall,Civil Administration and Public Wealth,"Government, Law & Administration",inherited,1590-1610#40
british,1610-1630,48,339,secluded; dissenteth; abstayne; abstaineth; swarue; absteine; disswade; abstained; derogated; swaruing,Evaluative Adjectives of Fitness,Structural / Uncertain,inherited,1590-1610#56
british,1610-1630,64,103,xxiiii; xxii; xvii; gwyn; xxvi; xv; xxiii; xix; xxi; xiii,Roman Numerals,Structural / Uncertain,human,
british,1610-1630,50,335,celebration; solemnizing; sacrificium; shrines; solemnities; mosaicall; leuiticall; consecration; vestiments; trentals,"Truth, Conscience and Preaching","Religion, Theology & the Church",inherited,1590-1610#39
british,1610-1630,63,148,judgeme; prude; prese; iudgme; neglige; demau; dema; couena; conte; gouernme,Word Fragments,Structural / Uncertain,inherited,1590-1610#64
british,1610-1630,56,289,lapt; stirs; stir'd; rippe; ripped; swalloweth; treasured; ripping; clos'd; summed,Verbs of Lifting and Raising,Structural / Uncertain,inherited,1590-1610#55
british,1610-1630,22,871,carlton; walden; dauis; nottingham; dorsetshire; ralph; basset; cambridgeshire; ieronimo; roger,English Nobility and Earldoms,"History, Genealogy, Nobility & Kinship",inherited,1590-1610#25
british,1610-1630,31,656,quelli; spirito; dalla; sete; petto; moro; esser; l'huomo; aguisa; quali,Word Fragments,Structural / Uncertain,inherited,1590-1610#42
british,1610-1630,36,553,tousiours; vient; papes; fois; engleterre; pouuoir; bien; soleil; yeux; veux,Law French Legal Text,Structural / Uncertain,inherited,1590-1610#38
british,1610-1630,57,279,meis; orationem; tuae; lachrymis; tecum; patre; fratris; tuorum; filium; tobae,Dutch and German Text,Structural / Uncertain,inherited,1590-1610#48
british,1610-1630,59,236,galliae; iacobo; ioannis; comiti; procerum; georgio; roberto; londini; angliam; cancellarius,"Treason, Punishment and Corruption","Government, Law & Administration",inherited,1590-1610#60
british,1610-1630,52,324,denique; quarum; istius; ideoque; ejus; cujus; hujus; singulari; singularis; alicuius,Latin Religious Text,Structural / Uncertain,inherited,1590-1610#65
british,1610-1630,2,1577,inquam; quique; tantis; cunctis; regiae; fati; versu; protinus; quapropter; vndique,"Redemption, Salvation and Righteousness","Religion, Theology & the Church",inherited,1590-1610#59
british,1610-1630,65,101,uersation; monwealth; sidering; trarie; maunded; mandeth; sisteth; cluded; secrated; panions,Word Fragments,Structural / Uncertain,inherited,1590-1610#63
british,1610-1630,1,1608,amoriaid; caethiwed; pedwerydd; croissant; cyfia; gwelwch; ddirfawr; lefarodd; cingis; wnei,Miscellaneous Mixed Vocabulary,Structural / Uncertain,inherited,1590-1610#8
british,1610-1630,67,29,whelmed; whelme; insulting; tyrannized; weening; mastred; insulted; tyrannizing; triumphed; awed,"Meekness, Chastity and Devout Virtue",Morality: Virtue & Vice,inherited,1590-1610#49
british,1610-1630,9,1261,facultate; brevi; misera; episcopatus; praeditus; nostru; habentem; subditorum; nemp; protulit,"Dates, Times and Numerals",Structural / Uncertain,inherited,1590-1610#6
british,1610-1630,68,21,vllum; vtri; vtram; quocun; deni; vndi; eidem; abs; vtra; quodcun,Latin Word Fragments,Structural / Uncertain,human,
british,1630-1650,51,412,instilled; dived; metamorphosed; joined; conjoyned; prye; linked; degenerates; united; transformeth,New Testament Epistle Citations,"Religion, Theology & the Church",inherited,1610-1630#62
british,1630-1650,43,622,corporeall; intellectuall; operations; incomprehensible; features; essence; infinitenesse; immense; intrinsecall; incorporeall,Generic Plural Nouns,Structural / Uncertain,inherited,1610-1630#37
british,1630-1650,69,79,tinued; municate; mands; cerning; dition; monly; manded; mandement; demned; trary,Word Fragments,Structural / Uncertain,inherited,1610-1630#65
british,1630-1650,34,713,acht; amhail; ci; gur; bheth; jondas; nn; arna; jna; das,Conjunctions and Connective Words,Structural / Uncertain,inherited,1610-1630#49
british,1630-1650,20,901,vsefull; sottish; dissolute; inconsiderate; blockish; disdainfull; audacious; peevish; franticke; arrogant,"Treaties, Parliament and Baronial Councils","Government, Law & Administration",inherited,1610-1630#27
british,1630-1650,59,279,broader; bigger; thinner; thicker; softer; lighter; richer; older; hotter; happier,Humours and Bodily Complexion,"Medicine, Body & Health",inherited,1610-1630#45
british,1630-1650,45,587,knaue; queane; woodcock; cheater; curre; dancer; slut; miller; mountebanke; puppy,"Charters, Cardinals and Ministers","Government, Law & Administration",inherited,1610-1630#42
british,1630-1650,29,791,clarkes; bayliffs; coroners; clarks; bayliffe; officials; colleges; collectors; clerkes; collectours,"Princely Dignity, Jurisdiction and Empire","Government, Law & Administration",inherited,1610-1630#15
british,1630-1650,35,705,rascalls; fidlers; swaggering; tinkers; wools; wares; cheaters; panders; promoters; brokers,Spelling-Reform Orthographic Variants,Structural / Uncertain,inherited,1610-1630#40
british,1630-1650,27,797,gliding; surges; billowes; tanais; tagus; billows; pond; atlantick; dunkirk; foaming,Latin Text and Word Fragments,Structural / Uncertain,inherited,1610-1630#44
british,1630-1650,2,1689,befriend; assaile; bewitch; vexe; endeare; injoyne; intreat; say; impart; permitt,Base-Form Verbs,Structural / Uncertain,inherited,1610-1630#3
british,1630-1650,46,576,novem; seventeenth; copes; nouember; celebration; festivall; vestments; fourteenth; ceremonies; eucharist,Verbs of Enduring and Continuing,Structural / Uncertain,inherited,1610-1630#58
british,1630-1650,13,1086,amaziah; joram; moab; moabites; ioash; ahijah; absalom; iehoram; uzziah; ismael,Roman Numerals and Dates,Structural / Uncertain,inherited,1610-1630#18
british,1630-1650,12,1088,impiously; essentially; unchristianly; maliciously; abominably; formally; impudently; injuriously; audaciously; scandalously,Adverbs of Manner,Structural / Uncertain,inherited,1610-1630#23
british,1630-1650,0,2102,charm'd; vext; tam'd; betraid; deceiv'd; betray'd; encountred; circumvented; ruinated; surprised,Past-Tense Narrative Verbs,Structural / Uncertain,inherited,1610-1630#7
british,1630-1650,8,1329,descriptions; mathematicks; philosophie; logicall; expositions; quaint; affirmation; assertion; treatises; arabick,"Realms, Offices and Civic Administration","Government, Law & Administration",inherited,1610-1630#13
british,1630-1650,47,462,neece; aunt; nephew; mistrisse; grandsires; shedde; wife; uncle; vnckle; friends,"Sin, Ransom and Deliverance","Religion, Theology & the Church",inherited,1610-1630#35
british,1630-1650,44,620,capons; vultures; pullet; hens; pheasant; partridges; pies; frog; monkies; ducke,"Usury, Money and Covenants","Trade, Finance & Commerce",inherited,1610-1630#30
british,1630-1650,14,1084,slides; fling; leaps; puld; flings; tumbles; flung; tumbled; plucks; tosse,Infinitive Verb Forms,Structural / Uncertain,inherited,1610-1630#17
british,1630-1650,50,442,undertakings; employments; restles; practises; mindes; designes; indeavours; deportments; behauiour; minds,Latin Grammar and Classical Authors,"Books, Learning & Scholarship",inherited,1610-1630#55
british,1630-1650,68,89,they'l; i'll; hee'l; i'le; wee'll; ile; they'le; you'll; wee'le; hee'le,Contracted Verb Forms,Structural / Uncertain,human,
british,1630-1650,36,690,eutyches; iurisdiction; heretiks; manichees; schismatickes; jurisdiction; arians; valentinus; heresie; papisticall,Classical Authors and Philosophers,"Books, Learning & Scholarship",inherited,1610-1630#54
british,1630-1650,24,841,opposing; disabling; countenancing; censuring; furthering; dammage; abetting; strengthening; promoting; reproving,Maintaining and Upholding Order,"Government, Law & Administration",inherited,1610-1630#34
british,1630-1650,60,259,hogsheads; fiftie; foureteene; eighteen; pintes; thirtie; bushels; thirteene; sixteene; fortie,Spelling Variants of 'Quick',Structural / Uncertain,inherited,1610-1630#46
british,1630-1650,4,1522,avoucheth; stileth; accounteth; quotes; interpreteth; communicates; blesseth; applies; interprets; expoundeth,Third-Person -eth Verb Forms,Structural / Uncertain,inherited,1610-1630#4
british,1630-1650,21,900,dalmatia; brunswick; cuba; tartaria; sicilia; dacia; ancona; sardinia; sicilie; burgundy,"Biblical Genealogies, Old Testament","Religion, Theology & the Church",inherited,1610-1630#16
british,1630-1650,31,756,meads; medowes; vales; shady; flowrie; meadowes; rafters; grassie; turret; turrets,Chivalric Romance Names,Structural / Uncertain,inherited,1610-1630#21
british,1630-1650,39,654,daphne; spangled; lyre; penelope; nimph; proserpine; cynthia; iuno; hecuba; cloris,"Truth, Conscience and Preaching","Religion, Theology & the Church",inherited,1610-1630#50
british,1630-1650,30,771,magnanimity; valorous; goodnesse; bountie; candour; affable; solidity; sincerity; cautious; mildnesse,"Mercy, Grace and Damnation","Religion, Theology & the Church",inherited,1610-1630#24
british,1630-1650,26,800,disasters; perplexities; inconveniencies; dissentions; anguish; discontents; discords; heauinesse; violences; disturbances,Virtues and Moral Qualities,Morality: Virtue & Vice,inherited,1610-1630#29
british,1630-1650,15,1083,emendat; sacr; defens; orig; cathol; praefat; parmen; primatu; sacerd; bibl,"Archers, Knights and Castles",Military & Warfare,inherited,1610-1630#10
british,1630-1650,9,1287,dropsies; cramps; inflammations; windinesse; flegme; watrish; vlcers; clammy; phlegme; adust,Internal Organs and Anatomy,"Medicine, Body & Health",inherited,1610-1630#20
british,1630-1650,25,820,luxury; stubbornnesse; voluptuousnesse; intemperance; wilfulnesse; worldlinesse; imbecillity; rashnesse; vncleannesse; perversnesse,Latin and French Grammar Terms,"Books, Learning & Scholarship",inherited,1610-1630#39
british,1630-1650,5,1495,taffata; velvet; embroidered; curled; tresses; shells; crisped; embrodered; blue; sattin,Body Parts and Physical Description,"Medicine, Body & Health",inherited,1610-1630#5
british,1630-1650,17,1050,payments; disseisor; assessements; grantee; reversion; annuities; pensions; certiorari; feoffee; disbursments,Legal Writs and Property Actions,"Government, Law & Administration",inherited,1610-1630#19
british,1630-1650,11,1216,sicuti; debeat; insigni; quodque; teneatur; cupit; reliquae; istam; liceret; mirum,Latin Function Words,Structural / Uncertain,inherited,1610-1630#0
british,1630-1650,58,286,radiant; sparkling; foggy; resplendent; brightest; duskie; refulgent; dusky; dazling; gloomy,"Weather, Sky and Zodiac","Nature, Landscape & Weather",inherited,1610-1630#28
british,1630-1650,7,1364,barker; barrington; gower; walton; sadler; randall; newton; leigh; iackson; morley,English Nobility and Earldoms,"History, Genealogy, Nobility & Kinship",inherited,1610-1630#22
british,1630-1650,48,452,dragooners; musquetiers; cavallery; musquets; muskettiers; muskets; carbines; troupes; waggons; trenches,Place Names and Regions,Geography & Territory,inherited,1610-1630#26
british,1630-1650,42,625,deckt; complyed; replenished; fil'd; complied; delt; gorgeous; glutted; adorn'd; gaudy,"Concord, Discord and Agreement",Rhetoric & Persuasion,inherited,1610-1630#33
british,1630-1650,28,796,sedem; doctrinam; illorum; sanctos; graecis; divinam; habeamus; itaque; libros; qi,Latin Commercial Arithmetic,"Science, Mathematics & Natural Philosophy",inherited,1610-1630#11
british,1630-1650,62,237,requirest; pretendest; perceivest; saw'st; hopest; talkest; spakest; answerest; beleeuest; intendest,Second-Person Verb Forms,Structural / Uncertain,inherited,1610-1630#60
british,1630-1650,65,128,rom; galat; cor; sorcerer; philemon; matth; herod; pet; timotheus; ephe,Biblical Book Abbreviations,Structural / Uncertain,inherited,1610-1630#66
british,1630-1650,56,297,laugh'd; scoft; laught; randome; connived; aym'd; repined; lenght; carpe; laughs,"Historical Names, Places and Titles","History, Genealogy, Nobility & Kinship",inherited,1610-1630#61
british,1630-1650,67,91,xxv; xviii; xv; xix; xiiii; xxiii; xvii; xiv; xxxii; xxii,Roman Numerals,Structural / Uncertain,inherited,1610-1630#64
british,1630-1650,57,292,swarving; abstracting; disswades; deriued; seuered; derogating; absteine; seperated; swarue; receding,Evaluative Adjectives of Fitness,Structural / Uncertain,inherited,1610-1630#48
british,1630-1650,6,1405,sorrell; quinces; cinamon; succory; cinnamon; berries; cloues; buglosse; masticke; capon,Household Goods and Provisions,"Domestic Life, Dress & Household",inherited,1610-1630#8
british,1630-1650,61,253,chrisostome; ulteri; meli; diuti; augustins; penit; denis; ampli; longi; poti,Church Fathers and Evangelists,"Religion, Theology & the Church",inherited,1610-1630#47
british,1630-1650,37,686,shrill; melodious; tones; warbling; syren; sobbing; ecchoing; chanting; anthems; dances,Descriptive Poetic Adjectives,"Literature, Drama & Poetic Diction",inherited,1610-1630#51
british,1630-1650,18,970,chrysostomus; andreas; iohannes; gregorius; laertius; virgil; bucerus; iacobus; livy; nicolaus,Latin Arithmetic Text,"Science, Mathematics & Natural Philosophy",inherited,1610-1630#14
british,1630-1650,53,390,doated; doate; relyed; relyeth; gaz'd; seazed; doted; fixes; frowned; seased,Combat and Motion Verbs,Military & Warfare,inherited,1610-1630#53
british,1630-1650,32,752,subtilties; impostures; fictions; scurrilous; nefarious; fopperies; frothy; machinations; wiles; calumniations,"Vice, Misery and Vanity",Morality: Virtue & Vice,inherited,1610-1630#12
british,1630-1650,49,445,semicircle; horizontall; axis; radius; quadrant; intersection; diameter; triangle; aequinoctiall; ecliptick,Civil Administration and Public Wealth,"Government, Law & Administration",inherited,1610-1630#43
british,1630-1650,16,1063,aurelia; bla; hum; chi; mir; slen; sirra; val; florio; sabina,Word Fragments,Structural / Uncertain,inherited,1610-1630#25
british,1630-1650,52,392,cooped; trussed; stird; stir'd; lock't; foulded; rouzed; dry'd; patcht; hoord,Verbs of Lifting and Raising,Structural / Uncertain,inherited,1610-1630#56
british,1630-1650,38,676,caius; severus; lepidus; philippus; valerius; pompeius; traian; antoninus; publius; crassus,"Holy Family, Salvation and Kinship","Religion, Theology & the Church",inherited,1610-1630#38
british,1630-1650,41,628,ironie; amorite; enthymeme; irishman; anchorite; unbeliever; hermaphrodite; onion; incubus; apoplexy,Miscellaneous Rare Nouns,Structural / Uncertain,inherited,1610-1630#41
british,1630-1650,3,1580,dari; rursus; reliquorum; velint; nonnullis; externis; aliorum; quorundam; perfectam; deinceps,Latin Religious Text,Structural / Uncertain,inherited,1610-1630#52
british,1630-1650,22,884,hefyd; yw'r; gweled; ynddynt; meddwl; gwneuthur; hwynt; etto; dynion; cyflwr,Mixed Foreign-Language Text,Structural / Uncertain,inherited,1610-1630#6
british,1630-1650,33,734,dictae; tenentur; praedicta; cujusdam; summi; doctoribus; praedicti; archiepiscopum; tenore; ministris,"Treason, Punishment and Corruption","Government, Law & Administration",inherited,1610-1630#59
british,1630-1650,23,850,drogheda; barkshire; woodstocke; wiltshire; shrewsbury; leeds; saltash; weymouth; waterford; abington,Verbs of Thinking and Perceiving,Structural / Uncertain,inherited,1610-1630#32
british,1630-1650,1,1765,tuorum; heic; inquam; praeceps; aestate; illic; quaeque; tuos; protinus; atqui,"Redemption, Salvation and Righteousness","Religion, Theology & the Church",inherited,1610-1630#2
british,1630-1650,40,632,multas; nominibus; asserunt; latina; seipsis; quandoque; utpote; universo; administrationem; ortu,Word Fragments,Structural / Uncertain,inherited,1610-1630#63
british,1630-1650,73,20,nostr; nimi; utr; vestr; tanqu; prim; nunqu; mult; magistro; potissim,Latin Word Fragments,Structural / Uncertain,human,
british,1630-1650,70,58,tyrannized; insulted; topping; whelmed; victorious; trophees; trophies; lorded; conquests; whelme,"Meekness, Chastity and Devout Virtue",Morality: Virtue & Vice,inherited,1610-1630#67
british,1630-1650,63,185,terminations; plu; rum; fuissent; rint; fuer; audivi; ris; audio; substantives,Dutch and German Text,Structural / Uncertain,inherited,1610-1630#57
british,1630-1650,54,318,encore; eux; fois; faict; d'escosse; puis; luy; peu; dios; mesme,Law French Legal Text,Structural / Uncertain,inherited,1610-1630#36
british,1630-1650,55,314,aluminis; caryoph; spicae; macis; cinamo; galbani; sumach; ammoniaci; aceti; styracis,Latin Pharmacopoeia Ingredients,"Medicine, Body & Health",human,
british,1630-1650,71,27,thirsted; hungers; thirsts; hunted; thirsting; hunteth; panted; gapes; gape; pant,Verbs of Longing and Desire,Morality: Virtue & Vice,human,
british,1630-1650,19,920,dragwyddol; feloniam; appellum; nucum; llefaru; awron; petentis; pasturae; daucus; capiatur,Miscellaneous Mixed Vocabulary,Structural / Uncertain,inherited,1610-1630#1
british,1630-1650,66,104,vader; gaet; sijn; noch; woorden; twee; doen; hebben; andere; sijne,Word Fragments,Structural / Uncertain,inherited,1610-1630#31
british,1630-1650,64,146,exhibet; respondeat; habuerit; lecto; oporteat; fecerint; facultatem; fieret; immortales; debeant,Latin Legal and Rhetorical Text,Structural / Uncertain,human,
british,1630-1650,72,21,thist; quich; leyr; dofe; thels; thel; quoe; vulle; soune; maxt,Word Fragments,Structural / Uncertain,human,
british,1630-1650,10,1246,tantam; falsam; oportebit; confert; hominu; contendit; eaque; aliquas; dicebatur; venisse,"Dates, Times and Numerals",Structural / Uncertain,inherited,1610-1630#9
british,1630-1650,74,12,deni; utra; quocun; undi; utrius; quodcun; utro; quous; quicun; quaecun,Latin Word Fragments,Structural / Uncertain,inherited,1610-1630#68
british,1650-1670,65,307,walms; dollers; thirtie; pintes; twentie; stadia; groats; pugils; fortie; eighteen,Spelling Variants of 'Quick',Structural / Uncertain,inherited,1630-1650#60
british,1650-1670,36,947,essence; mumial; immaterial; seminal; incomprehensible; extrinsecall; perceptions; objective; intrinsecal; immateriall,Generic Plural Nouns,Structural / Uncertain,inherited,1630-1650#43
british,1650-1670,31,1038,sophister; lass; rascal; jade; woodcock; waggish; servingman; knavish; coxcomb; conjurer,"Charters, Cardinals and Ministers","Government, Law & Administration",inherited,1630-1650#45
british,1650-1670,45,762,loue; euen; beleiue; deceiue; leaue; beleeue; diuine; behaue; novv; endeauour,Conjunctions and Connective Words,Structural / Uncertain,inherited,1630-1650#34
british,1650-1670,28,1153,unmanly; morose; petulant; nastie; groundlesse; untractable; jesuiticall; deboist; abusive; languid,"Treaties, Parliament and Baronial Councils","Government, Law & Administration",inherited,1630-1650#20
british,1650-1670,64,333,handsomer; moister; thicker; happier; colder; bigger; older; broader; soberest; noblest,Humours and Bodily Complexion,"Medicine, Body & Health",inherited,1630-1650#59
british,1650-1670,52,528,pinnace; squadrons; boats; ships; regiments; oares; troops; frigots; brigades; footmen,Place Names and Regions,Geography & Territory,inherited,1630-1650#48
british,1650-1670,35,966,catt; hog; duck; glovers; mallard; kite; thrushes; ducks; stag; hares,"Usury, Money and Covenants","Trade, Finance & Commerce",inherited,1630-1650#44
british,1650-1670,0,2598,carped; boggle; tuag; demonstrated; spy'd; betray'd; alarm'd; surpriz'd; randome; ayming,Past-Tense Narrative Verbs,Structural / Uncertain,inherited,1630-1650#0
british,1650-1670,7,1801,asserteth; asserts; termeth; expells; cools; communicates; beholdeth; interprets; attenuates; hates,Third-Person -eth Verb Forms,Structural / Uncertain,inherited,1630-1650#4
british,1650-1670,58,402,duodecim; septimo; iune; vigesimo; christmass; vicesimo; jacobi; triginta; ianuary; septembris,Verbs of Enduring and Continuing,Structural / Uncertain,inherited,1630-1650#46
british,1650-1670,29,1075,egregiously; formally; accurately; unchristianly; affectionately; audaciously; advantagiously; uncivilly; impudently; scandalously,Adverbs of Manner,Structural / Uncertain,inherited,1630-1650#12
british,1650-1670,10,1650,explications; rhetoricall; mathematicks; descriptions; preface; philosophicall; assertions; astronomy; assertion; philosophical,"Realms, Offices and Civic Administration","Government, Law & Administration",inherited,1630-1650#8
british,1650-1670,9,1663,obliege; constraine; inflame; befriend; entitle; endear; quell; injure; entreat; assail,Base-Form Verbs,Structural / Uncertain,inherited,1630-1650#2
british,1650-1670,14,1478,provosts; coroners; bishopricks; landaff; suffragan; synods; coroner; bayliffs; sherifs; andrewes,"Princely Dignity, Jurisdiction and Empire","Government, Law & Administration",inherited,1630-1650#29
british,1650-1670,15,1478,affability; courtly; spruce; affable; beauteous; goodnes; graceful; sublimity; candor; chearfulness,"Mercy, Grace and Damnation","Religion, Theology & the Church",inherited,1630-1650#30
british,1650-1670,19,1338,flung; spued; spewed; tumbled; pluck'd; powr'd; pul'd; snatcht; flings; fling,Infinitive Verb Forms,Structural / Uncertain,inherited,1630-1650#14
british,1650-1670,16,1432,mir; pish; dessandro; valerio; euph; bris; sirra; daphne; phi; dogrel,Word Fragments,Structural / Uncertain,inherited,1630-1650#16
british,1650-1670,37,936,toyish; whimsies; railings; fictions; fantastical; sophismes; scurrilous; fopperies; fantastick; subtilties,"Vice, Misery and Vanity",Morality: Virtue & Vice,inherited,1630-1650#32
british,1650-1670,51,553,pryed; pried; instilled; implunged; transmuted; transformes; clotted; transformeth; infuses; bedewed,New Testament Epistle Citations,"Religion, Theology & the Church",inherited,1630-1650#51
british,1650-1670,13,1574,peevishness; wilfulnesse; indiscretion; arrogance; wilfulness; violences; petulancy; levity; effeminacy; rashness,Latin and French Grammar Terms,"Books, Learning & Scholarship",inherited,1630-1650#25
british,1650-1670,32,1006,fc; cg; db; bc; gc; rectangle; quadrant; cf; semidiameter; cd,Civil Administration and Public Wealth,"Government, Law & Administration",inherited,1630-1650#49
british,1650-1670,23,1266,sardinia; epirus; livonia; galicia; cleve; morea; calabria; lisbon; lybia; lisbone,"Biblical Genealogies, Old Testament","Religion, Theology & the Church",inherited,1630-1650#21
british,1650-1670,40,873,plenis; praeteritis; publicis; dicemus; apparatu; tenentibus; praecipuis; scriptis; praedestinatione; sequentibus,Word Fragments,Structural / Uncertain,inherited,1630-1650#40
british,1650-1670,33,1005,variations; mutinies; anxiety; perplexities; feuds; disturbances; disasters; combustions; indispositions; dissentions,Virtues and Moral Qualities,Morality: Virtue & Vice,inherited,1630-1650#26
british,1650-1670,22,1286,colick; struma; rhumes; lungues; inflamations; dropsies; fistula; gouts; membranes; kibes,Internal Organs and Anatomy,"Medicine, Body & Health",inherited,1630-1650#9
british,1650-1670,54,497,vaults; arched; chests; battlements; turrets; cellars; wardrobe; gutter; pallaces; hole,Chivalric Romance Names,Structural / Uncertain,inherited,1630-1650#31
british,1650-1670,49,585,radiant; duskie; dusky; glowing; phaebus; raies; spangled; sparkling; brightest; titan,"Weather, Sky and Zodiac","Nature, Landscape & Weather",inherited,1630-1650#58
british,1650-1670,4,1931,stockins; curled; taffaty; sattin; pendents; deck'd; satten; jerkin; clout; bristles,Body Parts and Physical Description,"Medicine, Body & Health",inherited,1630-1650#5
british,1650-1670,42,803,allegorie; alcetas; interjection; anchorite; ideot; athiest; emerauld; atrophia; hermaphrodite; surper,Miscellaneous Rare Nouns,Structural / Uncertain,inherited,1630-1650#41
british,1650-1670,1,2253,utique; duntaxat; tantopere; nedum; audeat; haberi; qualem; possent; ejusmodi; constitutum,Latin Function Words,Structural / Uncertain,inherited,1630-1650#11
british,1650-1670,41,816,parentis; tantis; munere; secundis; nequit; famae; carmina; aevi; frequens; praebet,Latin Legal and Rhetorical Text,Structural / Uncertain,inherited,1630-1650#64
british,1650-1670,25,1222,viscous; attenuated; vaporous; fermenting; clammy; pituitous; calx; coagulated; serous; aqueous,Spelling-Reform Orthographic Variants,Structural / Uncertain,inherited,1630-1650#35
british,1650-1670,5,1913,carey; bryan; basset; boteler; denton; stanton; gifford; osborne; cradock; rochford,English Nobility and Earldoms,"History, Genealogy, Nobility & Kinship",inherited,1630-1650#7
british,1650-1670,66,237,amitie; agreements; repealing; amity; union; confederation; unlawfulness; treaties; illegality; alliances,Latin Grammar and Classical Authors,"Books, Learning & Scholarship",inherited,1630-1650#50
british,1650-1670,48,639,arrius; macedonius; sabellius; eutychians; manichees; arrians; cheaters; arians; sectaries; deluders,Classical Authors and Philosophers,"Books, Learning & Scholarship",inherited,1630-1650#36
british,1650-1670,24,1223,ahaziah; aram; jehoram; hezron; amaziah; eliab; zechariah; azariah; moab; joash,Roman Numerals and Dates,Structural / Uncertain,inherited,1630-1650#13
british,1650-1670,21,1291,utramque; eumque; istam; eamque; normam; habeant; magnam; istius; summam; pristinum,Latin Commercial Arithmetic,"Science, Mathematics & Natural Philosophy",inherited,1630-1650#28
british,1650-1670,63,335,backchurch; alti; silverstreet; ethelborough; jago; rurs; albanes; severin; ampli; thome,Church Fathers and Evangelists,"Religion, Theology & the Church",inherited,1630-1650#61
british,1650-1670,62,339,actest; labourest; diddest; calledst; expectest; liv'st; enjoyest; spakest; gettest; observest,Second-Person Verb Forms,Structural / Uncertain,inherited,1630-1650#62
british,1650-1670,50,574,tampered; complyed; complied; pestred; invironed; clog'd; stufft; mix'd; pestered; meddled,"Concord, Discord and Agreement",Rhetoric & Persuasion,inherited,1630-1650#42
british,1650-1670,68,146,xxv; xiiii; xxxix; xvii; xxvii; xxi; xxiv; xxii; xvi; xli,Roman Numerals,Structural / Uncertain,inherited,1630-1650#67
british,1650-1670,60,392,receded; abstracting; derogated; frees; deviated; recede; dissimilitude; identity; deducible; withheld,Evaluative Adjectives of Fitness,Structural / Uncertain,inherited,1630-1650#57
british,1650-1670,38,911,shrill; warbling; melodious; anthems; fiddle; ditties; shril; bellowing; danc'd; dances,Descriptive Poetic Adjectives,"Literature, Drama & Poetic Diction",inherited,1630-1650#37
british,1650-1670,59,396,substantives; verbe; syriac; nouns; preposition; nounes; adiectives; trope; termination; terminations,Dutch and German Text,Structural / Uncertain,inherited,1630-1650#63
british,1650-1670,56,477,doated; relied; preyed; descanting; incroached; doat; relye; relyes; father'd; entrenching,Combat and Motion Verbs,Military & Warfare,inherited,1630-1650#53
british,1650-1670,30,1041,earundem; dictorum; securitate; dictae; ordinavimus; avro; praedictis; praedictarum; ballivis; illarum,"Treason, Punishment and Corruption","Government, Law & Administration",inherited,1630-1650#33
british,1650-1670,61,346,scythians; gothes; vandals; goths; ostrogoths; tartars; arabians; grecians; spaniards; alans,"Holy Family, Salvation and Kinship","Religion, Theology & the Church",inherited,1630-1650#38
british,1650-1670,55,486,rhodanus; mediterranean; ganges; pond; indus; billows; billowes; rhone; atlantick; danubius,Latin Text and Word Fragments,Structural / Uncertain,inherited,1630-1650#27
british,1650-1670,11,1628,nicolaus; trogus; origenes; aurelius; espencaeus; joannes; suidas; gregorius; elog; iohannes,Latin Arithmetic Text,"Science, Mathematics & Natural Philosophy",inherited,1630-1650#18
british,1650-1670,20,1335,reliquos; quaeque; simulque; cumque; idque; utpote; paulatim; praesertim; hisce; rursus,Latin Religious Text,Structural / Uncertain,inherited,1630-1650#3
british,1650-1670,8,1724,termor; disseisin; disseisor; conusee; feoffor; copyhold; demandant; conusor; tenancy; assise,Legal Writs and Property Actions,"Government, Law & Administration",inherited,1630-1650#17
british,1650-1670,12,1625,spinage; skirrets; shrimps; tufted; lettuce; artichocks; verdant; maple; fryed; parsnips,Household Goods and Provisions,"Domestic Life, Dress & Household",inherited,1630-1650#6
british,1650-1670,17,1387,syntag; praef; emend; praes; theolog; synt; cajetanus; cyri; chamierus; ypodigma,"Archers, Knights and Castles",Military & Warfare,inherited,1630-1650#15
british,1650-1670,18,1349,rhyw; gwybodaeth; bydded; fywyd; dynion; enaid; deulu; fydd; anrhydedd; ofn,Mixed Foreign-Language Text,Structural / Uncertain,inherited,1630-1650#22
british,1650-1670,46,692,isabell; diocles; minerva; pallas; telamon; faustina; clytemnestra; iuno; elianor; aemilia,"Truth, Conscience and Preaching","Religion, Theology & the Church",inherited,1630-1650#39
british,1650-1670,44,768,mascarenhas; brunswick; lorrain; vendosme; modena; juliers; urbine; sigismund; fernandez; rodrigo,"Sin, Ransom and Deliverance","Religion, Theology & the Church",inherited,1630-1650#47
british,1650-1670,34,984,melton; buckland; hardwick; seaton; sparkingho; chelmesford; vvorcester; scarsdale; northumb; leicest,Verbs of Thinking and Perceiving,Structural / Uncertain,inherited,1630-1650#23
british,1650-1670,47,642,betaking; behav'd; reproaching; addict; backbiting; addresseth; betaketh; bestir; bestirred; behaves,Maintaining and Upholding Order,"Government, Law & Administration",inherited,1630-1650#24
british,1650-1670,57,471,wrapp'd; cooped; wrapping; blockt; stirrs; dammed; sum'd; lapt; hudled; swalloweth,Verbs of Lifting and Raising,Structural / Uncertain,inherited,1630-1650#52
british,1650-1670,26,1168,negationem; acumine; vocibus; existentiae; reliquis; conceptum; spirituum; constitutione; naturaliter; consistere,Contracted Verb Forms,Structural / Uncertain,inherited,1630-1650#68
british,1650-1670,67,230,praesens; participium; praesentis; orum; excipe; ium; quartae; doctum; istuc; monitus,"Historical Names, Places and Titles","History, Genealogy, Nobility & Kinship",inherited,1630-1650#56
british,1650-1670,69,48,admod; utram; nostr; unicui; nunqu; nimi; caeter; utra; quocun; potissim,Latin Word Fragments,Structural / Uncertain,inherited,1630-1650#73
british,1650-1670,43,772,fatto; veder; parlar; quello; faccia; quelli; perche; ancora; cio; l'altro,Word Fragments,Structural / Uncertain,inherited,1630-1650#66
british,1650-1670,53,507,voir; laquelle; donc; comme; personne; autres; rien; encore; eux; estoit,Law French Legal Text,Structural / Uncertain,inherited,1630-1650#54
british,1650-1670,27,1160,scordium; housleek; euphorbium; bistort; succory; scabious; sorrell; brooklime; snakeweed; purslain,Latin Pharmacopoeia Ingredients,"Medicine, Body & Health",inherited,1630-1650#55
british,1650-1670,70,24,cerning; munion; monly; mitted; mit; mandement; mand; clude; trary; mands,Word Fragments,Structural / Uncertain,inherited,1630-1650#69
british,1650-1670,71,24,deciding; determining; untoucht; lurch; decision; untouched; undetermined; umpire; unanswered; arbitration,"Meekness, Chastity and Devout Virtue",Morality: Virtue & Vice,inherited,1630-1650#70
british,1650-1670,6,1909,urinam; utrinque; apposita; producunt; itidem; istiusmodi; reliquae; ramis; ceu; durat,"Redemption, Salvation and Righteousness","Religion, Theology & the Church",inherited,1630-1650#1
british,1650-1670,39,892,novos; ducum; ingenti; muneribus; potissimum; reditum; exercitum; reddunt; patriis; duci,Biblical Book Abbreviations,Structural / Uncertain,inherited,1630-1650#65
british,1650-1670,2,2134,crechurch; fynck; putemus; servientium; contentis; galf; huntind; illu; icones; abrenethy,Miscellaneous Mixed Vocabulary,Structural / Uncertain,inherited,1630-1650#19
british,1650-1670,3,2044,perfidiae; respectus; deliberationem; eloquio; confirmamus; quantumcunque; dignitatibus; exaltationem; deserit; tranquillitate,"Dates, Times and Numerals",Structural / Uncertain,inherited,1630-1650#10
british,1670-1690,56,388,sochm; bushels; hogsheads; crotchets; stivers; counterchanged; ermin; gules; azur; pences,Spelling Variants of 'Quick',Structural / Uncertain,inherited,1650-1670#65
british,1670-1690,3,2251,efficiency; intellection; affability; operations; indivisible; elegant; intellectual; congruous; goodness; acknowledgments,"Mercy, Grace and Damnation","Religion, Theology & the Church",inherited,1650-1670#15
british,1670-1690,55,389,treach'rous; neighb'ring; vvhilst; beauty's; conqu'ring; whelm; trophies; am'rous; whelm'd; lorded,Virtues and Moral Qualities,Morality: Virtue & Vice,inherited,1650-1670#33
british,1670-1690,39,764,concave; radius; abcd; bc; fg; aequator; rectangle; cylinders; chord; cd,Civil Administration and Public Wealth,"Government, Law & Administration",inherited,1650-1670#32
british,1670-1690,15,1565,witless; sophistical; untractable; ungovernable; whimsical; unmanly; whimsies; chimaera's; ribaldry; fantastick,"Treaties, Parliament and Baronial Councils","Government, Law & Administration",inherited,1650-1670#28
british,1670-1690,59,337,handsomer; nimbler; thicker; blacker; older; antienter; thinner; taller; broader; falser,Humours and Bodily Complexion,"Medicine, Body & Health",inherited,1650-1670#64
british,1670-1690,29,1107,puppy; bouncing; fops; fidler; wench; sot; quean; fiddle; fop; buffoon,"Charters, Cardinals and Ministers","Government, Law & Administration",inherited,1650-1670#31
british,1670-1690,37,869,infantry; squadrons; granadiers; cavalry; battalions; tanners; canoes; troopers; troups; tradesmen,Place Names and Regions,Geography & Territory,inherited,1650-1670#52
british,1670-1690,36,889,gauls; arabians; scythians; hungarians; samnites; ebionites; sclavonians; incendiaries; grecians; aerius,Classical Authors and Philosophers,"Books, Learning & Scholarship",inherited,1650-1670#48
british,1670-1690,17,1550,demonstrated; evinced; affirmed; evinc'd; accus'd; vacated; traduced; slandered; remark'd; evidenced,Past-Tense Narrative Verbs,Structural / Uncertain,inherited,1650-1670#0
british,1670-1690,24,1228,disingenuously; uncharitably; formally; physically; injuriously; cautiously; accurately; judiciously; impudently; wretchedly,Adverbs of Manner,Structural / Uncertain,inherited,1650-1670#29
british,1670-1690,42,687,litanies; processions; candlemas; letanies; eighteenth; christmass; ianuary; baptisme; whitsunday; thanksgivings,Verbs of Enduring and Continuing,Structural / Uncertain,inherited,1650-1670#58
british,1670-1690,25,1211,ammonites; amaziah; moabites; zephaniah; haran; jehoram; moab; joash; edomites; ahaziah,Roman Numerals and Dates,Structural / Uncertain,inherited,1650-1670#24
british,1670-1690,44,660,reproaching; reviling; securing; annulling; hindring; restraining; establishing; countenancing; promoting; vilifying,Maintaining and Upholding Order,"Government, Law & Administration",inherited,1650-1670#47
british,1670-1690,11,1759,betaking; intitle; bethinking; say; devest; addicting; divest; entitle; distract; indear,Base-Form Verbs,Structural / Uncertain,inherited,1650-1670#9
british,1670-1690,22,1275,metaphysicks; explications; synopsis; mathematicks; miscellanies; hypotheses; manuscript; assertions; assertion; anglicus,"Realms, Offices and Civic Administration","Government, Law & Administration",inherited,1650-1670#10
british,1670-1690,23,1251,prebendaries; bailiff; bailiffs; commissaries; bishops; comptrollers; baillies; archdeacons; deputies; commissioners,"Princely Dignity, Jurisdiction and Empire","Government, Law & Administration",inherited,1650-1670#14
british,1670-1690,48,586,eleanor; beatrix; maud; mris; mistriss; grandchild; neece; mistress; isabel; emme,Generic Plural Nouns,Structural / Uncertain,inherited,1650-1670#36
british,1670-1690,12,1743,agard; replevin; disseisor; demandant; assise; appiert; assignment; assessments; plede; foresaids,Legal Writs and Property Actions,"Government, Law & Administration",inherited,1650-1670#8
british,1670-1690,8,1826,fretus; earundem; omnesque; notitiam; ducum; praedictorum; facultatem; principibus; sedem; praedictarum,"Treason, Punishment and Corruption","Government, Law & Administration",inherited,1650-1670#30
british,1670-1690,41,733,pheasants; pidgeons; partridges; duck; hares; turkeys; pheasant; turkies; hog; coney,"Usury, Money and Covenants","Trade, Finance & Commerce",inherited,1650-1670#35
british,1670-1690,14,1663,coop'd; trussed; flung; pufft; sum'd; hoarding; stird; flings; leapt; wrapp'd,Infinitive Verb Forms,Structural / Uncertain,inherited,1650-1670#19
british,1670-1690,32,999,meadows; tiles; galleries; arched; warehouses; turf; ditches; portico; pedestal; gallery,Chivalric Romance Names,Structural / Uncertain,inherited,1650-1670#54
british,1670-1690,54,407,contrivances; ratification; he'l; she'll; they'l; i'l; he'll; machinations; projects; i'll,Latin Grammar and Classical Authors,"Books, Learning & Scholarship",inherited,1650-1670#66
british,1670-1690,50,514,membranes; abdomen; thorax; peritonaeum; mesentery; membranous; omentum; intestines; windpipe; cartilago,"Meekness, Chastity and Devout Virtue",Morality: Virtue & Vice,inherited,1650-1670#71
british,1670-1690,13,1736,peevishness; feuds; disasters; wilfulness; vexations; intemperance; anxieties; inconsiderateness; sottishness; petulancy,Latin and French Grammar Terms,"Books, Learning & Scholarship",inherited,1650-1670#13
british,1670-1690,21,1298,waterish; serous; glutinous; acrimonious; clammy; unctuous; humid; igneous; latex; alum,Spelling-Reform Orthographic Variants,Structural / Uncertain,inherited,1650-1670#25
british,1670-1690,4,2209,neilson; griffith; challoner; marmaduke; campbell; wilford; nichols; clavering; smyth; vernon,English Nobility and Earldoms,"History, Genealogy, Nobility & Kinship",inherited,1650-1670#5
british,1670-1690,27,1192,sdeath; sylvia; booby; i'faith; cla; aur; dor; cly; ifaith; florella,Word Fragments,Structural / Uncertain,inherited,1650-1670#16
british,1670-1690,18,1517,praiseth; loveth; asserteth; interprets; explains; instructs; expounds; asserts; applies; citeth,Third-Person -eth Verb Forms,Structural / Uncertain,inherited,1650-1670#7
british,1670-1690,5,1983,sattin; button; pendants; greasie; curl'd; slits; scarf; buttons; doublet; snout,Body Parts and Physical Description,"Medicine, Body & Health",inherited,1650-1670#4
british,1670-1690,6,1944,croia; thrace; scoft; cilicia; dalmatia; thracia; monomotapa; lisbon; bosnia; sumatra,"Biblical Genealogies, Old Testament","Religion, Theology & the Church",inherited,1650-1670#23
british,1670-1690,0,2881,fynych; rhinweddau; synwyr; erioed; ymma; cywilydd; pawb; gobaith; attaf; cyffredinol,Mixed Foreign-Language Text,Structural / Uncertain,inherited,1650-1670#18
british,1670-1690,49,582,pestered; tampered; replenish'd; moistened; intermingled; impregnated; imbued; encircled; replete; dallied,"Concord, Discord and Agreement",Rhetoric & Persuasion,inherited,1650-1670#50
british,1670-1690,40,739,gel; outlet; annulet; appendage; ideot; deceat; amorite; irishman; erysipelas; inmate,Miscellaneous Rare Nouns,Structural / Uncertain,inherited,1650-1670#42
british,1670-1690,52,497,dusky; glowing; radiant; skie; dazling; freezing; rayes; billows; spangled; phaebus,"Weather, Sky and Zodiac","Nature, Landscape & Weather",inherited,1650-1670#49
british,1670-1690,20,1300,poterant; scripsisse; sacrilegio; ulli; poterat; aliquos; dari; cuiquam; illorum; videri,Latin Function Words,Structural / Uncertain,inherited,1650-1670#1
british,1670-1690,7,1927,borage; bugloss; fryed; scabious; plantane; liquorice; galbanum; barberries; celandine; mastick,Household Goods and Provisions,"Domestic Life, Dress & Household",inherited,1650-1670#12
british,1670-1690,58,345,neots; anns; sebastians; augustine's; aust; johnstons; chrysostome's; olaves; ierom; elena,Church Fathers and Evangelists,"Religion, Theology & the Church",inherited,1650-1670#63
british,1670-1690,47,607,warbling; melodious; nightingales; ecchoing; tuneful; shrill; shrieks; tunes; foam; eccho's,Descriptive Poetic Adjectives,"Literature, Drama & Poetic Diction",inherited,1650-1670#38
british,1670-1690,61,281,enjoyest; feest; mean'st; answerest; said'st; see'st; perceivest; confessest; expectest; seem'st,Second-Person Verb Forms,Structural / Uncertain,inherited,1650-1670#62
british,1670-1690,53,495,rely'd; doats; father'd; lookers; descanting; relyes; horsback; descanted; descant; looker,Combat and Motion Verbs,Military & Warfare,inherited,1650-1670#56
british,1670-1690,68,109,pdictus; pdci; ijdem; pfat; pdcus; suu; pdco; pdca; pdcm; ipm,Latin Word Fragments,Structural / Uncertain,inherited,1650-1670#69
british,1670-1690,34,970,nicephorus; scaliger; gregorius; victore; turrecremata; trithemius; pontanus; hieronymus; martinus; apollinaris,Latin Arithmetic Text,"Science, Mathematics & Natural Philosophy",inherited,1650-1670#11
british,1670-1690,57,355,receding; abstain'd; discriminated; swerving; deviating; derogates; freeing; differenced; seperated; deterred,Evaluative Adjectives of Fitness,Structural / Uncertain,inherited,1650-1670#60
british,1670-1690,38,837,lorain; homais; leonora; chateau; eugenia; isabella; crequi; groot; gramont; soissons,"Sin, Ransom and Deliverance","Religion, Theology & the Church",inherited,1650-1670#44
british,1670-1690,1,2371,quietem; ultro; denique; inquam; novos; magnos; istam; quippe; cunctis; reliquos,Latin Religious Text,Structural / Uncertain,inherited,1650-1670#20
british,1670-1690,28,1160,carmarthen; carnarvan; newton; frampton; burford; mordant; berkeley; weymouth; stourton; berkley,Verbs of Thinking and Perceiving,Structural / Uncertain,inherited,1650-1670#34
british,1670-1690,35,926,republ; praef; salmas; emendat; sacr; biblioth; subtilitate; opusc; haeresibus; sentent,"Archers, Knights and Castles",Military & Warfare,inherited,1650-1670#17
british,1670-1690,30,1070,ensnar'd; attack'd; scar'd; destroy'd; allayed; vex'd; ensnared; vext; quell'd; encountred,Latin Text and Word Fragments,Structural / Uncertain,inherited,1650-1670#55
british,1670-1690,10,1772,vouloir; amiti; oubli; divertir; d'ailleurs; faloit; l'eternel; cacher; trouv; juger,Law French Legal Text,Structural / Uncertain,inherited,1650-1670#53
british,1670-1690,16,1562,reliquis; itidem; originem; vasorum; inferiorem; nervos; fibris; aliaque; transversim; cavitatem,"Redemption, Salvation and Righteousness","Religion, Theology & the Church",inherited,1650-1670#6
british,1670-1690,62,232,div'd; pryed; instill'd; transfused; metamorphos'd; transmuted; metamorphosed; dived; instilled; crumbled,New Testament Epistle Citations,"Religion, Theology & the Church",inherited,1650-1670#51
british,1670-1690,33,981,deque; injuriis; virtutibus; erroribus; sermone; edito; mentionem; marmore; consuetudine; episcopali,Word Fragments,Structural / Uncertain,inherited,1650-1670#40
british,1670-1690,19,1317,ovidius; flaccus; cajus; philippus; caracalla; aemilius; caius; valentinian; catullus; ethelred,"Truth, Conscience and Preaching","Religion, Theology & the Church",inherited,1650-1670#46
british,1670-1690,46,637,nish; leis; ler; dhamh; cu; bheir; ceart; ging; bhi; ata,Word Fragments,Structural / Uncertain,inherited,1650-1670#43
british,1670-1690,63,203,rast; supradicto; octabas; mense; septimo; vicesimo; nono; sexcentesimo; aprilis; jacobi,Word Fragments,Structural / Uncertain,inherited,1650-1670#70
british,1670-1690,45,652,imposthumes; epilepsies; catarrhs; dropsies; gouts; cholick; dysentery; lcers; palsies; vertigo,Internal Organs and Anatomy,"Medicine, Body & Health",inherited,1650-1670#22
british,1670-1690,2,2285,radicibus; applicata; laeto; indeque; copias; insigniter; aliquae; universalem; poterunt; opiniones,"Dates, Times and Numerals",Structural / Uncertain,inherited,1650-1670#3
british,1670-1690,60,310,arabic; syriac; preposition; terminations; termination; syriack; arabick; orum; avi; noun,Dutch and German Text,Structural / Uncertain,inherited,1650-1670#59
british,1670-1690,67,136,sono; perche; nella; citta; nel; ogni; questa; alli; ludovico; huomini,"Holy Family, Salvation and Kinship","Religion, Theology & the Church",inherited,1650-1670#61
british,1670-1690,66,150,ricardo; richardo; ferrariis; waltero; thomae; radulpho; linc; iohanni; rogeri; richardus,Verbs of Lifting and Raising,Structural / Uncertain,inherited,1650-1670#57
british,1670-1690,26,1208,venetiis; parisiis; grammaticus; historiam; francofurti; ciceronis; latino; basileae; demosthenis; triplici,Latin Legal and Rhetorical Text,Structural / Uncertain,inherited,1650-1670#41
british,1670-1690,51,506,cinam; rhab; borrag; althaeae; pulveris; croci; rosat; citr; haustu; nitri,Latin Pharmacopoeia Ingredients,"Medicine, Body & Health",inherited,1650-1670#27
british,1670-1690,70,81,declaimed; inveigh'd; exclaimed; exclaim'd; inveighs; inveighed; inveighing; exclaiming; articled; rebell'd,"Vice, Misery and Vanity",Morality: Virtue & Vice,inherited,1650-1670#37
british,1670-1690,65,169,dictos; normam; ephesios; hypothesin; significandum; sectam; spectat; tractandum; smyrnaeos; servitia,Latin Commercial Arithmetic,"Science, Mathematics & Natural Philosophy",inherited,1650-1670#21
british,1670-1690,69,100,whiche; hool; hadde; apostlis; feith; trewe; suche; seid; othere; peple,Conjunctions and Connective Words,Structural / Uncertain,inherited,1650-1670#45
british,1670-1690,64,199,contingat; quidquam; descripta; acceptam; traduntur; utroque; quamprimum; necne; liceat; usquam,Biblical Book Abbreviations,Structural / Uncertain,inherited,1650-1670#39
british,1670-1690,9,1778,mframvill; contusa; donatis; intelligeret; kirketon; mauduit; possessionat; rufford; malolacu; loisir,Miscellaneous Mixed Vocabulary,Structural / Uncertain,inherited,1650-1670#2
british,1670-1690,43,669,cynghorion; lwybrau; ddarostwng; bechadurus; cyflawn; adawodd; lyfrau; fywiol; ddug; gosodir,"Historical Names, Places and Titles","History, Genealogy, Nobility & Kinship",inherited,1650-1670#67
british,1670-1690,31,1019,pharmaco; dependet; organis; filo; vocabantur; palmares; actorum; voluntates; dignitatum; electos,Contracted Verb Forms,Structural / Uncertain,inherited,1650-1670#26
british,1690-1710,59,215,pences; bushels; bolls; pound; stivers; peny; fifths; hogsheads; shilling; shill,Spelling Variants of 'Quick',Structural / Uncertain,inherited,1670-1690#56
british,1690-1710,24,880,abimelech; amaziah; jehosaphat; manasses; baasha; shem; moab; joram; ismael; amalekites,Roman Numerals and Dates,Structural / Uncertain,inherited,1670-1690#25
british,1690-1710,29,751,essence; indivisible; essentially; cogitation; extension; ens; intellect; uncreated; incorporeal; relative,Dutch and German Text,Structural / Uncertain,inherited,1670-1690#60
british,1690-1710,21,929,hov'ring; ratling; tuneful; warbling; skie; melodious; nymph; damon; daphnis; shrill,Virtues and Moral Qualities,Morality: Virtue & Vice,inherited,1670-1690#55
british,1690-1710,16,990,morose; untractable; incoherent; disingenuous; ungenerous; ungovernable; unmannerly; peevish; villainous; timorous,"Treaties, Parliament and Baronial Councils","Government, Law & Administration",inherited,1670-1690#15
british,1690-1710,56,258,handsomer; pleasanter; finer; broader; swifter; fonder; bigger; drier; blacker; quicker,Humours and Bodily Complexion,"Medicine, Body & Health",inherited,1670-1690#59
british,1690-1710,39,541,wench; booby; sot; bully; fidler; barber; fop; dunce; clown; jade,"Charters, Cardinals and Ministers","Government, Law & Administration",inherited,1670-1690#29
british,1690-1710,22,904,beaus; bullies; pimps; fictions; pedantick; tawdry; buffoons; sharpers; bombast; scurrility,Maintaining and Upholding Order,"Government, Law & Administration",inherited,1670-1690#44
british,1690-1710,14,1088,inveighed; exclaim'd; demonstrated; inveigh'd; evinced; spy'd; affirmed; requested; accosted; publisht,Past-Tense Narrative Verbs,Structural / Uncertain,inherited,1670-1690#17
british,1690-1710,32,705,malacca; carrickfergus; duero; sumatra; seine; boats; cadiz; pinnace; milford; boat,"Historical Names, Places and Titles","History, Genealogy, Nobility & Kinship",inherited,1670-1690#43
british,1690-1710,18,967,unchristianly; learnedly; unfairly; disingenuously; accurately; injuriously; judiciously; pertinently; shamefully; dexterously,Adverbs of Manner,Structural / Uncertain,inherited,1670-1690#24
british,1690-1710,52,362,iuly; thursday; banquets; iune; festival; christmas; wednesday; solemnities; candlemas; munday,Verbs of Enduring and Continuing,Structural / Uncertain,inherited,1670-1690#42
british,1690-1710,15,1077,vivacity; delicacy; goodness; affability; odoriferous; acknowledgments; benignity; joys; complaisant; affable,"Mercy, Grace and Damnation","Religion, Theology & the Church",inherited,1670-1690#3
british,1690-1710,0,1915,intitle; inflame; say; disarm; endear; distract; reproaching; incite; authorize; suggest,Base-Form Verbs,Structural / Uncertain,inherited,1670-1690#11
british,1690-1710,6,1222,grantee; supersedeas; ejectment; copyholder; lessor; facias; capias; sallaries; plantiff; annualrents,Legal Writs and Property Actions,"Government, Law & Administration",inherited,1670-1690#12
british,1690-1710,45,473,hedewig; mistriss; beatrix; catherine; henrietta; lady; neice; mistress; isabel; lass,Generic Plural Nouns,Structural / Uncertain,inherited,1670-1690#48
british,1690-1710,9,1181,latine; expositions; aristotle's; geography; assertions; manuscripts; manuscript; geometry; abstruse; arabic,"Realms, Offices and Civic Administration","Government, Law & Administration",inherited,1670-1690#22
british,1690-1710,27,831,moss; verdant; flow'rs; willow; flow'ry; lakes; coco; bushes; rows; flowry,Chivalric Romance Names,Structural / Uncertain,inherited,1670-1690#32
british,1690-1710,17,977,treasurers; comptroller; jurisdictions; delegates; deputies; bishops; abbots; suffragan; attorneys; usurped,"Princely Dignity, Jurisdiction and Empire","Government, Law & Administration",inherited,1670-1690#23
british,1690-1710,8,1208,blocked; flung; puff'd; wrapp'd; stir'd; rub'd; patched; toss; rowls; heaved,Infinitive Verb Forms,Structural / Uncertain,inherited,1670-1690#14
british,1690-1710,38,556,abdomen; membranes; cartilages; intestines; peritonaeum; sternum; sphincter; tendon; membranous; cavity,"Meekness, Chastity and Devout Virtue",Morality: Virtue & Vice,inherited,1670-1690#50
british,1690-1710,65,67,he'll; i'll; she'll; i'le; you'll; wou'd; they'll; i'de; we'll; they'l,Conjunctions and Connective Words,Structural / Uncertain,inherited,1670-1690#69
british,1690-1710,10,1151,alonzo; dorothea; lucy; slife; aurelia; julia; petruchio; florella; fred; dor,Word Fragments,Structural / Uncertain,inherited,1670-1690#27
british,1690-1710,20,960,latino; biblioth; illustrata; opuscula; latinum; advers; librorum; institutio; tractatus; scriptoribus,"Archers, Knights and Castles",Military & Warfare,inherited,1670-1690#35
british,1690-1710,28,807,vexations; dissentions; frights; agitations; animosities; disquiets; anxieties; anguish; stings; discords,Descriptive Poetic Adjectives,"Literature, Drama & Poetic Diction",inherited,1670-1690#47
british,1690-1710,13,1127,wentworth; clarke; gould; marson; watson; davenport; evans; churchill; upton; ashley,English Nobility and Earldoms,"History, Genealogy, Nobility & Kinship",inherited,1670-1690#4
british,1690-1710,23,898,extortions; levity; sensuality; cowardize; intemperance; lewdness; frowardness; wilfulness; murthers; rapines,Latin and French Grammar Terms,"Books, Learning & Scholarship",inherited,1670-1690#13
british,1690-1710,11,1132,laught; attacked; connived; conniv'd; reproached; calumniated; routed; laugh'd; tuag; scoffed,Latin Text and Word Fragments,Structural / Uncertain,inherited,1670-1690#30
british,1690-1710,5,1333,buckles; curl'd; velvet; breech; slit; ribbons; curled; tresses; perriwig; feathers,Body Parts and Physical Description,"Medicine, Body & Health",inherited,1670-1690#5
british,1690-1710,33,678,kiovia; brabant; perigord; tours; padua; picardy; juliers; artois; arles; brescia,"Biblical Genealogies, Old Testament","Religion, Theology & the Church",inherited,1670-1690#6
british,1690-1710,69,29,surpass; excelling; surpassing; exceeds; surpasses; transcend; excell'd; transcends; surpassed; excelled,"Vice, Misery and Vanity",Morality: Virtue & Vice,inherited,1670-1690#70
british,1690-1710,41,518,pestered; replenish'd; intermixed; intermingled; satiated; impregnated; expostulated; environed; replenished; plagu'd,"Concord, Discord and Agreement",Rhetoric & Persuasion,inherited,1670-1690#49
british,1690-1710,30,716,viscous; flegm; saline; slimy; viscid; sulphureous; rarified; nitrous; fermenting; pituitous,Spelling-Reform Orthographic Variants,Structural / Uncertain,inherited,1670-1690#21
british,1690-1710,42,508,ghent; courtray; dendermond; dundalk; ghendt; charleroy; charlemont; maestricht; infantry; tournay,Contracted Verb Forms,Structural / Uncertain,inherited,1670-1690#31
british,1690-1710,7,1213,loveth; explains; asserteth; asserts; inflames; ascribes; affirmeth; acknowledges; accuses; denieth,Third-Person -eth Verb Forms,Structural / Uncertain,inherited,1670-1690#18
british,1690-1710,57,219,denis; quintin; georges; cyprians; lucar; alban; laurence; jago; martin's; amand,Church Fathers and Evangelists,"Religion, Theology & the Church",inherited,1670-1690#58
british,1690-1710,54,346,arrians; sixtus; sectaries; damasus; anastasius; photinus; presbyterians; arius; liberius; euthymius,Classical Authors and Philosophers,"Books, Learning & Scholarship",inherited,1670-1690#36
british,1690-1710,53,352,relyed; animadverted; relye; fathered; doats; preying; commented; tramples; rely'd; relied,Combat and Motion Verbs,Military & Warfare,inherited,1670-1690#53
british,1690-1710,61,147,agreements; treaty; nimeguen; connection; ratification; amity; treaties; contrariety; contracts; congruity,Latin Grammar and Classical Authors,"Books, Learning & Scholarship",inherited,1670-1690#54
british,1690-1710,37,571,historiam; extat; aliisque; aliorum; ecclesiasticae; operum; galliae; doctrinae; monasterii; romanorum,Latin Legal and Rhetorical Text,Structural / Uncertain,inherited,1670-1690#26
british,1690-1710,43,488,cone; bc; superficies; abcd; circles; abc; diameters; quadrant; concave; semicircle,Civil Administration and Public Wealth,"Government, Law & Administration",inherited,1670-1690#39
british,1690-1710,51,368,surges; radiant; dusky; billows; scalding; dazling; gloomy; glowing; warm'd; lambent,"Weather, Sky and Zodiac","Nature, Landscape & Weather",inherited,1670-1690#52
british,1690-1710,31,715,annsin; chuige; thug; achd; reir; dhamh; ainm; ata; bochd; ler,Word Fragments,Structural / Uncertain,inherited,1670-1690#46
british,1690-1710,60,166,saidst; saw'st; thinkst; saist; findest; askest; sawest; knowst; mightst; knewest,Second-Person Verb Forms,Structural / Uncertain,inherited,1670-1690#61
british,1690-1710,55,297,derogating; receding; free'd; resulting; receded; abstain'd; deviate; deducible; recede; deviated,Evaluative Adjectives of Fitness,Structural / Uncertain,inherited,1670-1690#57
british,1690-1710,50,383,mauritania; mesopotamia; goths; sicily; saracens; parthians; pontus; thrace; gauls; carthaginians,"Dates, Times and Numerals",Structural / Uncertain,inherited,1670-1690#2
british,1690-1710,3,1415,gallu; in'i; iddi; iddynt; gallwn; aberth; oblegid; arnynt; mo'r; drwg,Mixed Foreign-Language Text,Structural / Uncertain,inherited,1670-1690#0
british,1690-1710,48,426,vermandois; comte; bologne; lippe; anjou; maistre; cuirassiers; nevers; chaumont; brandenburgh,"Sin, Ransom and Deliverance","Religion, Theology & the Church",inherited,1670-1690#38
british,1690-1710,1,1781,nostrorum; sententiam; omnem; hactenus; certis; vestra; praesertim; iisdem; videri; talem,Latin Function Words,Structural / Uncertain,inherited,1670-1690#20
british,1690-1710,46,465,molyneux; calamy; oxf; whitaker; locke; osborn; camb; twisse; brady; milbourn,Word Fragments,Structural / Uncertain,inherited,1670-1690#63
british,1690-1710,26,835,claudius; caius; quintus; pictor; marius; cambyses; pallas; marcus; valerius; vitellius,"Truth, Conscience and Preaching","Religion, Theology & the Church",inherited,1670-1690#19
british,1690-1710,63,115,xcvi; xxii; xlv; xx; xli; xc; xl; xxvii; xcvii; xxv,Latin Pharmacopoeia Ingredients,"Medicine, Body & Health",inherited,1670-1690#51
british,1690-1710,44,481,tumours; dropsy; rheumatisms; colick; diarrhaea; coughs; catarrhs; dropsie; palsies; stoppage,Internal Organs and Anatomy,"Medicine, Body & Health",inherited,1670-1690#45
british,1690-1710,49,387,manufacturies; tradesmen; merchants; manufactures; exporting; manufactories; farmers; chandlers; manufacturing; freight,Place Names and Regions,Geography & Territory,inherited,1670-1690#37
british,1690-1710,47,457,accomplice; tolc; irishman; ideot; extortioner; asse; atrophy; abscess; inversion; enthusiast,Miscellaneous Rare Nouns,Structural / Uncertain,inherited,1670-1690#40
british,1690-1710,58,218,instilled; transform'd; div'd; relapsed; metamorphosed; instill'd; decoy'd; degenerates; instill; initiated,New Testament Epistle Citations,"Religion, Theology & the Church",inherited,1670-1690#62
british,1690-1710,35,615,dorchester; huntingdon; southampton; wilts; clifford; weymouth; pembroke; arundel; shrewsbury; newberry,Verbs of Thinking and Perceiving,Structural / Uncertain,inherited,1670-1690#28
british,1690-1710,25,857,danemarc; pourra; sujet; connoissance; enfin; hollandois; faisoit; faveur; voir; enfans,Law French Legal Text,Structural / Uncertain,inherited,1670-1690#10
british,1690-1710,4,1358,mugwort; borrage; bugloss; pickled; quinces; liquorice; purslain; olibanum; sorrel; asparagus,Household Goods and Provisions,"Domestic Life, Dress & Household",inherited,1670-1690#7
british,1690-1710,64,71,sketch; madona; velden; hondius; dyck; wyck; verelst; guido; rubens; brower,"Holy Family, Salvation and Kinship","Religion, Theology & the Church",inherited,1670-1690#67
british,1690-1710,2,1616,ventis; quaeque; contigit; visu; praedictorum; perpetu; copiam; praedicto; dicam; disciplinae,Latin Religious Text,Structural / Uncertain,inherited,1670-1690#1
british,1690-1710,36,599,consiliis; praelatorum; conventui; praedicti; diligenter; fuerunt; dicti; salutem; dicto; praelatis,"Treason, Punishment and Corruption","Government, Law & Administration",inherited,1670-1690#8
british,1690-1710,40,538,ducks; pidgeons; goose; hares; rabbet; pheasants; hogs; swan; pig; hens,"Usury, Money and Covenants","Trade, Finance & Commerce",inherited,1670-1690#41
british,1690-1710,34,657,apollonia; gregorius; scaliger; nicolaus; theodoret; strabo; macrobius; casaubon; augustinus; tertullianus,Latin Arithmetic Text,"Science, Mathematics & Natural Philosophy",inherited,1670-1690#34
british,1690-1710,12,1131,transtulit; propius; daret; cuiquam; constituti; veneno; sectae; priorum; caeteros; certamine,Word Fragments,Structural / Uncertain,inherited,1670-1690#33
british,1690-1710,19,964,ostendens; caritas; ibhte; levigated; rompa; devotione; colligimus; chuirios; guebriant; bhl,Miscellaneous Mixed Vocabulary,Structural / Uncertain,inherited,1670-1690#9
british,1690-1710,62,147,mineralis; aeris; sulphuris; vini; tartari; aquam; aqu; dulcis; iiij; vitrum,"Redemption, Salvation and Righteousness","Religion, Theology & the Church",inherited,1670-1690#16
british,1690-1710,68,44,power'd; tyrannized; whelmed; whelm'd; triumph'd; powered; powering; insulted; tyrannize; weening,Verbs of Lifting and Raising,Structural / Uncertain,inherited,1670-1690#66
british,1690-1710,70,17,pertinet; faciendum; clerum; finem; spiritualia; hominem; extra; valorem; argumentum; libitum,Latin Commercial Arithmetic,"Science, Mathematics & Natural Philosophy",inherited,1670-1690#65
british,1690-1710,67,46,ebrill; drindod; ysgw; wedi'r; chwefror; breichiau; gorphenaf; gwddw; bronnau; sul,Latin Word Fragments,Structural / Uncertain,inherited,1670-1690#68
british,1690-1710,66,61,reddere; utramque; cognitionem; necessaria; familiam; apostolos; dederit; velint; refert; quaestio,Biblical Book Abbreviations,Structural / Uncertain,inherited,1670-1690#64
british,1710-1730,9,222,clemency; welfare; morality; affection; eloquence; generosity; esteem; capacity; zeal; philosophy,"Mercy, Grace and Damnation","Religion, Theology & the Church",inherited,1690-1710#15
british,1710-1730,11,200,february; horace; circumstance; thursday; dialogue; chapter; odyssey; essay; poem; october,Verbs of Enduring and Continuing,Structural / Uncertain,inherited,1690-1710#52
british,1710-1730,0,428,reduce; communicate; satisfy; perswade; urge; discover; advise; procure; relate; yield,Base-Form Verbs,Structural / Uncertain,inherited,1690-1710#0
british,1710-1730,45,42,lighter; harder; higher; bigger; larger; stronger; easier; weaker; oftner; finer,Humours and Bodily Complexion,"Medicine, Body & Health",inherited,1690-1710#56
british,1710-1730,19,162,genuine; profitable; adapted; system; absurd; dangerous; moral; injurious; probable; precept,Adverbs of Manner,Structural / Uncertain,inherited,1690-1710#18
british,1710-1730,4,277,nauseous; elegant; refined; delicate; shocking; exquisite; wholesome; pernicious; stubborn; judicious,"Treaties, Parliament and Baronial Councils","Government, Law & Administration",inherited,1690-1710#16
british,1710-1730,38,95,sixty; shillings; nine; ells; fourteen; forty; sixteen; thirty; eight; twenty,Spelling Variants of 'Quick',Structural / Uncertain,inherited,1690-1710#59
british,1710-1730,18,163,exeter; bay; castle; edinburgh; westminster; lane; street; salisbury; mint; windsor,Verbs of Thinking and Perceiving,Structural / Uncertain,inherited,1690-1710#35
british,1710-1730,12,199,vellum; arg; cun; rav; sly; pru; senior; tin; jeff; lucy,Word Fragments,Structural / Uncertain,inherited,1690-1710#10
british,1710-1730,27,136,window; shoulder; tavern; nostrils; hole; coach; box; heels; closet; chair,"Historical Names, Places and Titles","History, Genealogy, Nobility & Kinship",inherited,1690-1710#32
british,1710-1730,1,342,demonstrated; acknowledg'd; affirm'd; proved; considered; suppos'd; observed; assured; prescribed; confirmed,Past-Tense Narrative Verbs,Structural / Uncertain,inherited,1690-1710#14
british,1710-1730,24,148,uncle; fool; displeasure; ancestor; widow; brother; rogue; daughter; highness; conjurer,Generic Plural Nouns,Structural / Uncertain,inherited,1690-1710#45
british,1710-1730,2,324,vertues; pictures; weaknesses; practices; declarations; natures; employments; predecessors; accidents; appearances,"Realms, Offices and Civic Administration","Government, Law & Administration",inherited,1690-1710#9
british,1710-1730,3,301,steuart; hamilton; murray; angus; ibidem; ogilvy; hugh; stirling; robert; athole,English Nobility and Earldoms,"History, Genealogy, Nobility & Kinship",inherited,1690-1710#13
british,1710-1730,17,165,doctrine; righteousness; christ; scriptures; parable; ibid; gospel; scripture; luke; ver,Roman Numerals and Dates,Structural / Uncertain,inherited,1690-1710#24
british,1710-1730,28,131,chariots; monsters; breasts; nymphs; spears; flocks; statues; wolves; beds; trees,Maintaining and Upholding Order,"Government, Law & Administration",inherited,1690-1710#22
british,1710-1730,25,147,fragrant; purple; boughs; gore; rung; azure; mantle; crimson; dusky; circumference,Body Parts and Physical Description,"Medicine, Body & Health",inherited,1690-1710#5
british,1710-1730,29,126,bend; drive; shoot; beat; roll; pour; ascend; wake; throw; weep,Miscellaneous Mixed Vocabulary,Structural / Uncertain,inherited,1690-1710#19
british,1710-1730,30,123,argument; alteration; testimony; hypothesis; proof; notion; observation; supposition; remedy; medicine,Legal Writs and Property Actions,"Government, Law & Administration",inherited,1690-1710#6
british,1710-1730,14,176,obstructed; separated; ruined; sustain'd; acquired; approved; improved; preserved; contracts; supply'd,Latin Text and Word Fragments,Structural / Uncertain,inherited,1690-1710#11
british,1710-1730,21,157,woe; sire; offspring; doom; smiles; griefs; woes; disdain; rival; pow'r,Descriptive Poetic Adjectives,"Literature, Drama & Poetic Diction",inherited,1690-1710#28
british,1710-1730,8,225,rights; privileges; sovereign; loyalty; liberties; interests; knighthood; allies; scots; pretensions,"Princely Dignity, Jurisdiction and Empire","Government, Law & Administration",inherited,1690-1710#17
british,1710-1730,6,253,pours; pour'd; mounts; roll'd; rush'd; pulls; ran; pull'd; thrown; steep,Infinitive Verb Forms,Structural / Uncertain,inherited,1690-1710#8
british,1710-1730,43,69,duration; diameter; velocity; horizon; center; meridian; centre; solar; primary; pole,Civil Administration and Public Wealth,"Government, Law & Administration",inherited,1690-1710#43
british,1710-1730,36,99,shews; affects; describes; calls; obliges; observes; speaks; believes; finds; raises,Third-Person -eth Verb Forms,Structural / Uncertain,inherited,1690-1710#7
british,1710-1730,7,226,nervous; internal; kidneys; juices; salts; nerves; fluid; humours; fibres; membranes,"Meekness, Chastity and Devout Virtue",Morality: Virtue & Vice,inherited,1690-1710#38
british,1710-1730,32,114,steeds; coursers; wings; javelin; shield; lance; pierc'd; car; darts; brow,Contracted Verb Forms,Structural / Uncertain,inherited,1690-1710#42
british,1710-1730,20,158,dum; atque; tamen; suis; nos; hic; quam; nam; enim; suo,Latin Function Words,Structural / Uncertain,inherited,1690-1710#1
british,1710-1730,5,269,revenues; plantations; shipping; provinces; linen; silk; importation; colonies; trades; navigation,Place Names and Regions,Geography & Territory,inherited,1690-1710#49
british,1710-1730,13,183,amid; resound; glitt'ring; glows; shakes; bends; thunders; radiant; gloomy; rolls,"Weather, Sky and Zodiac","Nature, Landscape & Weather",inherited,1690-1710#51
british,1710-1730,41,84,reflected; borders; floor; banks; rhine; insisted; frontiers; squadrons; fleets; continent,Combat and Motion Verbs,Military & Warfare,inherited,1690-1710#53
british,1710-1730,15,168,honey; amber; oil; tartar; juice; oyl; sugar; roots; plants; saffron,Household Goods and Provisions,"Domestic Life, Dress & Household",inherited,1690-1710#4
british,1710-1730,33,108,jub; syphax; luc; weeps; syph; som; gwendolen; alan; scorn; guil,Second-Person Verb Forms,Structural / Uncertain,inherited,1690-1710#60
british,1710-1730,10,209,floods; billows; rolling; foaming; floating; waves; sands; snow; vales; forest,Chivalric Romance Names,Structural / Uncertain,inherited,1690-1710#27
british,1710-1730,37,98,dew; yellow; watry; moist; dropping; rain; liquid; smoak; thick; thin,Spelling-Reform Orthographic Variants,Structural / Uncertain,inherited,1690-1710#30
british,1710-1730,16,165,view'd; belov'd; vanquish'd; breath'd; pursues; hears; pursu'd; show'd; sends; tore,Evaluative Adjectives of Fitness,Structural / Uncertain,inherited,1690-1710#55
british,1710-1730,34,107,melting; lab'ring; tumultuous; fierce; lovely; wanton; sighs; mournful; sooth; pale,Internal Organs and Anatomy,"Medicine, Body & Health",inherited,1690-1710#44
british,1710-1730,35,104,impulse; efficacy; mixture; magnitude; improvement; features; lustre; gravity; producing; coldness,Dutch and German Text,Structural / Uncertain,inherited,1690-1710#29
british,1710-1730,22,157,tow'rs; abodes; altars; raptures; amidst; toils; chiefs; bands; tow'ring; hostile,Latin and French Grammar Terms,"Books, Learning & Scholarship",inherited,1690-1710#23
british,1710-1730,23,151,heav'nly; grac'd; gen'rous; inspires; haughty; ador'd; godlike; beauteous; martial; pow'rful,Virtues and Moral Qualities,Morality: Virtue & Vice,inherited,1690-1710#21
british,1710-1730,39,94,olympus; ey'd; victor; warrior; stern; vengeful; phoebus; hoary; juno; jove's,"Truth, Conscience and Preaching","Religion, Theology & the Church",inherited,1690-1710#26
british,1710-1730,26,143,instructor; emblem; epic; imperfection; earthquake; admirable; undeniable; ass; uninterrupted; uncommon,Miscellaneous Rare Nouns,Structural / Uncertain,inherited,1690-1710#47
british,1710-1730,40,85,establishing; possessions; property; encouraging; securing; exclusive; reducing; national; destroying; ambassadors,Latin Grammar and Classical Authors,"Books, Learning & Scholarship",inherited,1690-1710#61
british,1710-1730,42,79,filled; tormented; loaded; clos'd; stop'd; accompanied; adorned; mixt; mingled; mixed,"Concord, Discord and Agreement",Rhetoric & Persuasion,inherited,1690-1710#41
british,1710-1730,44,60,o'r; da; hir; fal; nid; a'r; yw; gray; duw; fraich,Mixed Foreign-Language Text,Structural / Uncertain,inherited,1690-1710#3
british,1710-1730,31,120,montgomery; drummond; katharine; graham; sinclair; huntly; crawfurd; regni; orkney; ker,"Sin, Ransom and Deliverance","Religion, Theology & the Church",inherited,1690-1710#48
british,1730-1750,31,123,sufficiently; disappointed; nevertheless; convinced; willing; informed; inclined; assur'd; really; persuaded,Adverbs of Manner,Structural / Uncertain,inherited,1710-1730#19
british,1730-1750,15,208,demonstration; definition; hypothesis; defect; connexion; management; principle; objection; proposition; proof,Legal Writs and Property Actions,"Government, Law & Administration",inherited,1710-1730#30
british,1730-1750,45,41,bigger; easier; sweeter; smaller; higher; harder; wiser; otherwise; lighter; less,Humours and Bodily Complexion,"Medicine, Body & Health",inherited,1710-1730#45
british,1730-1750,6,270,generosity; superiors; piety; zeal; vivacity; friendship; abilities; welfare; valour; profession,"Mercy, Grace and Damnation","Religion, Theology & the Church",inherited,1710-1730#9
british,1730-1750,3,318,refined; hurtful; obvious; useful; seemingly; discreet; unaccountable; universally; requisite; evidently,"Treaties, Parliament and Baronial Councils","Government, Law & Administration",inherited,1710-1730#4
british,1730-1750,38,99,including; forty; twelve; thirty; diameter; eight; thirteen; sixty; seventy; fifteen,Spelling Variants of 'Quick',Structural / Uncertain,inherited,1710-1730#38
british,1730-1750,20,194,primary; fitness; distinguishing; mechanical; geometrical; physical; chronical; logic; accurate; subservient,Latin Text and Word Fragments,Structural / Uncertain,inherited,1710-1730#14
british,1730-1750,5,274,lud; badg; jewk; syphax; biddy; lucy; doodle; masinissa; bass; moore,Word Fragments,Structural / Uncertain,inherited,1710-1730#12
british,1730-1750,13,222,ralph; edmund; hon; nicholas; lewis; trinity; worcester; philip; viscount; curll,English Nobility and Earldoms,"History, Genealogy, Nobility & Kinship",inherited,1710-1730#3
british,1730-1750,1,370,proved; discovered; attributed; preferred; cured; advis'd; tried; addressed; publish'd; esteemed,Past-Tense Narrative Verbs,Structural / Uncertain,inherited,1710-1730#1
british,1730-1750,43,66,blushing; helm; trembles; laugh'd; whitehall; crouds; straight; stake; grieved; eve,Verbs of Thinking and Perceiving,Structural / Uncertain,inherited,1710-1730#18
british,1730-1750,33,120,uncle; spouse; sister; nephew; husband; daughter; cousin; brother; mistress; girl,Generic Plural Nouns,Structural / Uncertain,inherited,1710-1730#24
british,1730-1750,29,125,chariot; chair; breeches; cane; elbow; horns; finger; neck; dinner; tavern,"Historical Names, Places and Titles","History, Genealogy, Nobility & Kinship",inherited,1710-1730#27
british,1730-1750,4,301,popes; universities; companies; popish; markets; provinces; tracts; jewish; ecclesiastical; bishops,Place Names and Regions,Geography & Territory,inherited,1710-1730#5
british,1730-1750,28,130,monastery; cathedral; chapel; bishoprick; tower; lincoln; shire; west; suffolk; adjoining,Second-Person Verb Forms,Structural / Uncertain,inherited,1710-1730#33
british,1730-1750,36,114,nascent; cube; variation; extension; ultimate; evanescent; curve; triangle; magnitudes; increment,Civil Administration and Public Wealth,"Government, Law & Administration",inherited,1710-1730#43
british,1730-1750,0,374,submit; satisfy; expose; persuade; apply; suggest; induce; recommend; discover; confine,Base-Form Verbs,Structural / Uncertain,inherited,1710-1730#0
british,1730-1750,44,45,canal; sand; bigness; representation; hole; bone; ice; region; os; circuit,Mixed Foreign-Language Text,Structural / Uncertain,inherited,1710-1730#44
british,1730-1750,35,118,cart; whore; swain; captive; rogue; dame; virgin; slave; shepherd; lyre,Roman Numerals and Dates,Structural / Uncertain,inherited,1710-1730#17
british,1730-1750,12,236,reasonings; properties; employments; stations; observance; institutions; capacities; kinds; compositions; doctrines,"Realms, Offices and Civic Administration","Government, Law & Administration",inherited,1710-1730#2
british,1730-1750,17,197,sweets; bosom; toils; woes; grief; fires; swains; woe; sway; offspring,Descriptive Poetic Adjectives,"Literature, Drama & Poetic Diction",inherited,1710-1730#21
british,1730-1750,30,124,december; edit; eighth; vo; folio; january; introduction; november; ninth; dedication,Verbs of Enduring and Continuing,Structural / Uncertain,inherited,1710-1730#11
british,1730-1750,7,261,godlike; monarch's; propitious; gen'rous; daring; heav'nly; warms; matchless; beauty's; rebellious,Virtues and Moral Qualities,Morality: Virtue & Vice,inherited,1710-1730#23
british,1730-1750,14,216,essex; durham; canterbury; archbishop; earls; buckingham; bishop; cambridge; anno; monmouth,"Sin, Ransom and Deliverance","Religion, Theology & the Church",inherited,1710-1730#31
british,1730-1750,11,240,pour'd; swept; hanging; rush'd; melted; thrust; poured; threw; flew; shoot,Infinitive Verb Forms,Structural / Uncertain,inherited,1710-1730#6
british,1730-1750,8,250,sparkling; list'ning; peaceful; warbling; indignant; radiant; panting; ey'd; blooming; glows,Internal Organs and Anatomy,"Medicine, Body & Health",inherited,1710-1730#34
british,1730-1750,10,241,bend; bind; tempt; exalt; stoop; rend; repay; forego; proclaim; roll,Miscellaneous Mixed Vocabulary,Structural / Uncertain,inherited,1710-1730#29
british,1730-1750,21,188,purple; flow'rs; verdant; azure; clad; hills; meads; gales; dews; forests,Chivalric Romance Names,Structural / Uncertain,inherited,1710-1730#10
british,1730-1750,37,112,car; wreaths; floods; hue; laurels; band; urn; slumbers; roar; locks,Contracted Verb Forms,Structural / Uncertain,inherited,1710-1730#32
british,1730-1750,18,195,legions; surveys; hallow'd; spoils; glitt'ring; crimson; proudly; exulting; flow'ry; albion,Latin and French Grammar Terms,"Books, Learning & Scholarship",inherited,1710-1730#22
british,1730-1750,25,141,owns; believes; produceth; retains; excites; acquires; sees; pretends; prefers; adds,Third-Person -eth Verb Forms,Structural / Uncertain,inherited,1710-1730#36
british,1730-1750,16,197,necessities; institution; allies; conversion; conceptions; neighbours; countrymen; ancestors; conversations; concurrence,"Princely Dignity, Jurisdiction and Empire","Government, Law & Administration",inherited,1710-1730#8
british,1730-1750,22,183,seu; neque; nos; cui; tamen; ita; etiam; quis; apud; quam,Latin Function Words,Structural / Uncertain,inherited,1710-1730#20
british,1730-1750,46,37,annualrent; secondary; infeftment; inhibition; creditor; adjudger; security; debts; debitor; annualrenter,"Debt, Credit and Scots Law Finance","Trade, Finance & Commerce",human,
british,1730-1750,2,326,pungent; stimulating; watery; acrimony; moisture; whey; sulphur; nervous; salts; relaxing,"Meekness, Chastity and Devout Virtue",Morality: Virtue & Vice,inherited,1710-1730#7
british,1730-1750,19,194,lawn; hollow; dusky; shields; turf; boughs; vault; broad; crystal; horn,Body Parts and Physical Description,"Medicine, Body & Health",inherited,1710-1730#25
british,1730-1750,41,90,depending; leaning; rely; insisted; dependence; footing; depended; conferred; dependance; comment,Combat and Motion Verbs,Military & Warfare,inherited,1710-1730#41
british,1730-1750,32,123,arches; wells; pillars; steams; spices; tin; shells; piles; crosses; cloths,Household Goods and Provisions,"Domestic Life, Dress & Household",inherited,1710-1730#15
british,1730-1750,39,97,sable; breeze; vernal; beam; waves; tide; lamp; flood; tempest; bloom,Spelling-Reform Orthographic Variants,Structural / Uncertain,inherited,1710-1730#37
british,1730-1750,24,143,sheds; sinks; spreads; pours; roll'd; trod; ceas'd; hung; descending; displays,"Weather, Sky and Zodiac","Nature, Landscape & Weather",inherited,1710-1730#13
british,1730-1750,34,119,inspir'd; crown'd; favour'd; potent; grac'd; pierc'd; opprest; fir'd; stain'd; secur'd,Evaluative Adjectives of Fitness,Structural / Uncertain,inherited,1710-1730#16
british,1730-1750,23,145,exception; engine; irregular; impossibility; orator; egg; historical; attorney; ulcer; angle,Miscellaneous Rare Nouns,Structural / Uncertain,inherited,1710-1730#26
british,1730-1750,26,134,barons; seats; navy; youths; armies; sages; host; monarchs; founders; saints,Maintaining and Upholding Order,"Government, Law & Administration",inherited,1710-1730#28
british,1730-1750,40,93,yellow; brown; belly; thick; diamond; iron; silver; cock; white; scarlet,"Concord, Discord and Agreement",Rhetoric & Persuasion,inherited,1710-1730#42
british,1730-1750,27,131,impetuous; indolence; energy; fulness; lust; attractive; unaffected; soften'd; vie; intellectual,Dutch and German Text,Structural / Uncertain,inherited,1710-1730#35
british,1730-1750,42,77,bailiff; landing; choir; saxons; persia; commander; germany; asia; africa; commissioners,"Truth, Conscience and Preaching","Religion, Theology & the Church",inherited,1710-1730#39
british,1730-1750,9,242,ejusdem; tynam; chantery; acton; nostris; quos; perpetuum; carr; muscovite; matthew,Latin Grammar and Classical Authors,"Books, Learning & Scholarship",inherited,1710-1730#40
british,1750-1770,40,118,watry; vivid; etherial; sculpture; diversified; pile; oak; luxuriant; variable; magick,Civil Administration and Public Wealth,"Government, Law & Administration",inherited,1730-1750#36
british,1750-1770,4,461,morality; utility; proposition; production; representation; evidence; abstract; doctrine; system; capacity,Legal Writs and Property Actions,"Government, Law & Administration",inherited,1730-1750#15
british,1750-1770,47,56,harder; purer; faster; warmer; older; wiser; richer; easier; fitter; fairer,Humours and Bodily Complexion,"Medicine, Body & Health",inherited,1730-1750#45
british,1750-1770,38,126,nevertheless; universally; readily; undoubtedly; properly; fully; extremely; expressly; equally; thoroughly,Adverbs of Manner,Structural / Uncertain,inherited,1730-1750#31
british,1750-1770,2,681,powerfully; laudable; refined; advantageous; primary; applicable; contradictory; plausible; secondary; efficacious,"Treaties, Parliament and Baronial Councils","Government, Law & Administration",inherited,1730-1750#3
british,1750-1770,7,400,eh; clara; urs; pru; sirrah; lucinda; belville; belin; bellfield; beverley,Word Fragments,Structural / Uncertain,inherited,1730-1750#5
british,1750-1770,34,185,mouse; pert; comical; coxcomb; cock; cat; bird; goat; gentlewoman; monkey,Roman Numerals and Dates,Structural / Uncertain,inherited,1730-1750#35
british,1750-1770,8,385,threat'ning; indignant; vanquish'd; unrelenting; unhallow'd; godlike; barb'rous; albion; albion's; ambition's,Virtues and Moral Qualities,Morality: Virtue & Vice,inherited,1730-1750#7
british,1750-1770,21,318,tavern; stirling; ditch; westminster; cambridge; whitehall; bridge; chapel; edinburgh; greenwich,Second-Person Verb Forms,Structural / Uncertain,inherited,1730-1750#28
british,1750-1770,27,253,confederates; aunt; councils; resentments; intentions; countrymen; throats; niece; cousin; sires,Generic Plural Nouns,Structural / Uncertain,inherited,1730-1750#33
british,1750-1770,0,710,strengthened; suppressed; surrendered; attacked; demonstrated; ascribed; elected; confirmed; reinforced; influenced,Past-Tense Narrative Verbs,Structural / Uncertain,inherited,1730-1750#1
british,1750-1770,37,134,besought; shewed; kiss'd; assuring; sigh'd; press'd; clasp'd; exhorted; bowed; overcame,"Weather, Sky and Zodiac","Nature, Landscape & Weather",inherited,1730-1750#24
british,1750-1770,39,121,dieu; vous; il; bien; ma; je; monsieur; madame; le; fait,"Historical Names, Places and Titles","History, Genealogy, Nobility & Kinship",inherited,1730-1750#29
british,1750-1770,46,59,nov; september; sept; july; december; chronicle; august; seventh; november; february,Verbs of Enduring and Continuing,Structural / Uncertain,inherited,1730-1750#30
british,1750-1770,14,361,arbroath; gloucester; norfolk; mercia; buchan; salton; gordon; lothian; chartul; northampton,"Sin, Ransom and Deliverance","Religion, Theology & the Church",inherited,1730-1750#14
british,1750-1770,1,707,compel; reconcile; deny; forsake; provoke; persuade; satisfy; expose; convince; suggest,Base-Form Verbs,Structural / Uncertain,inherited,1730-1750#0
british,1750-1770,17,335,unaffected; kindness; delicacy; sprightliness; welfare; winning; rectitude; generosity; indulgence; benevolence,"Mercy, Grace and Damnation","Religion, Theology & the Church",inherited,1730-1750#6
british,1750-1770,41,101,sixty; forty; pence; thirty; sixteen; seventy; seven; fourteen; thirteen; fifteen,Spelling Variants of 'Quick',Structural / Uncertain,inherited,1730-1750#38
british,1750-1770,12,364,anguish; renown; apprehension; presumption; rancour; anxiety; sway; guilt; sorrows; wrongs,Descriptive Poetic Adjectives,"Literature, Drama & Poetic Diction",inherited,1730-1750#17
british,1750-1770,6,431,monasteries; caithness; saxons; heptarchy; representatives; africa; ports; governors; counties; usurpations,Maintaining and Upholding Order,"Government, Law & Administration",inherited,1730-1750#26
british,1750-1770,33,189,sweep; drive; glide; drag; wake; rouze; wander; rear; stray; rush,Miscellaneous Mixed Vocabulary,Structural / Uncertain,inherited,1730-1750#10
british,1750-1770,29,238,pursu'd; murder'd; stung; dragg'd; pierc'd; grac'd; rear'd; mourns; mourn'd; forsook,Evaluative Adjectives of Fitness,Structural / Uncertain,inherited,1730-1750#34
british,1750-1770,24,260,revenues; territories; monarchy; jurisdiction; commission; revenue; contributions; settlements; prosecution; minority,"Princely Dignity, Jurisdiction and Empire","Government, Law & Administration",inherited,1730-1750#16
british,1750-1770,36,168,righteousness; christianity; revelation; gospel; jehovah; scriptures; salvation; xxvii; ministers; xxviii,Dutch and German Text,Structural / Uncertain,inherited,1730-1750#27
british,1750-1770,23,297,bladder; glands; perspiration; intestines; gums; juices; cavity; fluids; socket; fluid,"Meekness, Chastity and Devout Virtue",Morality: Virtue & Vice,inherited,1730-1750#2
british,1750-1770,13,363,velvet; silk; curling; coal; yellow; cloth; dusky; gilt; violets; fastened,"Concord, Discord and Agreement",Rhetoric & Persuasion,inherited,1730-1750#40
british,1750-1770,32,198,beville; howard; greville; rev; jess; thornhill; fielding; crawfurd; carewe; seymour,"Debt, Credit and Scots Law Finance","Trade, Finance & Commerce",inherited,1730-1750#46
british,1750-1770,22,311,option; oration; asiatic; brut; insurrection; innovation; tiffi; aristocracy; unconquerable; assemblage,Miscellaneous Rare Nouns,Structural / Uncertain,inherited,1730-1750#23
british,1750-1770,42,98,gilbert; joseph; martin's; roger; stephen; walter; matthew; francis; hugh; simon,English Nobility and Earldoms,"History, Genealogy, Nobility & Kinship",inherited,1730-1750#13
british,1750-1770,20,321,pulled; rolled; poured; stepped; slipt; flung; blowing; breaks; stepping; shoots,Infinitive Verb Forms,Structural / Uncertain,inherited,1730-1750#11
british,1750-1770,3,497,institutions; properties; combinations; substances; descriptions; doctrines; perceptions; deliberations; tenets; incursions,"Realms, Offices and Civic Administration","Government, Law & Administration",inherited,1730-1750#12
british,1750-1770,45,74,plumes; nod; tresses; spear; tent; quiver; lance; crimson; steed; host,Contracted Verb Forms,Structural / Uncertain,inherited,1730-1750#37
british,1750-1770,44,81,compelled; alarmed; surprized; oblig'd; mortified; grieved; displeased; shocked; resolved; persuaded,Verbs of Thinking and Perceiving,Structural / Uncertain,inherited,1730-1750#43
british,1750-1770,10,378,wakes; beholds; lifts; rolls; pours; glows; denies; breathes; owes; spreads,Third-Person -eth Verb Forms,Structural / Uncertain,inherited,1730-1750#25
british,1750-1770,9,380,translation; descriptive; poems; poesy; diction; epigrams; antiquities; tasso; imagery; epic,Place Names and Regions,Geography & Territory,inherited,1730-1750#4
british,1750-1770,48,28,did'st; do'st; couldst; mayst; could'st; should'st; sayst; may'st; would'st; say'st,Second-Person Verb Forms,Structural / Uncertain,human,
british,1750-1770,35,174,thyrsis; am'rous; enamour'd; warbling; choral; tun'd; naiads; lore; daphne; list'ning,Latin and French Grammar Terms,"Books, Learning & Scholarship",inherited,1730-1750#18
british,1750-1770,5,445,flow'rs; glitt'ring; wat'ry; russet; gladsome; flow'ry; verdant; odours; verdure; vernal,Spelling-Reform Orthographic Variants,Structural / Uncertain,inherited,1730-1750#39
british,1750-1770,16,340,spectres; grim; agonizing; lab'ring; glowing; ey'd; panting; pearly; heaving; swell'd,Internal Organs and Anatomy,"Medicine, Body & Health",inherited,1730-1750#8
british,1750-1770,30,207,beach; sands; relied; bier; heath; grass; floor; depending; corse; leaning,Combat and Motion Verbs,Military & Warfare,inherited,1730-1750#41
british,1750-1770,25,258,rice; butter; boiled; barley; spoonful; lemon; cream; broth; beef; pot,Household Goods and Provisions,"Domestic Life, Dress & Household",inherited,1730-1750#32
british,1750-1770,28,243,malava; secunder; chizer; dowlat; ali; ul; mahummud; shaw; lahore; mubarick,"Truth, Conscience and Preaching","Religion, Theology & the Church",inherited,1730-1750#42
british,1750-1770,15,357,floats; foaming; vaulted; rocky; crystal; floating; foam; billows; tow'rs; tides,Body Parts and Physical Description,"Medicine, Body & Health",inherited,1730-1750#19
british,1750-1770,43,90,results; deduced; exempted; derived; extracted; rescued; expel; exempt; derive; deduce,"Deduction, Derivation and Separation",Rhetoric & Persuasion,human,
british,1750-1770,19,326,glade; boughs; meads; elms; vales; spears; warriors; yew; oaks; canvas,Chivalric Romance Names,Structural / Uncertain,inherited,1730-1750#21
british,1750-1770,11,367,olim; ita; hoc; ipse; jam; domino; masculis; illa; atque; autem,Latin Function Words,Structural / Uncertain,inherited,1730-1750#22
british,1750-1770,31,203,regulating; apostolical; discontents; polity; adopting; promoting; fundamental; acquiring; confining; establishing,Latin Text and Word Fragments,Structural / Uncertain,inherited,1730-1750#20
british,1750-1770,26,257,othman; egbert; varus; zaphira; zopiron; tigranes; irene; aemilius; zenobia; teribazus,Mixed Foreign-Language Text,Structural / Uncertain,inherited,1730-1750#44
british,1750-1770,18,330,waverl; heming; neust; retour; fraser; haya; thomae; ducem; ruthven; carnegie,Latin Grammar and Classical Authors,"Books, Learning & Scholarship",inherited,1730-1750#9
british,1770-1790,41,168,bushels; ninety; gallons; bushel; eighty; pound; pounders; shillings; seventy; lb,Spelling Variants of 'Quick',Structural / Uncertain,inherited,1750-1770#41
british,1770-1790,53,79,harder; heavier; bigger; lighter; swifter; whiter; richer; sweeter; safer; cheaper,Humours and Bodily Complexion,"Medicine, Body & Health",inherited,1750-1770#47
british,1770-1790,25,364,ably; copiously; zealously; vehemently; imperfectly; forcibly; successfully; ingeniously; elegantly; strenuously,Adverbs of Manner,Structural / Uncertain,inherited,1750-1770#38
british,1770-1790,3,661,disgusting; complex; irritable; subtile; beneficial; forcible; fanciful; blameable; captivating; physical,"Treaties, Parliament and Baronial Councils","Government, Law & Administration",inherited,1750-1770#2
british,1770-1790,45,137,tuesday; eighteenth; october; monday; friday; thirteenth; july; thursday; september; sept,Verbs of Enduring and Continuing,Structural / Uncertain,inherited,1750-1770#46
british,1770-1790,8,593,fag; kit; betty; jul; darby; jemmy; bravo; lau; susan; moll,Word Fragments,Structural / Uncertain,inherited,1750-1770#7
british,1770-1790,15,474,watson; thompson; twineall; dodd; forster; browne; herbert; norris; jess; gosport,"Debt, Credit and Scots Law Finance","Trade, Finance & Commerce",inherited,1750-1770#32
british,1770-1790,30,327,stockings; tufts; ribbons; trowsers; furs; baskets; hats; breeches; basons; embroidered,Second-Person Verb Forms,Structural / Uncertain,inherited,1750-1770#21
british,1770-1790,1,906,weakened; silenced; expelled; deposed; assassinated; nominated; strengthened; attacked; declared; stimulated,Past-Tense Narrative Verbs,Structural / Uncertain,inherited,1750-1770#0
british,1770-1790,40,168,booby; fop; rogue; wench; rascal; drunken; clergyman; warrior; fool; scoundrel,Roman Numerals and Dates,Structural / Uncertain,inherited,1750-1770#34
british,1770-1790,35,261,superiors; kinsman; forefathers; partner; sires; sister; predecessors; adversaries; understandings; louisa,Generic Plural Nouns,Structural / Uncertain,inherited,1750-1770#27
british,1770-1790,0,913,reconcile; expose; suggest; disappoint; injure; resign; tempt; satisfy; apply; counteract,Base-Form Verbs,Structural / Uncertain,inherited,1750-1770#1
british,1770-1790,20,415,payment; revenue; surplus; revenues; legislature; privileges; yearly; salaries; warehouses; funds,"Princely Dignity, Jurisdiction and Empire","Government, Law & Administration",inherited,1750-1770#24
british,1770-1790,19,418,pot; jacket; apron; velvet; hog; collar; sack; forehead; bunch; thistle,"Concord, Discord and Agreement",Rhetoric & Persuasion,inherited,1750-1770#13
british,1770-1790,6,598,governors; prelates; abbots; bishops; burgesses; electors; barons; treves; priors; papists,Maintaining and Upholding Order,"Government, Law & Administration",inherited,1750-1770#6
british,1770-1790,31,325,meed; anguish; dart; wiles; wrongs; woes; pow'rs; griefs; sorrows; slumbers,Descriptive Poetic Adjectives,"Literature, Drama & Poetic Diction",inherited,1750-1770#12
british,1770-1790,23,393,gauls; bohemia; selim; dalmatia; sozomen; darius; germans; chan; aurelian; goths,"Truth, Conscience and Preaching","Religion, Theology & the Church",inherited,1750-1770#28
british,1770-1790,10,524,ambition's; starry; warbled; deck'd; godlike; heav'nly; attic; shadowy; radiant; glitt'ring,Virtues and Moral Qualities,Morality: Virtue & Vice,inherited,1750-1770#8
british,1770-1790,43,154,jamais; mais; moi; qu'ils; lui; sur; qu'il; avoit; castro; bien,"Historical Names, Places and Titles","History, Genealogy, Nobility & Kinship",inherited,1750-1770#39
british,1770-1790,32,324,bowers; bow'rs; warbling; murm'ring; phoebus; responsive; glade; echoing; dome; cupids,Latin and French Grammar Terms,"Books, Learning & Scholarship",inherited,1750-1770#35
british,1770-1790,55,31,they'll; wou'd; shou'd; she'll; he'll; sha'n't; you'll; you'd; he'd; thou'lt,Contracted Verb Forms,Structural / Uncertain,human,
british,1770-1790,34,265,toleration; injustice; suspension; hatred; baseness; iniquitous; disobedience; resentment; immorality; oppression,Latin Grammar and Classical Authors,"Books, Learning & Scholarship",inherited,1750-1770#18
british,1770-1790,21,401,excellence; diction; urbanity; pathos; elegance; rhetoric; liberality; unshaken; moderation; fidelity,"Mercy, Grace and Damnation","Religion, Theology & the Church",inherited,1750-1770#17
british,1770-1790,14,502,pulled; flung; rolled; pulls; slipped; pull; washed; plunged; dragged; shoot,Infinitive Verb Forms,Structural / Uncertain,inherited,1750-1770#20
british,1770-1790,22,400,preface; version; confirmation; translation; manuscript; composition; argument; interpretation; treatise; decision,Legal Writs and Property Actions,"Government, Law & Administration",inherited,1750-1770#4
british,1770-1790,28,334,idiot; aqueduct; adhuc; infringement; aggravation; itinerant; accomplice; oval; edict; earthquake,Miscellaneous Rare Nouns,Structural / Uncertain,inherited,1750-1770#22
british,1770-1790,18,422,executive; legislative; constitutional; supporting; territorial; primary; informing; constituting; securing; establishing,Latin Text and Word Fragments,Structural / Uncertain,inherited,1750-1770#31
british,1770-1790,47,125,shocked; laughed; compelled; laugh'd; aimed; alarmed; terrified; resolv'd; instigation; fatigued,Verbs of Thinking and Perceiving,Structural / Uncertain,inherited,1750-1770#44
british,1770-1790,51,87,apostles; gospel; righteousness; prophets; jesus; creator; revelation; expressly; gentiles; legislator,"Scripture, Prophets and Christianity","Religion, Theology & the Church",human,
british,1770-1790,17,430,yams; boiled; turnips; flax; flour; berries; myrrh; syrup; plantains; gum,Household Goods and Provisions,"Domestic Life, Dress & Household",inherited,1750-1770#25
british,1770-1790,7,596,irritation; solids; debility; lymph; viscid; irritability; spasms; intestines; urine; relaxation,"Meekness, Chastity and Devout Virtue",Morality: Virtue & Vice,inherited,1750-1770#23
british,1770-1790,52,83,hertford; margaret; catherine; luxborough; abberville; frances; seaton; belmont; lyttelton; elisabeth,Mixed Proper Names,Structural / Uncertain,human,
british,1770-1790,36,252,euxine; rhine; severn; baltic; streights; tartary; danube; jaik; bay; alps,"Rivers, Seas and Foreign Territories",Geography & Territory,human,
british,1770-1790,5,633,institutions; texts; manuscripts; treatises; compositions; establishments; poems; assertions; peculiarities; artifices,"Realms, Offices and Civic Administration","Government, Law & Administration",inherited,1750-1770#3
british,1770-1790,12,514,hac; dicti; seu; modo; omnibus; tamen; sicut; neque; regni; sui,Latin Function Words,Structural / Uncertain,inherited,1750-1770#11
british,1770-1790,11,517,forsakes; paints; compels; rends; beholds; subdues; confesses; owns; sooths; smote,Third-Person -eth Verb Forms,Structural / Uncertain,inherited,1750-1770#10
british,1770-1790,2,698,fenwick; worcester; clark; bedford; owen; lincoln; warwickshire; weaver; litchfield; clarence,"Sin, Ransom and Deliverance","Religion, Theology & the Church",inherited,1750-1770#14
british,1770-1790,9,554,foliage; pendent; cliff; tufted; heath; craggy; cliffs; caves; beech; vines,Chivalric Romance Names,Structural / Uncertain,inherited,1750-1770#19
british,1770-1790,42,166,ralph; scrope; andrews; matthew; christopher; bart; roger; patrick; gilbert; martin's,English Nobility and Earldoms,"History, Genealogy, Nobility & Kinship",inherited,1750-1770#42
british,1770-1790,16,441,dewy; crystal; vernal; glooms; wintry; radiance; fragrant; flow'rs; burnish'd; zephyrs,Spelling-Reform Orthographic Variants,Structural / Uncertain,inherited,1750-1770#5
british,1770-1790,49,109,xxxi; civ; deut; xxxii; xxviii; xx; jer; exod; xxiii; xxii,Dutch and German Text,Structural / Uncertain,inherited,1750-1770#36
british,1770-1790,37,241,striped; glossy; irides; fringed; tawny; edged; yellow; color; hairy; thighs,"Weather, Sky and Zodiac","Nature, Landscape & Weather",inherited,1750-1770#37
british,1770-1790,56,27,shouldst; did'st; couldst; wouldst; could'st; should'st; seest; say'st; mayst; think'st,Second-Person Verb Forms,Structural / Uncertain,inherited,1750-1770#48
british,1770-1790,50,98,squadrons; palms; javelins; spear; spears; shields; crest; shaft; javelin; warriors,Contracted Verb Forms,Structural / Uncertain,inherited,1750-1770#45
british,1770-1790,13,506,magnus; eccles; henricus; polybius; sallust; clemens; coll; plin; vo; pliny,Place Names and Regions,Geography & Territory,inherited,1750-1770#9
british,1770-1790,39,208,axis; transverse; curve; diameter; semicircle; conjugate; triangle; dc; rectangle; ordinate,Geometry and Mathematical Figures,"Science, Mathematics & Natural Philosophy",human,
british,1770-1790,24,369,adorn'd; inspir'd; subdu'd; fir'd; view'd; sway'd; press'd; clasps; sigh'd; renew'd,Evaluative Adjectives of Fitness,Structural / Uncertain,inherited,1750-1770#29
british,1770-1790,54,65,deduced; exempt; resulting; derived; wrested; freed; exempted; separated; originate; extracted,"Deduction, Derivation and Separation",Rhetoric & Persuasion,inherited,1750-1770#43
british,1770-1790,38,221,skins; fowls; goats; geese; hares; foxes; pigs; partridges; wolves; ducks,"Animals, Birds and Fauna","Nature, Landscape & Weather",human,
british,1770-1790,44,137,studded; tinctured; shaded; strewed; encompassed; unacquainted; tinged; skirted; fenced; lined,Civil Administration and Public Wealth,"Government, Law & Administration",inherited,1750-1770#40
british,1770-1790,29,328,lightnings; howling; billows; gliding; wav'd; gushing; foaming; torrents; sweeping; rolling,Body Parts and Physical Description,"Medicine, Body & Health",inherited,1750-1770#15
british,1770-1790,26,362,ruthless; threat'ning; dauntless; rapt; swell'd; vengeful; aloft; streaming; haggard; pierc'd,Internal Organs and Anatomy,"Medicine, Body & Health",inherited,1750-1770#16
british,1770-1790,46,137,reclin'd; encroach; perched; relying; insists; relied; depended; pedestal; depending; rely,Combat and Motion Verbs,Military & Warfare,inherited,1750-1770#30
british,1770-1790,33,286,orel; hah; elwina; orus; leonidas; hamet; orontes; lyc; editha; demophoon,Mixed Foreign-Language Text,Structural / Uncertain,inherited,1750-1770#26
british,1770-1790,27,341,unwarrantable; lawless; lust; inconsiderate; envy's; tyrannic; vindictive; unrelenting; covetousness; unjustifiable,Miscellaneous Mixed Vocabulary,Structural / Uncertain,inherited,1750-1770#33
british,1770-1790,48,117,nom; mon; bi; deir; kyng; ful; alle; gae; grene; sair,Scots Dialect and Middle English,Structural / Uncertain,human,
british,1770-1790,4,648,dicto; hugo; johanne; nuper; willielmo; orosius; ellison; ipsius; concedimus; patris,Miscellaneous Latin and Proper Names,Structural / Uncertain,human,
british,1790-1810,46,323,tournois; shil; pounders; paras; stivers; piastres; guilders; quarts; fifths; eighths,Spelling Variants of 'Quick',Structural / Uncertain,inherited,1770-1790#41
british,1790-1810,62,130,harder; bigger; lovelier; taller; handsomer; hotter; duller; swifter; avorse; broader,Humours and Bodily Complexion,"Medicine, Body & Health",inherited,1770-1790#53
british,1790-1810,40,476,cism; chemical; mineralogical; etymological; illustrative; phical; biographical; elocutionary; theological; definitions,Miscellaneous Mixed Vocabulary,Structural / Uncertain,inherited,1770-1790#27
british,1790-1810,41,436,nexed; swer; tiquity; gel; arrant; impostor; attila; cients; swered; untruth,Miscellaneous Rare Nouns,Structural / Uncertain,inherited,1770-1790#28
british,1790-1810,28,569,extensively; pointedly; injuriously; satisfactorily; judiciously; accurately; ingeniously; successfully; cruelly; strikingly,Adverbs of Manner,Structural / Uncertain,inherited,1770-1790#25
british,1790-1810,6,1184,vindictive; illiberal; efficacious; flagrant; reprehensible; forcible; virulent; intolerant; unprincipled; illegal,"Treaties, Parliament and Baronial Councils","Government, Law & Administration",inherited,1770-1790#3
british,1790-1810,56,207,nth; wednesday; tember; monday; seventeenth; uth; tuesday; oct; december; thurs,Verbs of Enduring and Continuing,Structural / Uncertain,inherited,1770-1790#45
british,1790-1810,43,424,sewell; stannard; aylsham; upholder; holmes; hotpresser; ironmonger; pudsey; reeve; bungay,English Nobility and Earldoms,"History, Genealogy, Nobility & Kinship",inherited,1770-1790#42
british,1790-1810,1,1451,countenanced; counteracted; influenced; excommunicated; weakened; recognized; nominated; assailed; demonstrated; benefited,Past-Tense Narrative Verbs,Structural / Uncertain,inherited,1770-1790#1
british,1790-1810,13,955,coroners; cial; prelates; establishments; colonial; clergymen; convention; deputy; commissioners; commanderies,Maintaining and Upholding Order,"Government, Law & Administration",inherited,1770-1790#6
british,1790-1810,51,243,coxcomb; thief; rogue; scoundrel; scholar; blockhead; fool; botanist; rascal; courtier,Roman Numerals and Dates,Structural / Uncertain,inherited,1770-1790#40
british,1790-1810,39,484,marines; infantry; squadron; putnam; adjutant; frigate; mortars; lieut; frigates; conseil,Second-Person Verb Forms,Structural / Uncertain,inherited,1770-1790#30
british,1790-1810,8,1119,gaby; tangent; len; duval; cad; jen; whimsiculo; tap; wid; whimmy,Word Fragments,Structural / Uncertain,inherited,1770-1790#8
british,1790-1810,19,811,pelopidas; tarquinius; mantineia; phlius; navarre; yaroslaf; lollius; jourdain; tyrconnel; pontifex,"Truth, Conscience and Preaching","Religion, Theology & the Church",inherited,1770-1790#23
british,1790-1810,15,936,eux; bellegarde; veut; nord; principe; ete; roberto; marne; etre; tivoli,"Historical Names, Places and Titles","History, Genealogy, Nobility & Kinship",inherited,1770-1790#43
british,1790-1810,50,276,xci; cii; edit; ep; lxxii; xliv; lxxxv; biog; acad; xxxiv,Dutch and German Text,Structural / Uncertain,inherited,1770-1790#49
british,1790-1810,9,1116,inlaid; gateway; pathless; craggy; carved; glade; swamps; clumps; dells; thickets,Chivalric Romance Names,Structural / Uncertain,inherited,1770-1790#9
british,1790-1810,27,570,niece; hufband; ladyfhip; truft; spouse; mafter; name's; fpeak; fong; foft,Generic Plural Nouns,Structural / Uncertain,inherited,1770-1790#35
british,1790-1810,4,1234,impute; attach; reconcile; chastise; stimulate; detect; befriend; suggest; contradict; assail,Base-Form Verbs,Structural / Uncertain,inherited,1770-1790#0
british,1790-1810,34,529,rapt'rous; rapt; affection's; inspiring; warms; raptur'd; sainted; muse's; religion's; learning's,Virtues and Moral Qualities,Morality: Virtue & Vice,inherited,1770-1790#10
british,1790-1810,11,1045,popayan; charente; montserrat; wabash; mindanao; cromarty; northeast; polynesia; funen; ceram,"Rivers, Seas and Foreign Territories",Geography & Territory,inherited,1770-1790#36
british,1790-1810,58,186,olave; amand; leger; alban's; asaph; albans; jago; edmunds; patrick's; johns,"'St.' Place Names, Gazetteer",Geography & Territory,human,
british,1790-1810,36,514,leonora; hah; rosara; ros; osbert; vitellia; annius; beatrice; rosabella; enchantress,Mixed Foreign-Language Text,Structural / Uncertain,inherited,1770-1790#33
british,1790-1810,38,493,payment; expenses; exportation; revenues; greatbritain; augmentation; valuation; salaries; licences; diminution,"Princely Dignity, Jurisdiction and Empire","Government, Law & Administration",inherited,1770-1790#20
british,1790-1810,2,1291,selfishness; distinctness; malignity; pray'rs; griefs; affectation; rancour; quickness; imagery; enjoyments,"Mercy, Grace and Damnation","Religion, Theology & the Church",inherited,1770-1790#21
british,1790-1810,35,523,proposition; hypothesis; analysis; demonstration; statement; doctrine; authenticity; avowal; accusation; imperfection,Legal Writs and Property Actions,"Government, Law & Administration",inherited,1770-1790#22
british,1790-1810,30,543,presburg; hispaniola; rouen; rico; lyons; elephanta; augsburg; andros; porto; montreal,Verbs of Thinking and Perceiving,Structural / Uncertain,inherited,1770-1790#47
british,1790-1810,37,503,publications; compositions; notices; excellencies; documents; axioms; texts; hypotheses; paintings; commentators,"Realms, Offices and Civic Administration","Government, Law & Administration",inherited,1770-1790#5
british,1790-1810,12,976,parsley; onions; cloves; fried; celery; tamarinds; ginger; sliced; boil'd; veal,Household Goods and Provisions,"Domestic Life, Dress & Household",inherited,1770-1790#17
british,1790-1810,17,863,flung; pull'd; plunges; drives; pulls; rolled; jumped; flings; bends; jumps,Infinitive Verb Forms,Structural / Uncertain,inherited,1770-1790#14
british,1790-1810,54,223,aff; weel; syne; bairn; guid; lairds; bonnie; whan; auld; frae,Contracted Verb Forms,Structural / Uncertain,inherited,1770-1790#55
british,1790-1810,48,295,assyrians; huns; vandals; babylonians; turks; celtic; persians; cymry; scythian; prophets,"Scripture, Prophets and Christianity","Religion, Theology & the Church",inherited,1770-1790#51
british,1790-1810,3,1289,labore; urbem; tanto; ingenii; habuit; quanquam; virtute; ista; vobis; normanni,Latin Function Words,Structural / Uncertain,inherited,1770-1790#12
british,1790-1810,22,762,jetty; trowsers; jacket; apron; ribbons; talons; sleeves; shirt; buttons; collar,"Concord, Discord and Agreement",Rhetoric & Persuasion,inherited,1770-1790#19
british,1790-1810,21,767,exactions; royalists; insurrections; misrepresentations; accusations; dissensions; practices; imputations; declarations; determinations,Latin Grammar and Classical Authors,"Books, Learning & Scholarship",inherited,1770-1790#34
british,1790-1810,52,239,ecliptic; equator; sultry; diameter; scorching; meridians; stormy; planets; parallax; orbit,Geometry and Mathematical Figures,"Science, Mathematics & Natural Philosophy",inherited,1770-1790#39
british,1790-1810,18,822,soda; vomiting; nitrous; mucus; saline; nausea; fluids; purging; nitric; intestines,"Meekness, Chastity and Devout Virtue",Morality: Virtue & Vice,inherited,1770-1790#7
british,1790-1810,31,542,scaly; obtuse; streaked; striated; truncated; longitudinally; ferruginous; cylindrical; roundish; transversely,"Weather, Sky and Zodiac","Nature, Landscape & Weather",inherited,1770-1790#37
british,1790-1810,55,223,commented; expatiated; descanted; animadvert; congratulating; perch'd; relied; encroached; depending; relying,Combat and Motion Verbs,Military & Warfare,inherited,1770-1790#46
british,1790-1810,7,1165,misty; darken'd; dewy; roseate; spangled; translucent; scented; dark'ning; illumes; burnish'd,Spelling-Reform Orthographic Variants,Structural / Uncertain,inherited,1770-1790#16
british,1790-1810,26,620,hails; despises; disoblige; reveals; reminds; exerts; explains; convinces; accost; condemns,Third-Person -eth Verb Forms,Structural / Uncertain,inherited,1770-1790#11
british,1790-1810,29,565,partridges; ducks; kites; hares; foxes; lizards; woodcocks; pigeons; bleating; snipes,"Animals, Birds and Fauna","Nature, Landscape & Weather",inherited,1770-1790#38
british,1790-1810,5,1214,whitchurch; bucklow; dunmow; dunwich; worksop; honiton; bingley; barnsley; longford; kirby,"Sin, Ransom and Deliverance","Religion, Theology & the Church",inherited,1770-1790#2
british,1790-1810,47,308,nevill; fleming; montfort; loughborough; egremont; mornington; basset; sackville; pembroke; aylesford,Mixed Proper Names,Structural / Uncertain,inherited,1770-1790#52
british,1790-1810,65,61,couldst; did'st; fhalt; shouldst; could'st; say'st; wouldst; should'st; hear'st; canft,Second-Person Verb Forms,Structural / Uncertain,inherited,1770-1790#56
british,1790-1810,44,398,hornblende; feldspar; quartz; stalactitical; fluor; granular; mica; spars; chalcedony; veined,Minerals and Geological Rock Types,"Science, Mathematics & Natural Philosophy",human,
british,1790-1810,14,939,codrington; gooch; dixon; hewitt; clark; webster; hammond; ellis; crawford; brecon,"Debt, Credit and Scots Law Finance","Trade, Finance & Commerce",inherited,1770-1790#15
british,1790-1810,32,537,subverting; restraining; allaying; counteracts; securing; prosecuting; debasing; enforcing; quelling; referring,Latin Text and Word Fragments,Structural / Uncertain,inherited,1770-1790#18
british,1790-1810,20,788,xxj; aji; aaj; jji; fj; xai; tutto; pio; tutti; yap,Garbled Typographic Noise,Structural / Uncertain,human,
british,1790-1810,10,1086,ruthless; vengeful; madd'ning; quiv'ring; murd'rous; relentless; treach'rous; disarm'd; stygian; awakes,Internal Organs and Anatomy,"Medicine, Body & Health",inherited,1770-1790#26
british,1790-1810,24,651,potestatem; orosius; clemens; epistol; miscellanies; zeno; josephus; mela; gellius; diodorus,Place Names and Regions,Geography & Territory,inherited,1770-1790#13
british,1790-1810,33,536,morus; acer; holcus; sassafras; occidentalis; rubra; collared; scolopax; acacia; sylvestris,Contracted Verb Forms,Structural / Uncertain,inherited,1770-1790#50
british,1790-1810,25,645,assail'd; vow'd; ador'd; raves; wakes; mourn'd; watch'd; prov'd; press'd; prest,Evaluative Adjectives of Fitness,Structural / Uncertain,inherited,1770-1790#24
british,1790-1810,64,95,nu; merous; ther's; thoms; rible; encoun; ritory; roches; ritories; minate,Word Fragments,Structural / Uncertain,human,
british,1790-1810,23,677,foaming; whirling; attune; thund'ring; dulcet; surges; whirls; warblings; warbling; thunder's,Latin and French Grammar Terms,"Books, Learning & Scholarship",inherited,1770-1790#32
british,1790-1810,45,350,nigra; albo; emberiza; margine; gesn; fusco; cinerea; suppl; rostro; nostras,Latin Ornithological Species Names,"Science, Mathematics & Natural Philosophy",human,
british,1790-1810,63,123,tinctured; imbued; corresponded; unacquainted; temper'd; coincides; mingles; compatible; endow'd; combines,Civil Administration and Public Wealth,"Government, Law & Administration",inherited,1770-1790#44
british,1790-1810,57,191,tinues; sequently; ducting; sidering; jecture; tinuing; tinually; firmation; cealed; quests,Descriptive Poetic Adjectives,"Literature, Drama & Poetic Diction",inherited,1770-1790#31
british,1790-1810,59,185,opposi; distinc; disposi; obliga; approba; communica; applica; inven; determina; precau,"Word Fragments, -tion Suffix Stems",Structural / Uncertain,human,
british,1790-1810,60,150,newed; maining; sentment; peatedly; ligious; specting; sidence; peated; volution; sembles,Body Parts and Physical Description,"Medicine, Body & Health",inherited,1770-1790#29
british,1790-1810,49,291,thare; slue; geffrey; earle; sonne; commaunded; authoritie; wayis; vther; suld,Scots Dialect and Middle English,Structural / Uncertain,inherited,1770-1790#48
british,1790-1810,53,227,municate; treme; hausted; testants; ceedings; missioners; testant; mised; montory; menced,"Word Fragments, com- Prefix Stems",Structural / Uncertain,human,
british,1790-1810,67,37,observ; includ; describ; declar; oblig; increas; strik; preced; giv; becom,Truncated Verb Stems,Structural / Uncertain,human,
british,1790-1810,61,134,guerre; termine; valmont; partment; scending; cline; courcy; marechal; cember; scended,Word Fragments and French Text,Structural / Uncertain,human,
british,1790-1810,68,27,oppres; divi; posses; expres; profes; impres; discus; allu; permis; excur,Word Fragments,Structural / Uncertain,human,
british,1790-1810,16,885,pariter; invicem; ultro; argumento; illorum; videretur; aristoteles; etenim; salutem; sanguinis,"Deduction, Derivation and Separation",Rhetoric & Persuasion,inherited,1770-1790#54
british,1790-1810,69,27,plication; proaching; pointment; pearing; pearances; prehension; plause; propriated; proached; pendix,"Word Fragments, ap- Prefix Stems",Structural / Uncertain,human,
british,1790-1810,66,54,putes; riched; gaged; tirely; gagements; persed; larged; deavoured; cretion; tricts,"Word Fragments, en- Prefix Stems",Structural / Uncertain,human,
british,1790-1810,0,1653,diximus; ciim; blancs; statum; cicer; renfrewshire; goodwyn; driffield; methodum; seroit,Miscellaneous Latin and Proper Names,Structural / Uncertain,inherited,1770-1790#4
british,1790-1810,70,12,lonel; nical; loured; lonies; burgher; vering; lony; vered; lumns; lours,"Word Fragments, co- Prefix Stems",Structural / Uncertain,human,
british,1790-1810,42,426,brett; coates; curzon; tyrrell; mildenhall; goddard; colne; d'arcy; thornbury; waite,Mixed English Surnames,Structural / Uncertain,human,
british,1810-1830,45,535,firlot; skillings; eighths; piasters; cwt; scholarships; farthings; bordars; rupees; lbs,Spelling Variants of 'Quick',Structural / Uncertain,inherited,1790-1810#46
british,1810-1830,62,200,fleeter; pleasanter; bigger; thicker; heavier; sharper; avorse; tougher; sublimer; prouder,Humours and Bodily Complexion,"Medicine, Body & Health",inherited,1790-1810#62
british,1810-1830,10,1840,payments; forfeitures; assessors; coroners; constables; teinds; payment; assessment; receipts; bailies,Maintaining and Upholding Order,"Government, Law & Administration",inherited,1790-1810#13
british,1810-1830,20,1468,uncharitable; unjustifiable; equivocal; flagrant; fawning; objectionable; inhuman; exempla; vindictive; unpromising,"Treaties, Parliament and Baronial Councils","Government, Law & Administration",inherited,1790-1810#6
british,1810-1830,34,966,abominably; ingeniously; judiciously; inaccurately; tastefully; injudiciously; elegantly; cruelly; characteristically; curiously,Adverbs of Manner,Structural / Uncertain,inherited,1790-1810#28
british,1810-1830,52,405,sth; sep; celebration; connived; theatres; gth; tuesday; september; tendants; llth,Verbs of Enduring and Continuing,Structural / Uncertain,inherited,1790-1810#56
british,1810-1830,14,1679,weakened; influenced; contradicted; conceded; uninfluenced; assailed; lessened; characterized; overtaken; explained,Past-Tense Narrative Verbs,Structural / Uncertain,inherited,1790-1810#1
british,1810-1830,7,2063,infuriate; murd'rous; bertha's; unpitying; gallia's; vanquish'd; unhallow'd; seraphic; oppression's; vengeful,Virtues and Moral Qualities,Morality: Virtue & Vice,inherited,1790-1810#34
british,1810-1830,31,1112,ashtabula; winnipiseogee; juniatta; centrites; otisco; merrimack; blackwater; georgetown; sarthe; pasquotank,"Rivers, Seas and Foreign Territories",Geography & Territory,inherited,1790-1810#11
british,1810-1830,26,1290,jusqu'a; aucun; entier; auquel; alors; l'isle; sujets; derniere; aupres; vouloir,"Historical Names, Places and Titles","History, Genealogy, Nobility & Kinship",inherited,1790-1810#15
british,1810-1830,11,1785,maximin; marcus; seleucus; acilius; quintus; goths; darius; lagus; cartha; valentinian,"Scripture, Prophets and Christianity","Religion, Theology & the Church",inherited,1790-1810#48
british,1810-1830,27,1208,mouldings; sculptures; stuccoed; inlaid; busts; stucco; mosaics; pilasters; niches; parapet,Chivalric Romance Names,Structural / Uncertain,inherited,1790-1810#9
british,1810-1830,4,2409,stephenson; m'lean; garnett; jardine; denison; nicholls; dowton; biggs; neild; emerson,"Debt, Credit and Scots Law Finance","Trade, Finance & Commerce",inherited,1790-1810#14
british,1810-1830,16,1598,dark'ning; lurid; darken'd; illumes; murky; silv'ry; gleam'd; foamy; deep'ning; spangled,Spelling-Reform Orthographic Variants,Structural / Uncertain,inherited,1790-1810#7
british,1810-1830,40,668,barbara; darnley's; dorothy; eleanor; isabel; coheir; frances; lundin; johanna; isobel,Generic Plural Nouns,Structural / Uncertain,inherited,1790-1810#27
british,1810-1830,38,779,chasseurs; lancers; towed; muskets; grenadiers; cuirassiers; jib; rudder; hussars; sepoys,Second-Person Verb Forms,Structural / Uncertain,inherited,1790-1810#39
british,1810-1830,39,710,blockhead; puppy; swill; currier; maltster; tailor; rogue; knaves; pedlar; tabby,Roman Numerals and Dates,Structural / Uncertain,inherited,1790-1810#51
british,1810-1830,46,532,theus; cibo; torso; ferrata; girolamo; corregio; velletri; domenichino; parmigiano; caracci,Minerals and Geological Rock Types,"Science, Mathematics & Natural Philosophy",inherited,1790-1810#44
british,1810-1830,5,2318,hants; denton; charlton; alton; stoke; northumb; overton; herts; northamp; longbridge,"Sin, Ransom and Deliverance","Religion, Theology & the Church",inherited,1790-1810#5
british,1810-1830,41,588,heathy; o'erhangs; hollows; craggy; ridges; beetling; overhanging; parnes; ravines; jura,"Weather, Sky and Zodiac","Nature, Landscape & Weather",inherited,1790-1810#31
british,1810-1830,21,1466,deride; accuse; deny; refer; subdue; suggest; despise; nutri; impute; accompani,Base-Form Verbs,Structural / Uncertain,inherited,1790-1810#4
british,1810-1830,17,1564,billy; sna; sirrah; eh; solus; zelinda; rackett; joe; isab; blaisot,Word Fragments,Structural / Uncertain,inherited,1790-1810#8
british,1810-1830,23,1392,ovx; roig; rb; axx; schonen; ruv; iwi; ctv; eig; axxa,Garbled Typographic Noise,Structural / Uncertain,inherited,1790-1810#20
british,1810-1830,9,1880,modifications; phenomena; declarations; frankness; assertions; hypotheses; combinations; integrity; tendencies; susceptibility,"Mercy, Grace and Damnation","Religion, Theology & the Church",inherited,1790-1810#2
british,1810-1830,13,1685,vexes; employing; exalts; smites; enforcing; restraining; convinces; beguiles; acquaints; providing,Third-Person -eth Verb Forms,Structural / Uncertain,inherited,1790-1810#26
british,1810-1830,44,550,eglinton; mulgrave; balcarras; panmure; kenyon; fitzwilliam; dysart; hailes; hardwicke; waldegrave,Mixed Proper Names,Structural / Uncertain,inherited,1790-1810#47
british,1810-1830,22,1411,logical; miscellany; fictions; metaphysical; illustrating; theology; didactic; mineralogical; comic; writers,"Realms, Offices and Civic Administration","Government, Law & Administration",inherited,1790-1810#37
british,1810-1830,68,154,waterville; allerton; ampton; foreland; uist; egton; amptonshire; walsham; damerham; molton,"Word Fragments, Place-Name Stems",Structural / Uncertain,human,
british,1810-1830,15,1674,byng's; villach; championet; nangis; oudinot; schweitz; oppeln; landrecy; emb; hoya,"Truth, Conscience and Preaching","Religion, Theology & the Church",inherited,1790-1810#19
british,1810-1830,66,173,suscepti; remarka; valua; favoura; agreea; misera; amia; memora; respecta; incapa,Miscellaneous Mixed Vocabulary,Structural / Uncertain,inherited,1790-1810#40
british,1810-1830,55,350,ephes; zech; xlii; bela; glenfinnart; deut; thess; eph; xh; xxvi,Dutch and German Text,Structural / Uncertain,inherited,1790-1810#50
british,1810-1830,43,569,tiochus; cestor; tique; noyance; swers; cients; ticipated; nette; anabaptist; swering,Miscellaneous Rare Nouns,Structural / Uncertain,inherited,1790-1810#41
british,1810-1830,19,1499,ribaldry; impiety; malignity; intemperance; misrepresentations; affectation; selfishness; perjury; calumnies; venality,Latin Grammar and Classical Authors,"Books, Learning & Scholarship",inherited,1790-1810#21
british,1810-1830,36,850,woodbine; jasmine; flow'rets; wreath'd; scented; juniper; odorous; tufted; sycamore; flowerets,Contracted Verb Forms,Structural / Uncertain,inherited,1790-1810#33
british,1810-1830,57,296,ecliptic; diameters; ratio; eclipses; orbit; fication; planets; authori; diameter; orbits,Geometry and Mathematical Figures,"Science, Mathematics & Natural Philosophy",inherited,1790-1810#52
british,1810-1830,1,2774,paramithia; ooscat; zeitoun; falaba; sandgiak; saffy; bedja; alicante; patti; castellana,Verbs of Thinking and Perceiving,Structural / Uncertain,inherited,1790-1810#30
british,1810-1830,6,2125,pull'd; dash'd; pulls; jumping; creeps; toss; jumps; flings; picks; jumped,Infinitive Verb Forms,Structural / Uncertain,inherited,1790-1810#17
british,1810-1830,12,1709,muslin; striped; satin; thong; frock; leathern; nails; falchion; plaited; embroidered,"Concord, Discord and Agreement",Rhetoric & Persuasion,inherited,1790-1810#22
british,1810-1830,24,1333,quiv'ring; with'ring; venom'd; madd'ning; anguished; writhed; chill'd; anguish'd; frenzied; fever'd,Internal Organs and Anatomy,"Medicine, Body & Health",inherited,1790-1810#10
british,1810-1830,47,476,braw; anither; mither; gae; gudeman; luve; wrang; bonnie; whare; gude,Contracted Verb Forms,Structural / Uncertain,inherited,1790-1810#54
british,1810-1830,73,122,formances; petually; petrated; severance; sonally; vades; suasion; pendicularly; plexed; nicious,"Word Fragments, per- Prefix Stems",Structural / Uncertain,human,
british,1810-1830,60,224,submis; aggres; persua; conces; apprehen; suspen; effu; admis; discus; conclu,Word Fragments,Structural / Uncertain,inherited,1790-1810#68
british,1810-1830,8,1892,natif; zeolite; amygdaloid; granular; stilbite; prehnite; foliated; estner; fibrous; reniform,"Meekness, Chastity and Devout Virtue",Morality: Virtue & Vice,inherited,1790-1810#18
british,1810-1830,2,2770,ingenio; interdum; volumus; ipsam; haec; aliquod; quodam; quos; omnino; tribus,Latin Function Words,Structural / Uncertain,inherited,1790-1810#3
british,1810-1830,35,927,thund'ring; deaf'ning; cymbal; clarions; whooping; dulcet; pealing; warbling; clam'rous; fiddle,Latin and French Grammar Terms,"Books, Learning & Scholarship",inherited,1790-1810#23
british,1810-1830,58,234,includ; requir; complet; conclud; escap; assum; suppos; encourag; secur; retir,Truncated Verb Stems,Structural / Uncertain,inherited,1790-1810#67
british,1810-1830,63,196,mawman; beilby; gracechurch; westley; booker; ondon; darton; waugh; fenchurch; chapple,English Nobility and Earldoms,"History, Genealogy, Nobility & Kinship",inherited,1790-1810#43
british,1810-1830,51,425,ironmongery; hatters; curriers; sadlers; saddlers; tailors; cottons; coopers; joiners; hardware,"Princely Dignity, Jurisdiction and Empire","Government, Law & Administration",inherited,1790-1810#38
british,1810-1830,54,386,incompatible; trifled; intersected; blent; alternated; garnished; inundated; identified; compatible; lined,Civil Administration and Public Wealth,"Government, Law & Administration",inherited,1790-1810#63
british,1810-1830,69,139,thinkest; seem'st; liv'st; bearest; wouldest; sayst; sleep'st; feel'st; saidst; hear'st,Second-Person Verb Forms,Structural / Uncertain,inherited,1790-1810#65
british,1810-1830,25,1294,vetera; eutropius; verm; carneades; panegyr; diodor; meton; carm; methodique; epit,Place Names and Regions,Geography & Territory,inherited,1790-1810#24
british,1810-1830,53,401,nieht; vinden; zwey; stunde; durch; geene; einem; iiber; felsen; noch,German and Dutch Text,Structural / Uncertain,human,
british,1810-1830,48,470,croyland; romish; judaism; tenets; doctrine; priests; doctrines; calvinistic; lutherans; transubstantiation,Legal Writs and Property Actions,"Government, Law & Administration",inherited,1790-1810#35
british,1810-1830,70,131,numents; desty; narchs; nument; nasteries; narchy; narch; nopoly; nastery; dern,Word Fragments,Structural / Uncertain,inherited,1790-1810#64
british,1810-1830,67,166,depending; relying; preyed; descanted; commenting; insisting; prey'd; animadverted; insist; lavished,Combat and Motion Verbs,Military & Warfare,inherited,1790-1810#55
british,1810-1830,86,35,dunged; foundland; sezanne; zealanders; hampsliire; zealander; papua; englanders; hampshire; syslem,"Word Fragments, New- Place-Name Stems",Structural / Uncertain,human,
british,1810-1830,56,296,suleiman; chah; meerza; mahomed; khan; ibrahim; aga; oude; ismael; reza,Mixed Foreign-Language Text,Structural / Uncertain,inherited,1790-1810#36
british,1810-1830,37,793,squirrels; snipe; curlew; parrot; rabbits; widgeon; crows; ducks; squirrel; parrots,"Animals, Birds and Fauna","Nature, Landscape & Weather",inherited,1790-1810#29
british,1810-1830,87,33,westmor; suther; westmore; sleswick; dieman's; cleve; cumber; northumber; switzer; shet,"Word Fragments, -land Place-Name Stems",Structural / Uncertain,human,
british,1810-1830,28,1200,vedere; lontano; quei; milano; valli; occhi; forza; essere; dramma; odio,"Deduction, Derivation and Separation",Rhetoric & Persuasion,inherited,1790-1810#16
british,1810-1830,72,126,llywel; honddu; resolvable; transfused; degenerating; relapsed; metamorphosed; yode; infuses; instilled,"Relapse, Infusion and Bodily Degeneration","Medicine, Body & Health",human,
british,1810-1830,30,1125,almonds; onions; radishes; spinach; ginger; celery; stewed; sarsaparilla; pompions; soup,Household Goods and Provisions,"Domestic Life, Dress & Household",inherited,1790-1810#12
british,1810-1830,84,53,companying; complishment; commodated; knowledgment; knowledging; complishments; commodate; quiesced; commodations; cidentally,"Word Fragments, ac- Prefix Stems",Structural / Uncertain,human,
british,1810-1830,42,578,helens; neot's; davids; germains; leonards; remy; levan; valery; ubes; tarascon,"'St.' Place Names, Gazetteer",Geography & Territory,inherited,1790-1810#58
british,1810-1830,49,455,stituent; summation; centrated; tinuation; cealment; jectured; troversy; tradict; demning; trasts,Descriptive Poetic Adjectives,"Literature, Drama & Poetic Diction",inherited,1790-1810#57
british,1810-1830,80,68,nold; ticle; gument; chipelago; rangement; gyle; guments; tillery; chitecture; rangements,"Word Fragments, ar-/par- Prefix Stems",Structural / Uncertain,human,
british,1810-1830,50,437,redemp; justifica; revela; assump; delibera; supposi; deputa; retalia; condemna; repeti,"Word Fragments, -tion Suffix Stems",Structural / Uncertain,inherited,1790-1810#59
british,1810-1830,79,71,parel; preciate; plications; plauded; pendages; pearing; purtenances; plicable; pearances; prehensions,"Word Fragments, ap- Prefix Stems",Structural / Uncertain,inherited,1790-1810#69
british,1810-1830,18,1556,hammerton; halliwell; crowther; blundell; symons; tomlinson; hayward; rathangan; broadley; hailsham,Mixed English Surnames,Structural / Uncertain,inherited,1790-1810#42
british,1810-1830,65,174,mittees; pliments; petitors; monwealth; monalty; memoration; munications; plexions; mencing; binations,"Word Fragments, com- Prefix Stems",Structural / Uncertain,human,
british,1810-1830,74,113,lonies; lumbus; lonel; ventry; lony; loured; pacity; lossal; eval; venant,"Word Fragments, co- Prefix Stems",Structural / Uncertain,inherited,1790-1810#70
british,1810-1830,91,16,nimbi; n'as; ei; nei; mometer; whe; wea; ano; avhe; toge,Word Fragments,Structural / Uncertain,human,
british,1810-1830,61,209,panded; ecution; amples; ploded; amining; aggerated; cavation; quisitely; hibits; erted,"Word Fragments, com- Prefix Stems",Structural / Uncertain,inherited,1790-1810#53
british,1810-1830,78,72,tributa; titions; sto; adversa; sitions; sition; pularity; decompo; pular; expo,"Word Fragments, po- Prefix Stems",Structural / Uncertain,human,
british,1810-1830,92,15,sutor; vertheless; ver; phew; glect; cessities; gotiation; gative; cessity; cessary,"Word Fragments, ne- Prefix Stems",Structural / Uncertain,human,
british,1810-1830,33,1029,juniperus; castanea; sumach; geum; reticulata; sylvatica; odorata; canadensis; fraxinus; fagus,Latin Ornithological Species Names,"Science, Mathematics & Natural Philosophy",inherited,1790-1810#45
british,1810-1830,3,2417,utheris; discomfist; presens; fortoun; hym; whiche; desirit; sabinis; schalbe; derne,Scots Dialect and Middle English,Structural / Uncertain,inherited,1790-1810#49
british,1810-1830,64,183,recting; termi; wayfaring; spagna; rect; parated; parate; condary; verely; rectly,"Word Fragments, se-/di- Prefix Stems",Structural / Uncertain,human,
british,1810-1830,59,233,demption; newal; gards; sponsible; cruiting; storation; joicing; giments; spectively; nowned,Body Parts and Physical Description,"Medicine, Body & Health",inherited,1790-1810#60
british,1810-1830,83,59,manches; carpen; slaugh; minates; rific; ritory; lancas; dorches; winches; thermome,"Word Fragments, -ter Suffix Stems",Structural / Uncertain,human,
british,1810-1830,71,129,tector; phet; posals; mulgated; menade; mising; tecting; fessors; pensity; gressively,"Word Fragments, pro- Prefix Stems",Structural / Uncertain,human,
british,1810-1830,76,80,turbance; turbances; cretion; cussions; astrous; gusted; cussed; tinctions; sensions; sertation,Latin Text and Word Fragments,Structural / Uncertain,inherited,1790-1810#32
british,1810-1830,29,1176,lyndesay; conserver; spatched; perdre; suivre; longueur; l'empire; l'armee; casi; l'acad,Word Fragments and French Text,Structural / Uncertain,inherited,1790-1810#61
british,1810-1830,81,67,vocates; libitum; herents; vancement; miring; mittance; mirers; miralty; infinitum; vancing,"Word Fragments, ad- Prefix Stems",Structural / Uncertain,human,
british,1810-1830,75,90,terprise; gagement; campment; tertaining; tertain; tertainment; tertained; livened; croachments; joyments,"Word Fragments, en- Prefix Stems",Structural / Uncertain,inherited,1790-1810#66
british,1810-1830,77,74,nicolosi; ploy; ployments; ploying; bellished; weening; bellishment; triumphing; ploys; ployment,Evaluative Adjectives of Fitness,Structural / Uncertain,inherited,1790-1810#25
british,1810-1830,90,25,melite; digan; ried; riages; riage; marthen; cellus; thagena; shals; rying,"Word Fragments, car-/mar- Prefix Stems",Structural / Uncertain,human,
british,1810-1830,85,36,minia; furni; conjec; frac; signa; litera; expendi; architec; rup; entabla,"Word Fragments, -ture Suffix Stems",Structural / Uncertain,human,
british,1810-1830,82,62,drid; nuscripts; nagement; gistracy; chinery; jority; gazines; nufactory; naged; gazine,"Word Fragments, ma- Prefix Stems",Structural / Uncertain,human,
british,1810-1830,0,2967,diutius; winnebagoes; plupart; auront; soutenir; effets; fastidio; comora; hampson; evoi,Miscellaneous Latin and Proper Names,Structural / Uncertain,inherited,1790-1810#0
british,1810-1830,88,31,rallel; tronage; rishes; rish; pists; triot; radise; pers; triots; rishioners,"Word Fragments, pa- Prefix Stems",Structural / Uncertain,human,
british,1810-1830,32,1109,pottern; caernarvonsh; chafford; tonsh; foston; longnor; brimstrey; meux; howarth; billingham,"Word Fragments, English Place-Name Stems",Structural / Uncertain,human,
british,1810-1830,89,27,glori; labori; errone; seri; obvi; ingeni; industri; illustri; conspicu; numer,"Word Fragments, -ous Adjective Stems",Structural / Uncertain,human,
british,1810-1830,93,15,chaelmas; chael; serable; racles; nisters; nutely; nistry; lanese; sery; nutes,"Word Fragments, mi- Prefix Stems",Structural / Uncertain,human,
british,1830-1850,46,793,semaines; skillings; reals; roubles; eighths; annas; exhibitioners; guilders; quintals; pecks,Spelling Variants of 'Quick',Structural / Uncertain,inherited,1810-1830#45
british,1830-1850,67,227,healthier; whiter; lovelier; prettier; cleaner; bigger; softer; sadder; gentler; swifter,Humours and Bodily Complexion,"Medicine, Body & Health",inherited,1810-1830#62
british,1830-1850,15,1838,pimp; licentious; vindictive; unbridled; atrocious; outrageous; perfidious; unjustifiable; innate; irritable,"Treaties, Parliament and Baronial Councils","Government, Law & Administration",inherited,1810-1830#20
british,1830-1850,35,1330,unjustifiably; amain; judiciously; lemnly; quix; skala; mournfully; vigorously; unjustly; grievously,Adverbs of Manner,Structural / Uncertain,inherited,1810-1830#34
british,1830-1850,64,324,talbotton; dahlonega; lh; april; tuesday; llth; eventide; tendants; monday; torney,Verbs of Enduring and Continuing,Structural / Uncertain,inherited,1810-1830#52
british,1830-1850,10,1982,countenanced; counteracted; misled; stung; weakened; upbraided; influenced; reproached; elucidated; sanctioned,Past-Tense Narrative Verbs,Structural / Uncertain,inherited,1810-1830#14
british,1830-1850,12,1944,encor; paraitre; l'honneur; s'etait; ceux; puis; qu'a; l'aurore; biens; laisse,"Historical Names, Places and Titles","History, Genealogy, Nobility & Kinship",inherited,1810-1830#26
british,1830-1850,3,3163,watkins; bagley; bewley; collyer; borradaile; adcock; newmarch; junr; cropley; cuthbertson,"Debt, Credit and Scots Law Finance","Trade, Finance & Commerce",inherited,1810-1830#4
british,1830-1850,8,2117,epidote; micaceous; siliceous; tourmaline; argillaceous; schistose; feldspar; concretions; angular; calcium,"Meekness, Chastity and Devout Virtue",Morality: Virtue & Vice,inherited,1810-1830#8
british,1830-1850,6,2188,assessors; payments; manors; dividends; bailiffs; custos; treasurers; concession; hereditaments; forfeitures,Maintaining and Upholding Order,"Government, Law & Administration",inherited,1810-1830#10
british,1830-1850,41,1036,minorites; circassian; kurds; episcopalians; bedouin; unitarians; freebooters; tartars; copts; anglican,Legal Writs and Property Actions,"Government, Law & Administration",inherited,1810-1830#48
british,1830-1850,27,1577,bronzino; pilasters; cornices; corbels; cornice; vases; semicircular; cupola; carvings; malachite,Chivalric Romance Names,Structural / Uncertain,inherited,1810-1830#27
british,1830-1850,57,469,fiddler; whitesmith; washerman; knave; plumber; mathematician; coward; rogue; currier; madman,Roman Numerals and Dates,Structural / Uncertain,inherited,1810-1830#39
british,1830-1850,36,1232,ilex; sycamore; arbutus; myrtles; jessamine; myrtle; clematis; bloomy; flow'rets; copses,Contracted Verb Forms,Structural / Uncertain,inherited,1810-1830#36
british,1830-1850,20,1741,kistnah; richland; cuyahoga; zambeze; coanza; altmuhl; sheepscot; knisteneaux; fairfield; lycoming,"Rivers, Seas and Foreign Territories",Geography & Territory,inherited,1810-1830#31
british,1830-1850,1,3542,tortur'd; betray'd; quiv'ring; vengeful; with'ring; threat'ning; quivering; venom'd; darkling; fever'd,Virtues and Moral Qualities,Morality: Virtue & Vice,inherited,1810-1830#7
british,1830-1850,47,773,niece; spouse; medora; hearties; nannie; paramour; compatriots; sweetheart; entertainer; creina,Generic Plural Nouns,Structural / Uncertain,inherited,1810-1830#40
british,1830-1850,28,1548,disown; impute; accompani; restrain; deride; crush; accost; despise; impedi; undeceive,Base-Form Verbs,Structural / Uncertain,inherited,1810-1830#21
british,1830-1850,17,1761,hophra; rhodius; valerius; mithridates; pileser; gratianus; gunther; fionn; antigonus; ethelbald,"Scripture, Prophets and Christianity","Religion, Theology & the Church",inherited,1810-1830#11
british,1830-1850,30,1494,developement; vivacity; tendencies; elegance; acuteness; vehemence; earnestness; excellencies; disinterested; symmetry,"Mercy, Grace and Damnation","Religion, Theology & the Church",inherited,1810-1830#9
british,1830-1850,75,169,harbottle; tatton; wtilliam; humphry; amias; avalter; l'estrange; brydges; cholmeley; guyon,"Word Fragments, mi- Prefix Stems",Structural / Uncertain,inherited,1810-1830#93
british,1830-1850,63,326,beauchief; gisburne; justus; rievaulx; hoadley; kirkham; grindall; prebendary; dominicans; burgess's,"Word Fragments, ne- Prefix Stems",Structural / Uncertain,inherited,1810-1830#92
british,1830-1850,19,1746,glist'ning; darkening; illumed; odorous; illumes; dewy; effulgent; lurid; flickering; sparkles,Spelling-Reform Orthographic Variants,Structural / Uncertain,inherited,1810-1830#16
british,1830-1850,58,439,diggs; dorothy; frances; vxor; burdon; radulphi; alain; relict; eleanor; maij,Combat and Motion Verbs,Military & Warfare,inherited,1810-1830#67
british,1830-1850,16,1779,lexicon; metaphysical; grammatical; ethics; logical; hypotheses; romances; geometry; inductive; assertions,"Realms, Offices and Civic Administration","Government, Law & Administration",inherited,1810-1830#22
british,1830-1850,24,1672,linth; nordhausen; meurthe; arequipa; bursa; nieb; neuwied; chiavenna; cordova; stettin,"Truth, Conscience and Preaching","Religion, Theology & the Church",inherited,1810-1830#15
british,1830-1850,62,368,trindelen; kinnaird's; mumbles; jurby; skaw; penlee; inishowen; sheerness; pentire; lundy,"Word Fragments, Place-Name Stems",Structural / Uncertain,inherited,1810-1830#68
british,1830-1850,23,1711,dash'd; flings; shoved; darting; sidling; darted; dashes; dammed; flutters; scrambled,Infinitive Verb Forms,Structural / Uncertain,inherited,1810-1830#6
british,1830-1850,7,2174,velveteen; quilted; goatskin; snub; glaive; satin; hoops; leggings; pantaloons; leathern,"Concord, Discord and Agreement",Rhetoric & Persuasion,inherited,1810-1830#12
british,1830-1850,73,182,lxvi; vhi; ciii; xlvi; xxxii; xxx; xxiil; xxvi; vh; lxxii,Dutch and German Text,Structural / Uncertain,inherited,1810-1830#55
british,1830-1850,26,1638,hypocrisy; perjury; malevolence; impiety; intolerance; selfishness; perversion; wilful; fanaticism; depravity,Latin Grammar and Classical Authors,"Books, Learning & Scholarship",inherited,1810-1830#19
british,1830-1850,71,184,miscon; specu; annihi; stipu; ex; calcu; accumu; con; circu; vestri,Miscellaneous Mixed Vocabulary,Structural / Uncertain,inherited,1810-1830#66
british,1830-1850,5,2254,tlvai; kg; ovx; qh; timarch; yb; vb; jh; vvv; ravra,Garbled Typographic Noise,Structural / Uncertain,inherited,1810-1830#23
british,1830-1850,2,3275,tuorum; omnino; habitum; factam; videtur; simulacra; fuisse; discrimen; certamine; doctrina,Latin Function Words,Structural / Uncertain,inherited,1810-1830#2
british,1830-1850,43,967,manilius; alexandrinus; morell; callimachus; moritz; ginet; chaldaic; manso; ternissa; euripides,"Weather, Sky and Zodiac","Nature, Landscape & Weather",inherited,1810-1830#41
british,1830-1850,4,2997,coggeshall; womersley; oulton; adlingfleet; penistone; swillington; wilby; cawthorne; featherstone; blisworth,"Sin, Ransom and Deliverance","Religion, Theology & the Church",inherited,1810-1830#5
british,1830-1850,32,1453,houcheon; viriathus; bergerac; cineas; polotsk; villeroy; castalla; zuniga; quitman's; issus,Geometry and Mathematical Figures,"Science, Mathematics & Natural Philosophy",inherited,1810-1830#57
british,1830-1850,21,1722,thinkin; jonnie; zaid; wriggle; sae; saft; tressilian; weel; lassie; mammy,Word Fragments,Structural / Uncertain,inherited,1810-1830#17
british,1830-1850,70,189,mdcccxli; pitsligo; mdcccxxxvi; mdcccxxx; mdcccxxxv; paltz; hesket; mdcccxlv; tyldesley; foundland,"Word Fragments, co- Prefix Stems",Structural / Uncertain,inherited,1810-1830#74
british,1830-1850,85,86,tionally; tives; tive; tionality; tion; tions; turally; tional; ture's; poleon,Word Fragments and Miscellany,Structural / Uncertain,human,
british,1830-1850,14,1872,adores; hates; beseeched; confesses; heareth; waylaying; loveth; enforcing; sinated; bespake,Third-Person -eth Verb Forms,Structural / Uncertain,inherited,1810-1830#13
british,1830-1850,45,867,comrie; lochgilphead; durness; kintore; eddlestone; lochalsh; banchory; lesmahagow; neilston; grangemouth,"Word Fragments, English Place-Name Stems",Structural / Uncertain,inherited,1810-1830#32
british,1830-1850,88,69,winches; dorches; restrial; manches; diame; ritories; minates; lancas; tiary; thermome,"Word Fragments, -ter Suffix Stems",Structural / Uncertain,inherited,1810-1830#83
british,1830-1850,65,312,reliev; commenc; mov; determin; remov; prepar; requir; preserv; includ; exchang,Truncated Verb Stems,Structural / Uncertain,inherited,1810-1830#58
british,1830-1850,51,679,joiners; dyers; cutlery; turners; plumbers; shoemakers; hatters; bakers; velvets; blacksmiths,"Princely Dignity, Jurisdiction and Empire","Government, Law & Administration",inherited,1810-1830#51
british,1830-1850,33,1415,taimur; fatteh; ghazi; ahmed; ismael; futteh; sheik; khelat; abdul; vazir,Mixed Foreign-Language Text,Structural / Uncertain,inherited,1810-1830#56
british,1830-1850,42,1018,paneg; euseb; britt; diog; steph; perieg; ingulph; thucyd; meurs; pyth,Place Names and Regions,Geography & Territory,inherited,1810-1830#25
british,1830-1850,59,436,jib; mainsail; topsails; columbine; larne; modeste; bowsprit; brig; astern; boom,Second-Person Verb Forms,Structural / Uncertain,inherited,1810-1830#38
british,1830-1850,11,1976,aguja; lavora; manzanillo; arbe; zacynthus; piana; hacha; zeitoun; pembrey; conhocton,Verbs of Thinking and Perceiving,Structural / Uncertain,inherited,1810-1830#1
british,1830-1850,80,124,notony; nument; narch; narchy; nopoly; nastery; nasteries; hammedan; dern; numents,Word Fragments,Structural / Uncertain,inherited,1810-1830#70
british,1830-1850,29,1529,dawkins; rassam; turton; pegge; tytler; cockerell; petrie; mallory; robinson's; traill,English Nobility and Earldoms,"History, Genealogy, Nobility & Kinship",inherited,1810-1830#63
british,1830-1850,54,524,gigs; cafes; fetes; grooms; donkey; drivers; footmen; waiters; wagon; pony,"Word Fragments, -ture Suffix Stems",Structural / Uncertain,inherited,1810-1830#85
british,1830-1850,40,1051,lanius; herons; coot; parrots; wombat; jackalls; bitterns; alauda; mellor; lizards,"Animals, Birds and Fauna","Nature, Landscape & Weather",inherited,1810-1830#37
british,1830-1850,77,143,thinkest; speak'st; rememberest; speakest; callest; seekest; sawest; liv'st; seek'st; weep'st,Second-Person Verb Forms,Structural / Uncertain,inherited,1810-1830#69
british,1830-1850,37,1204,roenn; beiben; nidit; irgenb; nuf; mehr; trug; nidt; denn; poefie,German and Dutch Text,Structural / Uncertain,inherited,1810-1830#53
british,1830-1850,38,1185,walmisley; figurantes; deafening; hoarse; thunder's; howl'd; warbling; thund'ring; carol; dulcet,Latin and French Grammar Terms,"Books, Learning & Scholarship",inherited,1810-1830#35
british,1830-1850,50,733,veinte; medios; muchedumbre; hecho; diez; cual; nobleza; mancebo; personas; destino,"Word Fragments, New- Place-Name Stems",Structural / Uncertain,inherited,1810-1830#86
british,1830-1850,9,1992,sicyonians; bactriana; hazaurehs; minieh; seger; tibboos; irac; fellatahs; sakhara; corinthia,Minerals and Geological Rock Types,"Science, Mathematics & Natural Philosophy",inherited,1810-1830#46
british,1830-1850,34,1408,brassica; terebra; tenuis; barbatus; sinapis; depressa; conus; loris; lycopodium; gnaphalium,Latin Ornithological Species Names,"Science, Mathematics & Natural Philosophy",inherited,1810-1830#33
british,1830-1850,60,415,encrusted; embued; protesting; inveighed; mix'd; intermingled; blends; identified; inveigh; endow'd,Civil Administration and Public Wealth,"Government, Law & Administration",inherited,1810-1830#54
british,1830-1850,72,184,temporalties; degenerates; ulteriore; transmuted; metamorphosed; wicomico; resolvable; transformed; phalanges; naplouse,"Relapse, Infusion and Bodily Degeneration","Medicine, Body & Health",inherited,1810-1830#72
british,1830-1850,39,1127,turmeric; pickled; camphor; stewed; garlic; almonds; plantains; raisins; berries; porridge,Household Goods and Provisions,"Domestic Life, Dress & Household",inherited,1810-1830#30
british,1830-1850,31,1486,l'orme; silvestre; monstration; hernandez; orientales; spatch; caux; miraflores; troit; marisco,Word Fragments and French Text,Structural / Uncertain,inherited,1810-1830#29
british,1830-1850,81,116,communi; cately; vindi; publi; mortifi; modifi; convo; gratifi; intoxi; incul,"Word Fragments, -cate Suffix Stems",Structural / Uncertain,human,
british,1830-1850,56,474,ventual; tradicted; servative; temptuous; spirators; demning; cealing; trivances; nections; temptuously,Descriptive Poetic Adjectives,"Literature, Drama & Poetic Diction",inherited,1810-1830#49
british,1830-1850,49,739,tagonist; eyewitness; cestor; erde; orangeman; thony; stelle; nihilated; lepbv; nouncement,Miscellaneous Rare Nouns,Structural / Uncertain,inherited,1810-1830#43
british,1830-1850,52,604,austell; hilaire; gaudens; helens; cyr; palamos; quintin; kitt's; benet; leonards,"'St.' Place Names, Gazetteer",Geography & Territory,inherited,1810-1830#42
british,1830-1850,76,145,petrated; plexed; manently; suasions; forated; petually; petuate; suasion; fidious; petual,"Word Fragments, per- Prefix Stems",Structural / Uncertain,inherited,1810-1830#73
british,1830-1850,44,878,queste; allora; famiglia; palazzi; presso; verso; bartolommeo; antichi; pagani; rospigliosi,"Deduction, Derivation and Separation",Rhetoric & Persuasion,inherited,1810-1830#28
british,1830-1850,86,81,riages; teret; penters; riage; penter; dugd; rying; jaunting; boniferous; bonic,"Word Fragments, car-/mar- Prefix Stems",Structural / Uncertain,inherited,1810-1830#90
british,1830-1850,102,24,lestine; rishes; rish; tronage; triarch; tience; terc; triotism; tients; tient,"Word Fragments, pa- Prefix Stems",Structural / Uncertain,inherited,1810-1830#88
british,1830-1850,18,1758,gode; wele; frende; wylle; wende; wille; nowe; dede; heuen; schuld,Scots Dialect and Middle English,Structural / Uncertain,inherited,1810-1830#3
british,1830-1850,61,411,pleting; batants; pansion; ercises; moners; ecuted; municants; ertion; prehends; piler,"Word Fragments, com- Prefix Stems",Structural / Uncertain,inherited,1810-1830#61
british,1830-1850,69,194,persua; omis; depres; aggres; suspen; seclu; delu; admis; transgres; profu,Word Fragments,Structural / Uncertain,inherited,1810-1830#60
british,1830-1850,53,557,repara; retalia; usurpa; appropria; imposi; correc; assump; embarka; agita; consumma,"Word Fragments, -tion Suffix Stems",Structural / Uncertain,inherited,1810-1830#50
british,1830-1850,84,91,cumber; westmore; newfound; wouter; ungranted; switzer; vrooman's; mait; debateable; schenck,"Word Fragments, -land Place-Name Stems",Structural / Uncertain,inherited,1810-1830#87
british,1830-1850,82,115,locali; peculiari; authori; calami; universi; hostili; abili; facul; difficul; curiosi,"Word Fragments, po- Prefix Stems",Structural / Uncertain,inherited,1810-1830#78
british,1830-1850,48,756,wharncliffe; sandon; lynedoch; minto; doveridge; leveson; thurlow; yarborough; mostyn; ellenborough,Mixed Proper Names,Structural / Uncertain,inherited,1810-1830#44
british,1830-1850,93,52,machanidas; kaubul; superintendance; takings; casemates; surveillance; buteres; tutelage; panghulu; supervision,"Superintendence, Guardianship and Oversight","Government, Law & Administration",human,
british,1830-1850,95,43,wana; glace; morti; stea; quents; yeman; quent; cury; chant; chandize,Word Fragments,Structural / Uncertain,inherited,1810-1830#91
british,1830-1850,68,205,bendary; decessor; dicament; liminaries; cepts; ferable; cursor; paratory; rogative; dominate,"Word Fragments, com- Prefix Stems",Structural / Uncertain,inherited,1810-1830#65
british,1830-1850,87,71,exemple; traduit; nalty; tridges; tillery; guments; chipelago; allel; tisans; menia,"Word Fragments, ar-/par- Prefix Stems",Structural / Uncertain,inherited,1810-1830#80
british,1830-1850,66,249,flected; flecting; storation; joicing; instated; verend; luctance; cognized; sponsibility; spectively,Body Parts and Physical Description,"Medicine, Body & Health",inherited,1810-1830#59
british,1830-1850,74,170,geny; testantism; fessing; pagated; prietary; mulgated; verbial; longation; gressively; tecting,"Word Fragments, pro- Prefix Stems",Structural / Uncertain,inherited,1810-1830#71
british,1830-1850,83,95,cernible; turbing; bursements; gusted; senters; interestedness; gusting; heartened; tinctness; persed,Latin Text and Word Fragments,Structural / Uncertain,inherited,1810-1830#76
british,1830-1850,100,33,honestest; darin; uvering; uvring; ufacturing; ners; mussul; darins; uvred; wayfaring,"Word Fragments, man- Prefix Stems",Structural / Uncertain,human,
british,1830-1850,79,127,thusiastic; terprise; terprize; tertainment; dowment; campment; gineers; riched; croachments; gravings,"Word Fragments, en- Prefix Stems",Structural / Uncertain,inherited,1810-1830#75
british,1830-1850,55,521,successores; consuli; volte; nomini; fiori; tentes; haberi; imposuit; disegno; n'ris,"Word Fragments, ad- Prefix Stems",Structural / Uncertain,inherited,1810-1830#81
british,1830-1850,101,28,bania; raschid; calde; lowance; giers; bany; ternative; dermen; ternately; lusion,"Word Fragments, al- Prefix Stems",Structural / Uncertain,human,
british,1830-1850,90,63,plause; proval; peased; prehensions; pearances; proaches; preciation; plauded; pendage; pellation,"Word Fragments, ap- Prefix Stems",Structural / Uncertain,inherited,1810-1830#79
british,1830-1850,92,53,knowledging; cumulated; complishments; knowledges; ceptance; cusation; quiesced; complishment; quaintances; knowledgment,"Word Fragments, ac- Prefix Stems",Structural / Uncertain,inherited,1810-1830#84
british,1830-1850,25,1670,arete; carthaginiensium; monstra; seque; aures; hannibali; summam; defendere; aliquantum; siti,Internal Organs and Anatomy,"Medicine, Body & Health",inherited,1810-1830#24
british,1830-1850,97,38,ploying; ployments; ployer; bankment; ployers; barrassing; perors; ploy; bellished; bassy,Evaluative Adjectives of Fitness,Structural / Uncertain,inherited,1810-1830#77
british,1830-1850,104,12,umphed; umphal; umphantly; bune; bunal; umphs; umphant; umph; tri; butary,"Word Fragments, tri- Prefix Stems",Structural / Uncertain,human,
british,1830-1850,89,66,glori; industri; pua; notori; mysteri; conspicu; religi; obvi; illustri; barbar,"Word Fragments, -ous Adjective Stems",Structural / Uncertain,inherited,1810-1830#89
british,1830-1850,78,134,granja; coquille; poile; motte; fontaine; perouse; riccia; reole; guayra; bourdonnais,French and Spanish Place Names,Structural / Uncertain,human,
british,1830-1850,91,58,accessi; indispensa; favora; innumera; practica; remarka; desira; valua; profita; honora,"Word Fragments, -ble Adjective Stems",Structural / Uncertain,human,
british,1830-1850,98,37,fiis; tofiicfi; fiut; fiim; tfieir; wfio; toitfi; tfir; tfiis; fiad,"Garbled OCR Text, Ligature Misreads",Structural / Uncertain,human,
british,1830-1850,103,16,tren; northamp; burling; bux; dumbar; clif; staun; southamp; hopkin; clin,"Word Fragments, -ton Place-Name Stems",Structural / Uncertain,human,
british,1830-1850,94,49,naged; gazine; nufactured; jestic; jority; turity; gistrates; nagement; hometans; nuscripts,"Word Fragments, ma- Prefix Stems",Structural / Uncertain,inherited,1810-1830#82
british,1830-1850,96,43,secting; sected; ruptions; preters; ested; stices; ruption; pretation; spersed; preted,"Word Fragments, se-/di- Prefix Stems",Structural / Uncertain,inherited,1810-1830#64
british,1830-1850,22,1713,weatherley; fallowfield; kempton; linaria; linacre; rawlings; anderdon; wolstenholme; greenside; tracey,Mixed English Surnames,Structural / Uncertain,inherited,1810-1830#18
british,1830-1850,13,1885,voute; veines; l'oubli; couvert; feuillage; merveilles; crainte; fenetre; auroit; turcs,Contracted Verb Forms,Structural / Uncertain,inherited,1810-1830#47
british,1830-1850,0,4131,hijo; reynos; torem; hapai; matrosses; etde; manorhamilton; reyne; stockhorn; danses,Miscellaneous Latin and Proper Names,Structural / Uncertain,inherited,1810-1830#0
british,1830-1850,99,34,derstood; questionably; dertaken; avoidable; dertake; derstanding; expectedly; doubtedly; derstand; dertaking,"Word Fragments, un- Prefix Stems",Structural / Uncertain,human,
british,1850-1870,40,1395,cruelly; shamefully; solicitously; effectively; tastefully; unpolite; unaccommodating; skilfully; unjustly; prettily,Adverbs of Manner,Structural / Uncertain,inherited,1830-1850#35
british,1850-1870,64,307,cleverer; duller; tougher; smarter; fresher; lonelier; lesparre; bonnier; wickeder; bitterer,Humours and Bodily Complexion,"Medicine, Body & Health",inherited,1830-1850#67
british,1850-1870,32,1636,blackbird; trumpet's; mavis; squeaking; yells; dulcet; yelling; screeching; chirping; warbling,Latin and French Grammar Terms,"Books, Learning & Scholarship",inherited,1830-1850#38
british,1850-1870,46,1096,spoonbills; mccarthys; shdlings; eighths; cenn; zucchero; sevenths; scalaris; reals; sixths,Spelling Variants of 'Quick',Structural / Uncertain,inherited,1830-1850#46
british,1850-1870,58,418,garr; gth; bapt; chronograph; thermidor; thurs; nth; wednes; sth; cth,Verbs of Enduring and Continuing,Structural / Uncertain,inherited,1830-1850#64
british,1850-1870,9,3275,unamiable; unprincipled; reprehensible; licentious; unjustifiable; suave; inhuman; vindictive; excitable; captivating,"Treaties, Parliament and Baronial Councils","Government, Law & Administration",inherited,1830-1850#15
british,1850-1870,25,1912,peevishly; curtly; lucy; ellen; bessie; fanny; laura; petulantly; mabel; pettishly,Combat and Motion Verbs,Military & Warfare,inherited,1830-1850#58
british,1850-1870,2,4669,reseating; enforcing; teases; condemns; betaking; snubbed; bestirred; reseated; hates; cinqui,Past-Tense Narrative Verbs,Structural / Uncertain,inherited,1830-1850#10
british,1850-1870,51,922,rogue; cordwainer; puppy; scamp; rascal; cabinetmaker; blackguard; mathematician; coxcomb; swindler,Roman Numerals and Dates,Structural / Uncertain,inherited,1830-1850#57
british,1850-1870,33,1622,annihilate; emolu; intrust; embodi; offend; tourna; think; predica; impedi; displease,Base-Form Verbs,Structural / Uncertain,inherited,1830-1850#28
british,1850-1870,38,1465,hatters; shoemakers; bakers; wheelwrights; tailors; vagabonds; machinists; seamstresses; cousin; tinsmiths,Generic Plural Nouns,Structural / Uncertain,inherited,1830-1850#47
british,1850-1870,28,1771,pilasters; cornices; cornice; fluted; mosaics; groining; triforium; battlemented; porticos; spandrils,Chivalric Romance Names,Structural / Uncertain,inherited,1830-1850#27
british,1850-1870,12,3058,ailleurs; cieux; suivre; donnent; arbres; l'honneur; armees; savait; perdre; endroit,"Historical Names, Places and Titles","History, Genealogy, Nobility & Kinship",inherited,1830-1850#12
british,1850-1870,43,1282,allegan; elkhart; crawfordsville; hardin; ozaukee; penniman; westchester; gilmer; audrain; ontonagon,"Rivers, Seas and Foreign Territories",Geography & Territory,inherited,1830-1850#20
british,1850-1870,31,1670,ovate; posteriorly; pentagonal; basal; dorsal; cylindrical; vertebr; transversely; rhombic; rugose,Contracted Verb Forms,Structural / Uncertain,inherited,1830-1850#36
british,1850-1870,4,4295,ev'n; veil'd; sorrow's; tyrant's; glory's; glitt'ring; vengeful; britannia's; gleaming; confess'd,Virtues and Moral Qualities,Morality: Virtue & Vice,inherited,1830-1850#1
british,1850-1870,7,3459,ramsdell; hindle; m'rae; headlam; ormsbee; ruey; leggett; oxnard; m'farlane; ackroyd,Mixed English Surnames,Structural / Uncertain,inherited,1830-1850#22
british,1850-1870,18,2709,melanite; gmelinite; kyanite; dioptase; diopside; gothite; pyroxene; ripidolite; rhodonite; cadmium,"Meekness, Chastity and Devout Virtue",Morality: Virtue & Vice,inherited,1830-1850#8
british,1850-1870,35,1506,kolima; iseo; mahanuddy; karun; savus; linth; irmak; crathis; tygart's; axius,Spelling-Reform Orthographic Variants,Structural / Uncertain,inherited,1830-1850#19
british,1850-1870,23,2121,nettuno; zenta; perses; ipsus; sexti; kulewtscha; trebia; fiired; longstreet's; xauxa,Geometry and Mathematical Figures,"Science, Mathematics & Natural Philosophy",inherited,1830-1850#32
british,1850-1870,20,2434,jerked; furbished; trotted; flings; mewed; scampered; pull'd; propping; screwed; relapsing,Infinitive Verb Forms,Structural / Uncertain,inherited,1830-1850#23
british,1850-1870,60,361,hedworth; hildebrande; jeffery; galahad; shovell; wuuam; fineen; foppington; wdham; hildebrand,"Word Fragments, mi- Prefix Stems",Structural / Uncertain,inherited,1830-1850#75
british,1850-1870,27,1901,technology; physics; fictions; sanskrit; theoretical; sanscrit; ethical; publications; geometry; theology,"Realms, Offices and Civic Administration","Government, Law & Administration",inherited,1830-1850#16
british,1850-1870,10,3153,tersoos; laperouse; paranagua; kavarna; blaskets; cochinos; dassen; patta; lagosta; linosa,Verbs of Thinking and Perceiving,Structural / Uncertain,inherited,1830-1850#11
british,1850-1870,90,76,hillhead; ercall; ousegate; waymen; wayman; mettled; churchism; souled; priced; behest,"Mercy, Grace and Damnation","Religion, Theology & the Church",inherited,1830-1850#30
british,1850-1870,26,1908,codomanus; numerian; hoshea; herakleid; carvilius; gallienus; grypus; ninus; aelius; heraclius,"Scripture, Prophets and Christianity","Religion, Theology & the Church",inherited,1830-1850#17
british,1850-1870,22,2172,payments; llandaff; treasurers; receipts; copyhold; burgage; annuities; payment; appraisers; magistrates,Maintaining and Upholding Order,"Government, Law & Administration",inherited,1830-1850#6
british,1850-1870,30,1676,monarchical; laocoon; intolerance; repeal; neith; democratic; artemis; religion; dogmas; unconstitutional,Legal Writs and Property Actions,"Government, Law & Administration",inherited,1830-1850#41
british,1850-1870,52,914,wiuoughby; ebrington; monteagle; normanby; ashington; yarborough; lyndhurst; hailes; ellenborough's; rosslyn,Mixed Proper Names,Structural / Uncertain,inherited,1830-1850#48
british,1850-1870,13,2898,sdk; crapes; tights; gaiters; scarfs; leggings; frilled; serges; aprons; quilted,"Concord, Discord and Agreement",Rhetoric & Persuasion,inherited,1830-1850#7
british,1850-1870,48,1006,galatia; euboea; naxos; sicyon; megaris; pamphylia; sikyon; nauplia; adelais; sicyonia,"Word Fragments, ne- Prefix Stems",Structural / Uncertain,inherited,1830-1850#63
british,1850-1870,3,4594,perjury; selfishness; sensuality; immorality; baseness; dishonesty; levity; cruelties; hypocrisy; licentiousness,Latin Grammar and Classical Authors,"Books, Learning & Scholarship",inherited,1830-1850#26
british,1850-1870,47,1025,boulainvilliers; leob; iaa; coulomb; biv; zonaras; polyb; odyss; virg; canonici,Dutch and German Text,Structural / Uncertain,inherited,1830-1850#73
british,1850-1870,34,1568,sambos; ligurians; belg; samnites; ottawas; tyrrhenians; sclavonians; wyandots; bulgarians; etruscans,"Weather, Sky and Zodiac","Nature, Landscape & Weather",inherited,1830-1850#43
british,1850-1870,24,2015,noo; hev; loike; oot; jist; theer; mither; dae; vy; daft,Word Fragments,Structural / Uncertain,inherited,1830-1850#21
british,1850-1870,76,173,mdcccl; routledge; lumbia; ackermann; savill; stbeet; lumbus; lonial; macmillan; loured,"Word Fragments, co- Prefix Stems",Structural / Uncertain,inherited,1830-1850#70
british,1850-1870,70,229,circu; recapitu; miscon; con; expostu; terey; incon; ex; treal; tague,Miscellaneous Mixed Vocabulary,Structural / Uncertain,inherited,1830-1850#71
british,1850-1870,41,1366,arachosia; drangiana; capitanata; banswarra; bovino; jessulmere; molise; h'lassa; bussahir; chistan,Internal Organs and Anatomy,"Medicine, Body & Health",inherited,1830-1850#25
british,1850-1870,1,4772,smailholm; elsenham; tuxford; luddington; reepham; alness; birstal; avoch; forgue; clarkston,"Sin, Ransom and Deliverance","Religion, Theology & the Church",inherited,1830-1850#4
british,1850-1870,8,3336,dxxa; elvat; avra; ecprj; alsi; rijs; peah; mejor; rdv; trjs,Garbled Typographic Noise,Structural / Uncertain,inherited,1830-1850#5
british,1850-1870,65,290,tionally; tioner; tionable; tive; tionship; narch; tions; tives; tion; notonous,Word Fragments and Miscellany,Structural / Uncertain,inherited,1830-1850#85
british,1850-1870,14,2887,vanilla; esculentum; sausages; yucca; fried; saleratus; laurus; treacle; tufted; mellis,Household Goods and Provisions,"Domestic Life, Dress & Household",inherited,1830-1850#39
british,1850-1870,6,3782,predictum; habeant; illam; matris; vicini; instituit; viris; scilicet; spatio; predictus,Latin Function Words,Structural / Uncertain,inherited,1830-1850#2
british,1850-1870,5,4237,kelley; honyman; willard; colson; bellamy; tomlinson; gilbertson; hoyt; betts; dunkin,"Debt, Credit and Scots Law Finance","Trade, Finance & Commerce",inherited,1830-1850#3
british,1850-1870,39,1407,ermines; ruminantia; raccoons; squirrels; lizards; hyena; antelope; bison; boschas; polecat,"Animals, Birds and Fauna","Nature, Landscape & Weather",inherited,1830-1850#40
british,1850-1870,55,662,annie's; clara's; laura's; alice's; ellen's; lucy's; maria's; frank's; amy's; kate's,"Princely Dignity, Jurisdiction and Empire","Government, Law & Administration",inherited,1830-1850#51
british,1850-1870,49,971,bowsprit; schooners; pinnace; jib; buggies; coachmen; buggy; towing; hauled; drays,Second-Person Verb Forms,Structural / Uncertain,inherited,1830-1850#59
british,1850-1870,78,163,orld; hrend; hile; eak; aters; ords; ife; alk; elcome; orth,"Word Fragments, se-/di- Prefix Stems",Structural / Uncertain,inherited,1830-1850#96
british,1850-1870,53,910,socorro; bahia; nuestra; colchagua; agua; varinas; puerto; espiritu; puente; fernan,"Word Fragments, New- Place-Name Stems",Structural / Uncertain,inherited,1830-1850#50
british,1850-1870,59,369,suppos; fascinat; relat; perceiv; divid; encourag; remov; escap; believ; exchang,Truncated Verb Stems,Structural / Uncertain,inherited,1830-1850#65
british,1850-1870,56,581,gebouwen; weinig; rotsen; prachtige; hebt; werken; weldra; zijner; mogt; kunnen,"Word Fragments, -ture Suffix Stems",Structural / Uncertain,inherited,1830-1850#54
british,1850-1870,61,343,commenting; pouncing; preyed; bestoaved; commented; descanted; auroit; preying; relying; animadvert,Third-Person -eth Verb Forms,Structural / Uncertain,inherited,1830-1850#14
british,1850-1870,21,2300,kerman; husain; fateh; carmania; golam; guber; muhommud; abad; gedrosia; ahmed,Mixed Foreign-Language Text,Structural / Uncertain,inherited,1830-1850#33
british,1850-1870,19,2635,pulchella; fluitans; carnea; fluviatilis; linaria; voltzia; arvense; plicata; medicago; inflata,Latin Ornithological Species Names,"Science, Mathematics & Natural Philosophy",inherited,1830-1850#34
british,1850-1870,29,1756,sciarra; wolfsberg; ferrata; vogogna; fornarina; velletri; meyringen; rospigliosi; borghese; pamphili,"Truth, Conscience and Preaching","Religion, Theology & the Church",inherited,1830-1850#24
british,1850-1870,37,1502,fyoum; stanovoi; ghurundel; mahanaim; hazor; akka; durga; ashdod; jebel; habou,Minerals and Geological Rock Types,"Science, Mathematics & Natural Philosophy",inherited,1830-1850#9
british,1850-1870,89,85,costed; quiesced; cusation; commodate; ceptable; complishments; complishing; commodated; complish; companying,"Word Fragments, ac- Prefix Stems",Structural / Uncertain,inherited,1830-1850#92
british,1850-1870,102,24,theos; trymen; try's; tryman; terpart; selled; cils; cillors; cillor; tries,"Word Fragments, pa- Prefix Stems",Structural / Uncertain,inherited,1830-1850#102
british,1850-1870,87,111,crofty; molton; roskear; hafoon; ronaldshay; shefford; grinstead; rhoden; bromwich; umberland,"Relapse, Infusion and Bodily Degeneration","Medicine, Body & Health",inherited,1830-1850#72
british,1850-1870,50,962,affrique; gnh; monans; eoque; maieul; brieux; alkmund's; neots; osyth; kitts,"'St.' Place Names, Gazetteer",Geography & Territory,inherited,1830-1850#52
british,1850-1870,17,2853,sbeife; bilden; sollen; wiederholt; helden; riedjen; suchte; tourben; ijatte; getoefen,German and Dutch Text,Structural / Uncertain,inherited,1830-1850#37
british,1850-1870,57,522,summated; cierge; ciliate; demning; sulate; fusedly; tingency; ceals; fidant; nexions,Descriptive Poetic Adjectives,"Literature, Drama & Poetic Diction",inherited,1830-1850#56
british,1850-1870,15,2877,verye; nowe; ffor; lyke; thys; befoir; kinges; whiche; moste; eftir,Scots Dialect and Middle English,Structural / Uncertain,inherited,1830-1850#18
british,1850-1870,42,1351,antiq; sqq; monumenta; historica; thrasyllus; publ; chronicon; tiraboschi; historia; scymnus,Place Names and Regions,Geography & Territory,inherited,1830-1850#42
british,1850-1870,45,1210,cestor; sber; poetischen; annulet; erscheinungen; cients; saune; noyance; ticipating; afterthought,Miscellaneous Rare Nouns,Structural / Uncertain,inherited,1830-1850#49
british,1850-1870,44,1252,secondo; maggior; avete; nunca; estan; agli; conquista; essere; siempre; tratado,"Deduction, Derivation and Separation",Rhetoric & Persuasion,inherited,1830-1850#44
british,1850-1870,85,116,fidious; petually; manently; plexing; plexity; petuated; nicious; pendicularly; formances; plexities,"Word Fragments, per- Prefix Stems",Structural / Uncertain,inherited,1830-1850#76
british,1850-1870,69,250,elbert; oloff; stevensen; pietersen; dircksen; gerrit; maryn; jacobsen; cornells; cornelis,"Word Fragments, -land Place-Name Stems",Structural / Uncertain,inherited,1830-1850#84
british,1850-1870,71,207,omis; delu; persua; intru; confes; conces; expul; condescen; suppres; effu,Word Fragments,Structural / Uncertain,inherited,1830-1850#69
british,1850-1870,77,172,shalled; guerite; vellously; tyrs; seilles; chioness; garet's; elyas; teret; garet,"Word Fragments, car-/mar- Prefix Stems",Structural / Uncertain,inherited,1830-1850#86
british,1850-1870,54,674,compunc; grada; prescrip; organisa; promo; redemp; confisca; restitu; exporta; mortifica,"Word Fragments, -tion Suffix Stems",Structural / Uncertain,inherited,1830-1850#53
british,1850-1870,67,265,monest; petence; pilation; missaries; moner; miseration; bining; bustible; modity; mittees,"Word Fragments, com- Prefix Stems",Structural / Uncertain,inherited,1830-1850#61
british,1850-1870,68,253,scrofula; typhoid; bronchitis; dysentery; rheumatism; pneumonia; scrofulous; hemorrhage; congestion; cutaneous,"Word Fragments, Place-Name Stems",Structural / Uncertain,inherited,1830-1850#62
british,1850-1870,80,162,com'st; see'st; speakest; thinkest; knewest; bearest; saidst; shouldest; hearest; saw'st,Second-Person Verb Forms,Structural / Uncertain,inherited,1830-1850#77
british,1850-1870,98,43,capabili; peculiari; abili; facul; extremi; locali; festivi; capaci; hostili; difficul,"Word Fragments, po- Prefix Stems",Structural / Uncertain,inherited,1830-1850#82
british,1850-1870,72,198,parthenium; monogenists; ztschr; khang; oesterr; rhodri; brueys; dijo; carneddau; goomty,"Superintendence, Guardianship and Oversight","Government, Law & Administration",inherited,1830-1850#93
british,1850-1870,86,115,vocates; mirers; infinitum; vertisement; vancement; demandant; libitum; mirer; miral; miralty,"Word Fragments, ad- Prefix Stems",Structural / Uncertain,inherited,1830-1850#55
british,1850-1870,82,149,einion; meredyth; fychan; peased; ednyfed; inscr; tewdwr; pearances; gryffydd; prehensions,"Word Fragments, ap- Prefix Stems",Structural / Uncertain,inherited,1830-1850#90
british,1850-1870,11,3065,purves; mitcheu; walcote; holberton; briscoe; shelmerdine; m'callum; thrale; yonge's; oldknow,English Nobility and Earldoms,"History, Genealogy, Nobility & Kinship",inherited,1830-1850#29
british,1850-1870,91,75,dorches; tiary; ritories; lancas; diame; minates; rific; clois; ritorial; barris,"Word Fragments, -ter Suffix Stems",Structural / Uncertain,inherited,1830-1850#88
british,1850-1870,81,150,cipices; cipitation; cipitate; ponderance; rogatives; sidency; posterous; ceptor; vails; dicament,"Word Fragments, com- Prefix Stems",Structural / Uncertain,inherited,1830-1850#68
british,1850-1870,74,187,ploy; ploying; phatically; ployers; ployer; evapo; boldened; barrassment; bellished; bassy,Evaluative Adjectives of Fitness,Structural / Uncertain,inherited,1830-1850#97
british,1850-1870,62,335,flect; grets; spectively; muneration; pentance; flecting; joicing; spectability; proachfully; presentative,Body Parts and Physical Description,"Medicine, Body & Health",inherited,1830-1850#66
british,1850-1870,75,185,vence; fligacy; posals; tectors; milone; menades; prieties; visional; phesied; babilities,"Word Fragments, pro- Prefix Stems",Structural / Uncertain,inherited,1830-1850#74
british,1850-1870,79,163,gravings; tertaining; croachments; gineer; riched; lightenment; tertain; deavor; chantment; joyments,"Word Fragments, en- Prefix Stems",Structural / Uncertain,inherited,1830-1850#79
british,1850-1870,83,148,memberment; sipation; consolate; tinctness; pensary; daining; tinguishes; persion; turbing; gusting,Latin Text and Word Fragments,Structural / Uncertain,inherited,1830-1850#83
british,1850-1870,66,275,travagance; cavation; planations; periences; pedient; asperated; pansion; ecution; plorations; cavated,Civil Administration and Public Wealth,"Government, Law & Administration",inherited,1830-1850#60
british,1850-1870,88,110,riccia; superba; valette; vendee; mancha; vende'e; turque; fourchette; trappe; hogue,French and Spanish Place Names,Structural / Uncertain,inherited,1830-1850#78
british,1850-1870,36,1502,flandre; l'expedition; termining; boheme; feuille; ferrariis; officiis; livering; monstrations; corations,Word Fragments and French Text,Structural / Uncertain,inherited,1830-1850#31
british,1850-1870,100,36,onel; lingwood; umns; onies; onists; lectively; lision; lector; achter; lieries,"Word Fragments, man- Prefix Stems",Structural / Uncertain,inherited,1830-1850#100
british,1850-1870,63,323,llanrwst; cefn; ffestiniog; tremadoc; rhaiadr; cwm; mawr; cardiganshire; ennerdale; wythburn,"Word Fragments, English Place-Name Stems",Structural / Uncertain,inherited,1830-1850#45
british,1850-1870,73,187,vindi; suffo; excommuni; confis; effica; stices; incul; falla; suppli; rupting,"Word Fragments, -cate Suffix Stems",Structural / Uncertain,inherited,1830-1850#81
british,1850-1870,84,144,alh; harun; interpre; habi; invi; expec; adap; manifes; augmen; transpor,"Word Fragments, al- Prefix Stems",Structural / Uncertain,inherited,1830-1850#101
british,1850-1870,107,13,cayambe; peau; teau; ritable; mouni; shelbridge; racters; racteristics; racteristic; snoxall,"Word Fragments, cha- Prefix Stems",Structural / Uncertain,human,
british,1850-1870,95,58,pulchre; riously; cretly; chandize; territo; luxu; inju; cury; cond; chant's,Word Fragments,Structural / Uncertain,inherited,1830-1850#80
british,1850-1870,92,67,inevit; formid; uncomfort; unavoid; unutter; unaccount; imperish; vener; unspeak; insuffer,"Garbled OCR Text, Ligature Misreads",Structural / Uncertain,inherited,1830-1850#98
british,1850-1870,101,31,amalga; consum; boatswain's; approxi; inti; esti; ani; rials; mosities; mately,Word Fragments,Structural / Uncertain,inherited,1830-1850#95
british,1850-1870,16,2869,douzaine; valtos; ztg; tenebres; meilleures; clericis; obdorsk; fuese; choisis; singula,Contracted Verb Forms,Structural / Uncertain,inherited,1830-1850#13
british,1850-1870,108,6,lencies; lency; lently; lences; lence; lency's,"Word Fragments, excel- Prefix Stems",Structural / Uncertain,human,
british,1850-1870,94,65,cels; tisans; parenthese; allel; tiality; exemple; liaments; tisan; thenon; senal,"Word Fragments, ar-/par- Prefix Stems",Structural / Uncertain,inherited,1830-1850#87
british,1850-1870,97,51,desira; forci; suita; remarka; impractica; practica; memora; comforta; impossi; invisi,"Word Fragments, -ble Adjective Stems",Structural / Uncertain,inherited,1830-1850#91
british,1850-1870,0,4964,maintien; serpul; wiborg; tumbat; ikan; jellinghee; vynckt; alabanda; benis; paieiyam,Miscellaneous Latin and Proper Names,Structural / Uncertain,inherited,1830-1850#0
british,1850-1870,103,19,wyvis; venuto; ledi; jamin; nevis; macdhui; lawers; dhui; efit; venue,"Word Fragments, -ton Place-Name Stems",Structural / Uncertain,inherited,1830-1850#103
british,1850-1870,104,18,crede; vada; therlands; glected; sutor; cessarily; vertheless; glect; groes; cessity,"Word Fragments, tri- Prefix Stems",Structural / Uncertain,inherited,1830-1850#104
british,1850-1870,99,42,mysteri; sumptu; conspicu; glori; industri; seri; labori; errone; anxi; ingeni,"Word Fragments, -ous Adjective Stems",Structural / Uncertain,inherited,1830-1850#89
british,1850-1870,93,67,mistakable; dertaken; dertaking; questionably; dergo; speakable; dertake; deniable; doubtedly; mistakeable,"Word Fragments, un- Prefix Stems",Structural / Uncertain,inherited,1830-1850#99
british,1850-1870,96,57,nagement; chinery; jestic; rauders; terially; jesties; sonry; nufactures; jesty; lermo,"Word Fragments, ma- Prefix Stems",Structural / Uncertain,inherited,1830-1850#94
british,1850-1870,105,18,paxo; cipation; quities; quated; quaries; quarians; podes; cipate; southington; quity,"Word Fragments, anti- Prefix Stems",Structural / Uncertain,human,
british,1850-1870,106,17,sashed; couler; wurdy; gillman; sleddale; winded; iong; aftei; w'b; rigmarole,Garbled OCR Noise,Structural / Uncertain,human,
british,1870-1890,59,769,orld; hile; alk; ater; orked; ithin; hilst; orth; musal; excessively,Adverbs of Manner,Structural / Uncertain,inherited,1850-1870#40
british,1870-1890,43,1726,clanging; bellowing; blackbird's; anthems; thrush; thunder's; screech; music's; shrilly; song,Latin and French Grammar Terms,"Books, Learning & Scholarship",inherited,1850-1870#32
british,1870-1890,56,1109,sevenths; deckers; sixths; dancettee; thalers; shiuings; eighths; gules; ffifty; torteaux,Spelling Variants of 'Quick',Structural / Uncertain,inherited,1850-1870#46
british,1870-1890,71,401,duller; stupider; luckier; stiller; sourer; crueller; stiffer; sorrier; browner; liker,Humours and Bodily Complexion,"Medicine, Body & Health",inherited,1850-1870#64
british,1870-1890,46,1585,sautpoora; vindhya; kittatinny; wasatch; watercourses; eocky; khirthar; carpathian; ridges; mokattam,Internal Organs and Anatomy,"Medicine, Body & Health",inherited,1850-1870#41
british,1870-1890,66,581,fetes; concerts; picnics; wednes; billiards; football; thurs; monday; entertainments; thursday,Verbs of Enduring and Continuing,Structural / Uncertain,inherited,1850-1870#58
british,1870-1890,10,4058,glenn; nicholls; boardman; macfie; noyes; junr; fales; fairbanks; nuttall; burbank,"Debt, Credit and Scots Law Finance","Trade, Finance & Commerce",inherited,1850-1870#5
british,1870-1890,11,4053,intolerant; lingaet; immoral; unjustifiable; sarcastic; overbearing; reprehensible; licentious; shameless; outrageous,"Treaties, Parliament and Baronial Councils","Government, Law & Administration",inherited,1850-1870#9
british,1870-1890,5,4822,bestirred; forgives; teus; betaking; teds; annoyed; deceived; influenced; unbosomed; snubbed,Past-Tense Narrative Verbs,Structural / Uncertain,inherited,1850-1870#2
british,1870-1890,27,2328,blackguard; rascals; vagabonds; theologian; fogey; rogues; knaves; politician; hypocrite; stratm,Generic Plural Nouns,Structural / Uncertain,inherited,1850-1870#38
british,1870-1890,14,3389,laconically; mabel; ethel; sissy; gertrude; lottie; maude; vibert; gruffly; stella,Combat and Motion Verbs,Military & Warfare,inherited,1850-1870#25
british,1870-1890,40,1861,impedi; offend; displease; emolu; predica; undeceive; mismanage; embodi; abridg; deny,Base-Form Verbs,Structural / Uncertain,inherited,1850-1870#33
british,1870-1890,70,406,phdlip; cauline; ayling; tristrem; gaernarfon; aa'alter; marmaduke's; lionel; bobert; aldingar,"Word Fragments, mi- Prefix Stems",Structural / Uncertain,inherited,1850-1870#60
british,1870-1890,32,2087,pilasters; corbels; domed; bronzes; architraves; cornices; mullions; mouldings; enamelled; embossed,Chivalric Romance Names,Structural / Uncertain,inherited,1850-1870#28
british,1870-1890,21,2980,danville; farmington; keya; brevard; mahoning; waitaki; brahmaputra; westfield; burnbank; susquehanna,Spelling-Reform Orthographic Variants,Structural / Uncertain,inherited,1850-1870#35
british,1870-1890,17,3067,jerked; triced; flings; hobbled; bolstered; smartened; resolvable; transmuted; scampered; foamy,Infinitive Verb Forms,Structural / Uncertain,inherited,1850-1870#20
british,1870-1890,4,4937,perjury; haughtiness; levity; extortions; coarseness; frankness; immorality; nervousness; meanness; arrogance,Latin Grammar and Classical Authors,"Books, Learning & Scholarship",inherited,1850-1870#3
british,1870-1890,9,4263,endroit; resultats; l'interieur; exprimer; l'autorite; perdre; qualites; remonter; territoire; caracteres,"Historical Names, Places and Titles","History, Genealogy, Nobility & Kinship",inherited,1850-1870#12
british,1870-1890,48,1437,neeld; ffuller; reynold; hyll; ffreeman; baldwyn; hervy; aleyn; hamond; randoll,"Word Fragments, -land Place-Name Stems",Structural / Uncertain,inherited,1850-1870#69
british,1870-1890,13,3498,fassett; ffleming; mccormack; morford; m'kee; copeman; rishworth; albro; norw; higley,Mixed English Surnames,Structural / Uncertain,inherited,1850-1870#7
british,1870-1890,36,1894,axial; ovate; spirally; cutlass; hoops; trigonal; cylinders; elongate; ambulacra; transverse,Contracted Verb Forms,Structural / Uncertain,inherited,1850-1870#31
british,1870-1890,26,2343,indicopleustes; itinerarium; collectanea; polybius; anacreon; annales; schylus; libr; circulars; monumenta,"Realms, Offices and Civic Administration","Government, Law & Administration",inherited,1850-1870#27
british,1870-1890,22,2891,menaccanite; uralite; wulfenite; thomsonite; bornite; sahlite; valentinite; tenorite; stilbite; lithomarge,"Meekness, Chastity and Devout Virtue",Morality: Virtue & Vice,inherited,1850-1870#18
british,1870-1890,47,1513,mohammerah; l'admirault; trebbia; mcdowell's; turenne; katzbach; tiagar; cheatham's; vassy; lutzen,Geometry and Mathematical Figures,"Science, Mathematics & Natural Philosophy",inherited,1850-1870#23
british,1870-1890,16,3249,arrable; payment; copyhold; enforcing; payments; margam; assessments; forfeitures; loans; treasurers,Maintaining and Upholding Order,"Government, Law & Administration",inherited,1850-1870#22
british,1870-1890,77,298,pittwater; ovra; ardlui; braila; washingtonville; eabiu; whithern; kamouraska; tangy; hubbardton,"Word Fragments, -ble Adjective Stems",Structural / Uncertain,inherited,1850-1870#97
british,1870-1890,25,2378,shawnees; etruscans; scythians; negritos; berbers; shawanese; teutones; kolarians; kolarian; teutons,"Weather, Sky and Zodiac","Nature, Landscape & Weather",inherited,1850-1870#34
british,1870-1890,33,2023,tunics; leggings; quilted; pelisse; frilled; scarfs; bodices; vests; trowsers; nightcap,"Concord, Discord and Agreement",Rhetoric & Persuasion,inherited,1850-1870#13
british,1870-1890,58,999,morogh; dermod; cathal; withburga; thelweard; llandaff; faelan; cnut; harald; coenuulf,"Word Fragments, ap- Prefix Stems",Structural / Uncertain,inherited,1850-1870#82
british,1870-1890,54,1170,cordwainer; ironmongers; goldsbrough; saddlers; queensware; joun; hosiers; tinsmiths; shoemaker; mdccclxxxii,Roman Numerals and Dates,Structural / Uncertain,inherited,1850-1870#51
british,1870-1890,23,2593,paimpol; muara; nangka; bellisle; grouin; loban; tanjong; ramree; cherso; veglia,Verbs of Thinking and Perceiving,Structural / Uncertain,inherited,1850-1870#10
british,1870-1890,7,4353,darkling; shimmering; refulgent; vanish'd; ev'n; tyrant's; sparkles; inspir'd; deathless; sunlit,Virtues and Moral Qualities,Morality: Virtue & Vice,inherited,1850-1870#4
british,1870-1890,20,3012,dsrs; dnitsd; sacd; temor; rsport; ssttlsmsnt; dsatk; ludiaus; purcbass; mwn,"Word Fragments, se-/di- Prefix Stems",Structural / Uncertain,inherited,1850-1870#78
british,1870-1890,80,250,avui; aviu; seeching; wul; avouldn't; shau; wdl; friended; tokened; sliall,"Word Fragments, po- Prefix Stems",Structural / Uncertain,inherited,1850-1870#98
british,1870-1890,83,202,hammedans; allel; mentarily; mentum; liamentary; tisans; tisan; tiality; exemple; ment's,"Word Fragments, ar-/par- Prefix Stems",Structural / Uncertain,inherited,1850-1870#94
british,1870-1890,34,1991,pilsen; sondershausen; brieg; morbegno; maggia; schwartzburg; bormio; stachelberg; tancarville; leiningen,"Truth, Conscience and Preaching","Religion, Theology & the Church",inherited,1850-1870#29
british,1870-1890,2,5099,beeston; brightside; eartham; burlingham; pulborough; greenford; tusmore; fletching; kildale; woodhouse,"Sin, Ransom and Deliverance","Religion, Theology & the Church",inherited,1850-1870#1
british,1870-1890,52,1235,karazana; ambanin; sleibhte; vatolampy; cresylic; tueri; twinsburg; beracoth; gymydogaeth; hidis,Dutch and German Text,Structural / Uncertain,inherited,1850-1870#47
british,1870-1890,76,306,miscon; con; stipu; manipu; tenegro; depopu; strous; circu; perambu; calcu,Miscellaneous Mixed Vocabulary,Structural / Uncertain,inherited,1850-1870#70
british,1870-1890,28,2230,acuta; ferruginea; gnaphalium; sativum; stachys; scoparius; paniculata; muricata; hypnum; sativus,"Mercy, Grace and Damnation","Religion, Theology & the Church",inherited,1850-1870#90
british,1870-1890,18,3036,loike; niwer; luik; anither; theer; noan; intil; och; fowk; reet,Word Fragments,Structural / Uncertain,inherited,1850-1870#24
british,1870-1890,35,1968,ethical; metaphysical; monarchical; dogmas; geometry; philosophers; calvinistic; physiological; romish; religion,Legal Writs and Property Actions,"Government, Law & Administration",inherited,1850-1870#30
british,1870-1890,39,1874,regulars; sloops; schooners; cavalry; drays; jib; chasseurs; bowsprit; foresail; yawl,Second-Person Verb Forms,Structural / Uncertain,inherited,1850-1870#49
british,1870-1890,81,235,karn; dubh; mhic; zione; tionally; tive; tion; ciones; irena; tional,Word Fragments and Miscellany,Structural / Uncertain,inherited,1850-1870#65
british,1870-1890,3,5025,tirwa; sonpur; bikaner; maisur; kolhapur; bezwdda; bapatla; jalpaiguri; danta; boondee,Mixed Foreign-Language Text,Structural / Uncertain,inherited,1850-1870#21
british,1870-1890,8,4320,hostium; haberet; proximum; voluntate; postquam; quem; comitum; habeat; impetum; poterant,Latin Function Words,Structural / Uncertain,inherited,1850-1870#6
british,1870-1890,94,89,a'ork; tork; buryport; yrork; yorker; yorkers; yoik; englanders; y'ork; zealander,"Rivers, Seas and Foreign Territories",Geography & Territory,inherited,1850-1870#43
british,1870-1890,64,647,turn'st; rememberest; thinkest; livest; wishest; xim; speak'st; believest; find'st; see'st,Second-Person Verb Forms,Structural / Uncertain,inherited,1850-1870#80
british,1870-1890,102,49,unhappi; pretti; dreari; loneli; friendli; steadi; manli; haughti; cleanli; caith,"Word Fragments, anti- Prefix Stems",Structural / Uncertain,inherited,1850-1870#105
british,1870-1890,12,3929,irepl; miana; dvl; dpi; kombteta; tpyaa; rbv; ennek; vnn; kotopna,Garbled Typographic Noise,Structural / Uncertain,inherited,1850-1870#8
british,1870-1890,67,577,separat; assum; describ; contemplat; conclud; perceiv; declar; fascinat; indicat; suppos,Truncated Verb Stems,Structural / Uncertain,inherited,1850-1870#59
british,1870-1890,93,90,carpen; worces; ritories; dorches; rific; ribly; rified; minal; restrial; minates,"Word Fragments, -ter Suffix Stems",Structural / Uncertain,inherited,1850-1870#91
british,1870-1890,63,670,descanting; commenting; expatiated; descanted; sympathized; tyrannised; tampered; relying; gloated; domineered,Third-Person -eth Verb Forms,Structural / Uncertain,inherited,1850-1870#61
british,1870-1890,31,2096,metellus; gonatas; amphissa; macrinus; olynthian; crotona; antiochus; dfts; arsaces; maximin,"Scripture, Prophets and Christianity","Religion, Theology & the Church",inherited,1850-1870#26
british,1870-1890,42,1782,stewed; radishes; sausages; pickled; arrowroot; fried; chillies; beefsteak; mulled; onions,Household Goods and Provisions,"Domestic Life, Dress & Household",inherited,1850-1870#14
british,1870-1890,60,756,identifica; ramifica; configura; ordina; desecra; retribu; supplica; edifica; abstrac; demoli,"Word Fragments, -tion Suffix Stems",Structural / Uncertain,inherited,1850-1870#54
british,1870-1890,57,1007,monans; germain's; kemeys; blasien; brandan; cairpre; ffagan; odile; kilcock; asaph's,"'St.' Place Names, Gazetteer",Geography & Territory,inherited,1850-1870#50
british,1870-1890,53,1170,edith's; kate's; lilian's; susan's; laura's; ethel's; maggie's; stella's; frank's; ruth's,"Princely Dignity, Jurisdiction and Empire","Government, Law & Administration",inherited,1850-1870#55
british,1870-1890,50,1383,mejdel; jenin; medeenet; neby; gerasa; ammon; goornah; edfou; osiris; denderah,Minerals and Geological Rock Types,"Science, Mathematics & Natural Philosophy",inherited,1850-1870#37
british,1870-1890,41,1821,gorwedd; gywir; draul; gwbl; agored; gwely; cynnwys; cyrhaedd; deheuol; rhymni,"Word Fragments, English Place-Name Stems",Structural / Uncertain,inherited,1850-1870#63
british,1870-1890,38,1881,tarandus; goosander; gallinula; hyena; wildcats; tapir; fulica; accipiter; cervus; tapirs,"Animals, Birds and Fauna","Nature, Landscape & Weather",inherited,1850-1870#39
british,1870-1890,101,54,quiesced; complishments; commodated; companying; ceptable; complishing; ceptance; knowledging; complishment; cumulated,"Word Fragments, ac- Prefix Stems",Structural / Uncertain,inherited,1850-1870#89
british,1870-1890,62,671,ihesu; slechts; omma; meening; sommige; schrijvers; zelfs; lieden; gans; toch,"Word Fragments, -ture Suffix Stems",Structural / Uncertain,inherited,1850-1870#56
british,1870-1890,24,2582,trabajo; hechos; tiempo; hecha; allende; duprat; cisneros; infinito; prazeres; adelante,"Word Fragments, New- Place-Name Stems",Structural / Uncertain,inherited,1850-1870#53
british,1870-1890,45,1661,exigua; bisulcatus; conica; loxonema; attenuata; granulata; voluta; maculata; oides; depressa,Latin Ornithological Species Names,"Science, Mathematics & Natural Philosophy",inherited,1850-1870#19
british,1870-1890,89,154,sonality; petuated; forated; plexities; nicious; manence; pendicularly; tinacity; suasions; vades,"Word Fragments, per- Prefix Stems",Structural / Uncertain,inherited,1850-1870#85
british,1870-1890,19,3030,gesicht; steuern; vortheil; verlangen; welchen; aufrecht; besitz; stehen; sollten; eigentliche,German and Dutch Text,Structural / Uncertain,inherited,1850-1870#17
british,1870-1890,37,1884,parlare; sistema; possa; territorio; ancora; faccia; galleria; furono; quindi; parola,"Deduction, Derivation and Separation",Rhetoric & Persuasion,inherited,1850-1870#44
british,1870-1890,15,3383,meiklejohn; gryf; toomer; eichards; faunthorpe; drabble; foulkes; holyoake; stansfeld; keenedge,Place Names and Regions,Geography & Territory,inherited,1850-1870#42
british,1870-1890,68,499,burty; getragen; fanb; ibre; toenn; gaben; toirb; burdj; roenn; finb,"Word Fragments, un- Prefix Stems",Structural / Uncertain,inherited,1850-1870#93
british,1870-1890,29,2201,blumenbachii; robertland; kinneff; brechin; hangingshaw; kincardine; limavady; inverkeillor; gormanstown; thirlstane,"Word Fragments, -ton Place-Name Stems",Structural / Uncertain,inherited,1850-1870#103
british,1870-1890,49,1427,tendrombohitra; erinnerung; tagonist; tagonism; cestor; thracite; shoop; swering; eigbtb; imal,Miscellaneous Rare Nouns,Structural / Uncertain,inherited,1850-1870#45
british,1870-1890,98,59,ter; bara; rister; tholomew; rel; barously; barians; barian; zanzi; terize,"Word Fragments, car-/mar- Prefix Stems",Structural / Uncertain,inherited,1850-1870#77
british,1870-1890,73,356,dyspepsia; bronchitis; spasms; uterine; pulmonary; catarrh; sciatica; indigestion; dysentery; pleurisy,"Word Fragments, Place-Name Stems",Structural / Uncertain,inherited,1850-1870#68
british,1870-1890,90,150,answ; whatea; slen; coa; howea; blun; recoa; plun; surren; nev,Word Fragments,Structural / Uncertain,inherited,1850-1870#101
british,1870-1890,51,1299,ngo; ssiich'uan; hsiang; ch'iu; t'ung; tsi; liang; boze; kuangtung; ch'i,"Word Fragments, ne- Prefix Stems",Structural / Uncertain,inherited,1850-1870#48
british,1870-1890,106,37,sors; sions; siveness; sories; sioned; sion; dends; dend; terity; sively,"Word Fragments, excel- Prefix Stems",Structural / Uncertain,inherited,1850-1870#108
british,1870-1890,6,4702,oute; whiche; dothe; wyth; seyd; whyche; holde; kynges; salbe; lyke,Scots Dialect and Middle English,Structural / Uncertain,inherited,1850-1870#15
british,1870-1890,75,319,pagnie; munes; mercially; prehends; memoration; pactly; piler; munal; pilation; memorative,"Word Fragments, com- Prefix Stems",Structural / Uncertain,inherited,1850-1870#67
british,1870-1890,1,5121,poyser; sutcliffe; preedy; ohphant; bannerleigh; vauance; stanthwaite; verney's; sidebottom; tremerton,English Nobility and Earldoms,"History, Genealogy, Nobility & Kinship",inherited,1850-1870#11
british,1870-1890,65,594,choidal; spiracies; vulsively; stantia; stituent; secration; demns; summated; servatism; valescence,Descriptive Poetic Adjectives,"Literature, Drama & Poetic Diction",inherited,1850-1870#57
british,1870-1890,87,166,expan; persua; profu; omis; condescen; effu; delu; expul; digres; confes,Word Fragments,Structural / Uncertain,inherited,1850-1870#71
british,1870-1890,55,1123,macartney; mountclere; bellasis; hatherton; bergavenny; stourton; kellie; londesborough; salisbury's; brayhead,Mixed Proper Names,Structural / Uncertain,inherited,1850-1870#52
british,1870-1890,61,688,villette; guizot; d'avezac; folie; fleury; duplessis; urach; benoit; d'arblay; campan,French and Spanish Place Names,Structural / Uncertain,inherited,1850-1870#88
british,1870-1890,0,7985,troxell; erdman; poitrine; soutdeast; ellenburgh; gwna; weled; gardeur; lanciano; haselton,Miscellaneous Latin and Proper Names,Structural / Uncertain,inherited,1850-1870#0
british,1870-1890,84,191,cinct; sumably; paratory; sentable; cipitate; ponderance; cepts; raphaelitism; raphaelites; rogative,"Word Fragments, com- Prefix Stems",Structural / Uncertain,inherited,1850-1870#81
british,1870-1890,44,1707,gelto; muncie; fiantly; pendencies; plaiz; scends; lightfully; murred; will'ms; kimbell,Word Fragments and French Text,Structural / Uncertain,inherited,1850-1870#36
british,1870-1890,109,20,octo; slum; septem; novem; mondsey; encum; trand; outnum; num; nardo,"Word Fragments, -ber Suffix Stems",Structural / Uncertain,human,
british,1870-1890,92,94,umn; onel; onies; lecting; onists; legiate; umns; docts; superinten; prece,"Word Fragments, man- Prefix Stems",Structural / Uncertain,inherited,1850-1870#100
british,1870-1890,78,294,samy; hatramy; avokoa; mitoetra; akaikin; mahazo; anefa; tahaka; ranomasina; akory,"Superintendence, Guardianship and Oversight","Government, Law & Administration",inherited,1850-1870#72
british,1870-1890,97,67,jorie; tigny; quise; tyrdom; guerite; vellously; seilles; penter; maduke; chioness,"Relapse, Infusion and Bodily Degeneration","Medicine, Body & Health",inherited,1850-1870#87
british,1870-1890,72,376,sponsibilities; flecting; pudiated; linquished; spectability; joinder; muneration; lationship; fusal; stricted,Body Parts and Physical Description,"Medicine, Body & Health",inherited,1850-1870#62
british,1870-1890,85,173,campment; gagements; lightenment; dowment; virons; bloc; tertain; deavours; chantment; tertained,"Word Fragments, en- Prefix Stems",Structural / Uncertain,inherited,1850-1870#79
british,1870-1890,82,220,prietorship; fusely; phesied; miscuous; mulgated; moter; phecy; ductiveness; pensity; testantism,"Word Fragments, pro- Prefix Stems",Structural / Uncertain,inherited,1850-1870#75
british,1870-1890,74,335,excommuni; fabri; preters; stices; pretation; locutor; geographi; secting; venes; preted,"Word Fragments, -cate Suffix Stems",Structural / Uncertain,inherited,1850-1870#73
british,1870-1890,88,156,comfited; persing; paragement; placement; sipation; pensing; persion; sipated; dainful; pensary,Latin Text and Word Fragments,Structural / Uncertain,inherited,1850-1870#83
british,1870-1890,79,278,tremities; hibitions; aggeration; pansion; cellency; periments; pediency; plosion; ploringly; pudence,Civil Administration and Public Wealth,"Government, Law & Administration",inherited,1850-1870#66
british,1870-1890,86,168,capabili; peculiari; extremi; transpor; festivi; locali; liabili; lamen; augmen; socie,"Word Fragments, al- Prefix Stems",Structural / Uncertain,inherited,1850-1870#84
british,1870-1890,104,45,admix; recap; nomencla; minia; lec; conjec; carica; aper; entabla; expendi,"Word Fragments, cha- Prefix Stems",Structural / Uncertain,inherited,1850-1870#107
british,1870-1890,110,20,pfeifer; niss; verneuili; pastoe's; noschisma; nixes; nician; drus; nixville; bidas,"Word Fragments, phe-/phoe- Prefix Stems",Structural / Uncertain,human,
british,1870-1890,100,54,rect; respondents; porate; cordium; rectness; dova; dially; diality; ridor; porations,"Word Fragments, tri- Prefix Stems",Structural / Uncertain,inherited,1850-1870#104
british,1870-1890,91,120,unmistak; unanswer; inevit; unaccount; unavoid; unattain; abomin; vener; insuffer; indescrib,"Garbled OCR Text, Ligature Misreads",Structural / Uncertain,inherited,1850-1870#92
british,1870-1890,113,15,watertoast; sym; pathy; pathizing; pathising; pathized; pathised; pathies; metrically; loava,"Word Fragments, sym- Prefix Stems",Structural / Uncertain,human,
british,1870-1890,96,84,miralty; vertisements; mirers; infinitum; absurdum; mirer; herents; nauseam; vancement; herence,"Word Fragments, ad- Prefix Stems",Structural / Uncertain,inherited,1850-1870#86
british,1870-1890,95,89,labori; furi; conspicu; mischiev; dubi; tremend; treacher; mysteri; errone; nerv,"Word Fragments, -ous Adjective Stems",Structural / Uncertain,inherited,1850-1870#99
british,1870-1890,99,55,bellished; ployers; ploy; ployer; bodiment; ploying; bodying; phatically; peror's; ployes,Evaluative Adjectives of Fitness,Structural / Uncertain,inherited,1850-1870#74
british,1870-1890,69,429,wyllis; jenett; marmon; ldwards; gilbertville; piketon; dustiee; caseyville; marlatt; sdown,Garbled OCR Noise,Structural / Uncertain,inherited,1850-1870#106
british,1870-1890,111,18,riam; chant's; midsum; cantile; riment; rily; rimack; clinia; chants; chandise,Word Fragments,Structural / Uncertain,inherited,1850-1870#95
british,1870-1890,103,48,harring; whitting; hamil; tren; clin; southamp; northamp; pember; charl; brigh,"Word Fragments, ma- Prefix Stems",Structural / Uncertain,inherited,1850-1870#96
british,1870-1890,108,20,cil; sellors; selled; cillor; tess; sellor; cils; trymen; tryman; try's,"Word Fragments, pa- Prefix Stems",Structural / Uncertain,inherited,1850-1870#102
british,1870-1890,107,23,decessum; blackjack; conquestum; avhipping; kruger's; funera; ponement; pone; wadhams; chaises,"Word Fragments, post- Prefix Stems",Structural / Uncertain,human,
british,1870-1890,30,2142,numeros; felmyngham; mercatores; religiosos; fuor; juramento; faciles; taliter; faciemus; bapte,Contracted Verb Forms,Structural / Uncertain,inherited,1850-1870#16
british,1870-1890,105,38,movere; lucus; posthac; chalance; descript; conformist; lucendo; leba; plussed; nascitur,"Word Fragments, co- Prefix Stems",Structural / Uncertain,inherited,1850-1870#76
british,1870-1890,112,18,ficial; stitions; numerary; annuated; visors; stitious; cilious; stition; seded; seaworth,"Word Fragments, super- Prefix Stems",Structural / Uncertain,human,
british,1890-1910,50,750,alk; talouel; elcome; orks; orld; noav; anted; iioav; hile; ork,Adverbs of Manner,Structural / Uncertain,inherited,1870-1890#59
british,1890-1910,35,1561,warbling; tuneful; clanging; song; skylark's; solos; guitars; bellowing; yells; resonant,Latin and French Grammar Terms,"Books, Learning & Scholarship",inherited,1870-1890#43
british,1890-1910,65,339,funnier; wickeder; tougher; jollier; queerer; stiffer; bitterer; sorer; manlier; stupider,Humours and Bodily Complexion,"Medicine, Body & Health",inherited,1870-1890#71
british,1890-1910,52,714,hundered; eighths; sixths; pesetas; dorothys; depwade; piastres; kroner; centesimi; soldi,Spelling Variants of 'Quick',Structural / Uncertain,inherited,1870-1890#56
british,1890-1910,5,4293,an'ra; nivver; neaw; naw; daein; wi't; rinnin; heaw; loupin; wy,Word Fragments,Structural / Uncertain,inherited,1870-1890#18
british,1890-1910,55,562,wrighte; judkin; margarett; alee; wirrall; feby; elize; januarie; igth; reappointed,"Word Fragments, -land Place-Name Stems",Structural / Uncertain,inherited,1870-1890#48
british,1890-1910,19,2020,rogue; compatriots; mathematician; prig; essayist; clergymen; nobles; politician; vagabonds; man,Generic Plural Nouns,Structural / Uncertain,inherited,1870-1890#27
british,1890-1910,7,3460,licentious; inborn; supercilious; unbecoming; inaccurate; flippant; brusque; reprehensible; inherent; exasperating,"Treaties, Parliament and Baronial Councils","Government, Law & Administration",inherited,1870-1890#11
british,1890-1910,14,2549,laconically; sententiously; interrogatively; sneeringly; spilford; acidly; brusquely; saucily; irascibly; tentatively,Combat and Motion Verbs,Military & Warfare,inherited,1870-1890#14
british,1890-1910,53,655,dick; aa'illiam; jim; alisander; joe; jake; knt; sam; mike; john,"Word Fragments, mi- Prefix Stems",Structural / Uncertain,inherited,1870-1890#70
british,1890-1910,23,1936,predica; bestirred; allying; destroy; intrench; deport; mismanage; embodi; gainsay; weaken,Base-Form Verbs,Structural / Uncertain,inherited,1870-1890#40
british,1890-1910,42,1182,brabourne; fauconberg; falconberg; northwick; sandover; bessborough; tweedy; beachville; austinminster; rosebery,Mixed Proper Names,Structural / Uncertain,inherited,1870-1890#55
british,1890-1910,4,4416,calleth; influenced; frightens; convinces; annoys; assures; oppresses; liveth; enforcing; woos,Past-Tense Narrative Verbs,Structural / Uncertain,inherited,1870-1890#5
british,1890-1910,6,3999,selfishness; sensitiveness; brutality; hypocrisy; baseness; denunciations; immorality; meanness; harshness; stupidity,Latin Grammar and Classical Authors,"Books, Learning & Scholarship",inherited,1870-1890#4
british,1890-1910,15,2423,trotted; gripping; swirled; clewed; slid; shoved; pulled; bolstering; pulling; grubbed,Infinitive Verb Forms,Structural / Uncertain,inherited,1870-1890#17
british,1890-1910,21,1996,cornices; pilasters; planks; statuettes; cornice; mullions; pinnacled; mouldings; cylindrical; crocketed,Chivalric Romance Names,Structural / Uncertain,inherited,1870-1890#32
british,1890-1910,44,1070,bertha; nellie; eileen; elsie; agatha; lucy; mabel; hilda; dorothy; ethel,Mixed English Surnames,Structural / Uncertain,inherited,1870-1890#13
british,1890-1910,3,5027,robynson; bicknell; tavlor; kilner; hilditch; tharp; hampson; hindle; michell; ogston,"Debt, Credit and Scots Law Finance","Trade, Finance & Commerce",inherited,1870-1890#10
british,1890-1910,20,2014,viziadrug; zebayir; kamaran; farisan; cartagena; salayar; engano; tobago; awaji; flamanville,Verbs of Thinking and Perceiving,Structural / Uncertain,inherited,1870-1890#23
british,1890-1910,16,2410,tunics; leggings; trowsers; trimmings; scarfs; neckerchief; muskets; braided; quilted; calicoes,"Concord, Discord and Agreement",Rhetoric & Persuasion,inherited,1870-1890#33
british,1890-1910,48,835,edouard; irovel; bonjour; macquoid; conney; fils; skram; yeats; sebastien; renaud,French and Spanish Place Names,Structural / Uncertain,inherited,1870-1890#61
british,1890-1910,22,1983,zorndorf; ringgold; mccook's; ghoorkas; fredericksburg; altenau; issus; maipo; telish; grenadiers,Geometry and Mathematical Figures,"Science, Mathematics & Natural Philosophy",inherited,1870-1890#47
british,1890-1910,30,1745,deathless; quirinus; spirit's; sin's; supernal; divinest; osiris; jehovah; godlike; odin,Minerals and Geological Rock Types,"Science, Mathematics & Natural Philosophy",inherited,1870-1890#50
british,1890-1910,41,1241,yablonoi; watercourses; craggy; sneeuwberg; alleghany; ridges; daisied; cuillin; asmai; stanovoi,Internal Organs and Anatomy,"Medicine, Body & Health",inherited,1870-1890#46
british,1890-1910,70,295,rememberest; seemest; askest; sawest; sayst; see'st; believest; madest; seekest; leavest,Second-Person Verb Forms,Structural / Uncertain,inherited,1870-1890#64
british,1890-1910,17,2315,heulandite; spiriferina; alunite; datolite; prehnite; gervillia; smaltite; zincite; willemite; buccinum,"Meekness, Chastity and Devout Virtue",Morality: Virtue & Vice,inherited,1870-1890#22
british,1890-1910,11,2730,shimmering; darkling; illumes; swirling; bespangled; glows; surge; stirr'd; radiance; pinkish,Virtues and Moral Qualities,Morality: Virtue & Vice,inherited,1870-1890#7
british,1890-1910,58,467,dominoes; football; hockey; banquets; festival; celebrations; games; festivities; concerts; celebration,Verbs of Enduring and Continuing,Structural / Uncertain,inherited,1870-1890#66
british,1890-1910,39,1280,marathi; angoni; somalis; bushmen; malays; semitic; hindoos; ghilzais; iberian; mohammedans,"Weather, Sky and Zodiac","Nature, Landscape & Weather",inherited,1870-1890#25
british,1890-1910,31,1718,ethical; materialism; bigotry; intolerance; ethics; romish; despotism; physics; religion; polity,Legal Writs and Property Actions,"Government, Law & Administration",inherited,1870-1890#35
british,1890-1910,26,1827,ttjv; ovk; rb; ffi; rbv; rj; wv; nodi; xa; yx,Garbled Typographic Noise,Structural / Uncertain,inherited,1870-1890#12
british,1890-1910,34,1626,shoalhaven; rheidol; kistna; peipus; umtata; holston; rohri; blackwater; bashee; owyhee,Spelling-Reform Orthographic Variants,Structural / Uncertain,inherited,1870-1890#21
british,1890-1910,18,2222,mithridates; crassus; marcius; parthians; huns; trajan; latins; florus; gauls; kumase,"Scripture, Prophets and Christianity","Religion, Theology & the Church",inherited,1870-1890#31
british,1890-1910,9,2909,ratification; legislatures; excesses; judiciary; copyhold; enforcement; sheriffs; legislature; legislation; freeholders,Maintaining and Upholding Order,"Government, Law & Administration",inherited,1870-1890#16
british,1890-1910,2,5291,auchterderran; bucklow; abdie; wootton; handsworth; binstead; guiidford; oundle; alvah; kington,"Sin, Ransom and Deliverance","Religion, Theology & the Church",inherited,1870-1890#2
british,1890-1910,28,1810,reprints; scotish; imar's; annales; memoranda; virgil; sophocles; schylus; literaria; periodicals,"Realms, Offices and Civic Administration","Government, Law & Administration",inherited,1870-1890#26
british,1890-1910,45,1009,chiffres; possie; giannone; gregorii; loen; boninsegni; henby; peilungen; lxxxiv; beesly,Dutch and German Text,Structural / Uncertain,inherited,1870-1890#52
british,1890-1910,49,820,yawl; schooners; mainsail; pinnace; mizzen; sloop; frigate; schooner; boat; privateer,Second-Person Verb Forms,Structural / Uncertain,inherited,1870-1890#39
british,1890-1910,64,353,miscon; calcu; con; stipu; expostu; annihi; circu; capitu; accumu; simili,Miscellaneous Mixed Vocabulary,Structural / Uncertain,inherited,1870-1890#76
british,1890-1910,51,721,glovers; haberdashery; blacksmiths; confectioners; ironmongers; glassware; grocers; shoemakers; drapers; hardware,Roman Numerals and Dates,Structural / Uncertain,inherited,1870-1890#54
british,1890-1910,8,3208,pousser; barbare; protectorat; principaute; traduit; marchandises; pouvons; fievre; jeter; arrivant,"Historical Names, Places and Titles","History, Genealogy, Nobility & Kinship",inherited,1870-1890#9
british,1890-1910,83,106,tiveness; tionally; tioner; tion; ciones; tive; tioners; tional; tionable; tions,Word Fragments and Miscellany,Structural / Uncertain,inherited,1870-1890#81
british,1890-1910,24,1888,bushbuck; hartebeest; bison; woodpeckers; canis; plover; zebras; leopards; antelopes; plovers,"Animals, Birds and Fauna","Nature, Landscape & Weather",inherited,1870-1890#38
british,1890-1910,38,1417,dioica; scabiosa; repens; purpurea; hirsuta; bartsia; latifolia; arvensis; vulgare; pratensis,"Mercy, Grace and Damnation","Religion, Theology & the Church",inherited,1870-1890#28
british,1890-1910,33,1652,hydrated; chlorine; fluoride; spiegeleisen; calcium; fluorine; selenium; cerite; apparatuses; auric,Contracted Verb Forms,Structural / Uncertain,inherited,1870-1890#36
british,1890-1910,60,402,mdcccxciii; reynier; eastgate; foregate; mdcccxcv; mdcccxcvii; mfg; mdcccxciv; mdcccxcvi; mdcccxcii,"Word Fragments, car-/mar- Prefix Stems",Structural / Uncertain,inherited,1870-1890#98
british,1890-1910,12,2656,potestate; medietatem; liberas; annuatim; dictorum; consuetudine; debita; aliquis; illud; premissa,Latin Function Words,Structural / Uncertain,inherited,1870-1890#8
british,1890-1910,62,382,stager; stagers; keylock; fogies; sallow; schalk; corpulent; chappie; harridan; timers,"Word Fragments, -ble Adjective Stems",Structural / Uncertain,inherited,1870-1890#77
british,1890-1910,32,1682,oatmeal; stewed; tomatoes; puddings; cassava; treacle; pickled; jellies; lettuce; linseed,Household Goods and Provisions,"Domestic Life, Dress & Household",inherited,1870-1890#42
british,1890-1910,43,1112,armitage's; devereux's; warburton's; nugent's; hammond's; bellamy's; verney's; dyson's; lester's; treherne's,Place Names and Regions,Geography & Territory,inherited,1870-1890#15
british,1890-1910,67,307,bining; mercially; panionable; posedly; pagnie; pensate; monest; municates; batants; mandant,"Word Fragments, com- Prefix Stems",Structural / Uncertain,inherited,1870-1890#75
british,1890-1910,86,89,rooftree; tutelage; leadership; periodi; chairmanship; deodars; chemi; surveillance; auspices; jourdan,"Superintendence, Guardianship and Oversight","Government, Law & Administration",inherited,1870-1890#78
british,1890-1910,40,1248,molly's; lucy's; eleanor's; dick's; sybil's; maud's; judith's; alice's; frank's; ruth's,"Princely Dignity, Jurisdiction and Empire","Government, Law & Administration",inherited,1870-1890#53
british,1890-1910,81,108,maccallum; yoek; foundland; yorker; netherland; zealander; yorkers; englander; zealanders; gutzkow,"Rivers, Seas and Foreign Territories",Geography & Territory,inherited,1870-1890#94
british,1890-1910,69,298,choos; embrac; secur; preced; starv; suppos; describ; assum; engag; requir,Truncated Verb Stems,Structural / Uncertain,inherited,1870-1890#67
british,1890-1910,10,2772,gerasa; firoz; gompa; hanle; tranquebar; tsiang; saharanpur; beisan; dhar; peshawar,Mixed Foreign-Language Text,Structural / Uncertain,inherited,1870-1890#3
british,1890-1910,68,299,commenting; relying; reacted; expatiated; descanted; expatiating; kurumbas; tyrannise; preyed; gloated,Third-Person -eth Verb Forms,Structural / Uncertain,inherited,1870-1890#63
british,1890-1910,77,170,minis; clois; dinis; denomi; worces; nomi; carpen; ritory; teris; quar,"Word Fragments, -ter Suffix Stems",Structural / Uncertain,inherited,1870-1890#93
british,1890-1910,25,1877,giovane; galleria; fuori; bellinzona; verrocchio; manuele; degli; verita; vittorio; remagen,"Truth, Conscience and Preaching","Religion, Theology & the Church",inherited,1870-1890#34
british,1890-1910,73,247,llandaff; clogher; ossory; chicheley; howley; friary; sherborne; presbyter; prebend; prebendary,"Word Fragments, ap- Prefix Stems",Structural / Uncertain,inherited,1870-1890#58
british,1890-1910,89,58,quiesced; givins; quaintances; cumulated; cordingly; complishment; complished; complish; knowledgment; companying,"Word Fragments, ac- Prefix Stems",Structural / Uncertain,inherited,1870-1890#101
british,1890-1910,54,613,brieuc; serf's; neot's; audries; clairs; legue; goar; ouen; neot; kitts,"'St.' Place Names, Gazetteer",Geography & Territory,inherited,1870-1890#57
british,1890-1910,84,99,suasively; suasions; petually; functory; petuated; plexity; nicious; manently; turbation; meated,"Word Fragments, per- Prefix Stems",Structural / Uncertain,inherited,1870-1890#89
british,1890-1910,71,257,appuhami; loku; udugoda; gammahe; arachchillage; kilakkumulai; udapalata; melpattu; umberland; pundalu,"Word Fragments, -ton Place-Name Stems",Structural / Uncertain,inherited,1870-1890#29
british,1890-1910,63,371,conversant; unmistak; unapproach; immov; unaccount; imbued; abomin; unbear; impregnated; disreput,"Garbled OCR Text, Ligature Misreads",Structural / Uncertain,inherited,1870-1890#91
british,1890-1910,46,989,cestor; tiquity; nually; noyance; tiquities; thony; eyewitness; interpellation; beller; swer,Miscellaneous Rare Nouns,Structural / Uncertain,inherited,1870-1890#49
british,1890-1910,61,395,broadfoot; lugard; buch; friedrich; blakeley; fischer; mockler; kessler; mahaffy; meyer,Latin Ornithological Species Names,"Science, Mathematics & Natural Philosophy",inherited,1870-1890#45
british,1890-1910,79,155,transmuted; degenerating; instilling; merging; infuses; merges; inveigled; servis; lapsing; instilled,"Word Fragments, tri- Prefix Stems",Structural / Uncertain,inherited,1870-1890#100
british,1890-1910,29,1782,dywededig; cyffredin; sagesse; giusto; teulu; birdsorth; adeiladu; extranjero; ceneri; isu,"Word Fragments, English Place-Name Stems",Structural / Uncertain,inherited,1870-1890#41
british,1890-1910,37,1437,inglaterra; castagno; noticias; vieja; cultivo; caballos; periodo; espa; ferrocarril; veinte,"Word Fragments, New- Place-Name Stems",Structural / Uncertain,inherited,1870-1890#24
british,1890-1910,74,233,catarrh; asthma; bronchitis; sciatica; dysentery; indigestion; neuralgia; sleeplessness; fevers; debility,"Word Fragments, Place-Name Stems",Structural / Uncertain,inherited,1870-1890#73
british,1890-1910,1,5413,mackinlay; athalyn; waylen; manby; tippetts; houldsworth; summerfield; cookson; lindell; philbrick,English Nobility and Earldoms,"History, Genealogy, Nobility & Kinship",inherited,1870-1890#1
british,1890-1910,87,74,buren; diemen; sittart; couver; velde; kerkhoven; riebeek; eyck; cornells; dyck,"Word Fragments, -ture Suffix Stems",Structural / Uncertain,inherited,1870-1890#62
british,1890-1910,47,855,dunque; prova; assai; meglio; bellezza; occhi; genio; giardino; avevo; egli,"Deduction, Derivation and Separation",Rhetoric & Persuasion,inherited,1870-1890#37
british,1890-1910,56,551,chuan; chieh; pien; kwang; tzu; erh; ch'i; nunyo; ngan; tung,"Word Fragments, ne- Prefix Stems",Structural / Uncertain,inherited,1870-1890#51
british,1890-1910,27,1817,ftihrt; selber; feinem; eigenen; tragt; ausser; kblg; finben; oben; sichtbar,German and Dutch Text,Structural / Uncertain,inherited,1870-1890#19
british,1890-1910,36,1482,saussure; gourgues; soie; bigorre; scends; cisively; liberately; claring; philibert; mocracy,Word Fragments and French Text,Structural / Uncertain,inherited,1870-1890#44
british,1890-1910,78,168,repres; apprehen; confu; intru; confes; persua; delu; omis; condescen; admis,Word Fragments,Structural / Uncertain,inherited,1870-1890#87
british,1890-1910,13,2552,xvd; wyth; sayde; oute; iijd; oure; thys; fyrst; betele; clerke,Scots Dialect and Middle English,Structural / Uncertain,inherited,1870-1890#6
british,1890-1910,59,458,fidentially; templative; stituency; suls; fidant; ciliate; vulsions; ventionalities; tingencies; trition,Descriptive Poetic Adjectives,"Literature, Drama & Poetic Diction",inherited,1870-1890#65
british,1890-1910,76,229,russe; brasque; mancha; favorita; beauce; goutte; hogue; rochefoucauld; fleche; schweigen,"Word Fragments, un- Prefix Stems",Structural / Uncertain,inherited,1870-1890#68
british,1890-1910,57,547,prescrip; diges; adop; circula; conflagra; commemora; classifica; ordina; mortifica; abomina,"Word Fragments, -tion Suffix Stems",Structural / Uncertain,inherited,1870-1890#60
british,1890-1910,95,40,wayman; landers; waymen; rockton; falutin; ness's; mettled; flyers; bickington; ughthouse,"Word Fragments, ar-/par- Prefix Stems",Structural / Uncertain,inherited,1870-1890#83
british,1890-1910,66,314,phesied; phecy; empto; tectorate; posals; mier; fusely; rogative; pensity; cipitate,"Word Fragments, pro- Prefix Stems",Structural / Uncertain,inherited,1870-1890#82
british,1890-1910,72,250,cognized; joicing; spectability; laxed; flecting; sponsibilities; fusal; freshment; miniscences; moval,Body Parts and Physical Description,"Medicine, Body & Health",inherited,1870-1890#72
british,1890-1910,80,125,traught; cernible; sipated; cussions; placement; dainful; creetly; persed; sensions; pensing,Latin Text and Word Fragments,Structural / Uncertain,inherited,1870-1890#88
british,1890-1910,75,231,asperated; hibiting; isted; planations; tremities; pedient; cavated; periment; pediency; pansion,Civil Administration and Public Wealth,"Government, Law & Administration",inherited,1870-1890#79
british,1890-1910,82,108,tertained; thusiastically; vironment; deavours; tertainment; bloc; countering; tertain; deavor; larged,"Word Fragments, en- Prefix Stems",Structural / Uncertain,inherited,1870-1890#85
british,1890-1910,92,50,dontegnetty; bottome; dlofse; iging; meabow; jotyn; calleb; clofse; aforesaib; jtortty,Contracted Verb Forms,Structural / Uncertain,inherited,1870-1890#30
british,1890-1910,94,46,plauded; pliances; pearances; preciated; plause; propriated; preciation; pearing; proval; preciate,"Word Fragments, po- Prefix Stems",Structural / Uncertain,inherited,1870-1890#80
british,1890-1910,91,52,impli; communi; edu; confis; publi; vindi; suffo; cations; qualifi; appli,"Word Fragments, -cate Suffix Stems",Structural / Uncertain,inherited,1870-1890#74
british,1890-1910,90,54,ministrative; nauseam; absurdum; visable; mirable; journed; libitum; vincula; vancement; miringly,"Word Fragments, ad- Prefix Stems",Structural / Uncertain,inherited,1870-1890#96
british,1890-1910,97,8,bour; bours; bour's; bourly; bouring; bourhood; bors; borhood,Word Fragments,Structural / Uncertain,inherited,1870-1890#90
british,1890-1910,85,98,nerv; boister; contemptu; dubi; seri; mysteri; conspicu; anxi; mischiev; imperi,"Word Fragments, -ous Adjective Stems",Structural / Uncertain,inherited,1870-1890#95
british,1890-1910,88,62,derstood; deniable; ceasingly; flinchingly; earthed; dulating; questionably; mistakably; alterable; precedented,"Word Fragments, se-/di- Prefix Stems",Structural / Uncertain,inherited,1870-1890#20
british,1890-1910,93,48,rupting; polated; locutor; mittent; preters; ruptions; loper; pretation; minable; spersed,Garbled OCR Noise,Structural / Uncertain,inherited,1870-1890#69
british,1890-1910,0,6252,gadair; capitales; entreprises; binic; chiamdo; supplices; gymydogaeth; dickerson; bucknill; paradoxe,Miscellaneous Latin and Proper Names,Structural / Uncertain,inherited,1870-1890#0
british,1890-1910,96,31,ployers; peror's; peror; barrassment; bodiment; bellished; barrassing; ployment; ployer; pire,Evaluative Adjectives of Fitness,Structural / Uncertain,inherited,1870-1890#99
